100-6.4	100-6.4	100-6.4	100-6.4	100-6.4	100-6.4	100-6.4	100-6.4	100-5	100-5	100-5	100-5	100-5	100-5	100-5	100-5	100-4	100-4	100-4	100-4	100-4	100-4	100-4	100-4	100-3.2	100-3.2	100-3.2	100-3.2	100-3.2	100-3.2	100-3.2	100-3.2	100-2.5	100-2.5	100-2.5	100-2.5	100-2.5	100-2.5	100-2.5	100-2.5	100-2	100-2	100-2	100-2	100-2	100-2	100-2	100-2	100-1.6	100-1.6	100-1.6	100-1.6	100-1.6	100-1.6	100-1.6	100-1.6	100-1.25	100-1.25	100-1.25	100-1.25	100-1.25	100-1.25	100-1.25	100-1.25
Ab42-100rpm-240314_amfit: 6.4 X	Ab42-100rpm-240314_amfit: 6.4 Y	Ab42-100rpm-240314_amfit: F X	Ab42-100rpm-240314_amfit: F Y	Ab42-100rpm-240314_amfit: G X	Ab42-100rpm-240314_amfit: G Y	Ab42-100rpm-240314_amfit: H X	Ab42-100rpm-240314_amfit: H Y	Ab42-100rpm-240314_amfit: 5 X	Ab42-100rpm-240314_amfit: 5 Y	Ab42-100rpm-240314_amfit: J X	Ab42-100rpm-240314_amfit: J Y	Ab42-100rpm-240314_amfit: K X	Ab42-100rpm-240314_amfit: K Y	Ab42-100rpm-240314_amfit: L X	Ab42-100rpm-240314_amfit: L Y	Ab42-100rpm-240314_amfit: 4 X	Ab42-100rpm-240314_amfit: 4 Y	Ab42-100rpm-240314_amfit: N X	Ab42-100rpm-240314_amfit: N Y	Ab42-100rpm-240314_amfit: O X	Ab42-100rpm-240314_amfit: O Y	Ab42-100rpm-240314_amfit: P X	Ab42-100rpm-240314_amfit: P Y	Ab42-100rpm-240314_amfit: 3.2 X	Ab42-100rpm-240314_amfit: 3.2 Y	Ab42-100rpm-240314_amfit: R X	Ab42-100rpm-240314_amfit: R Y	Ab42-100rpm-240314_amfit: S X	Ab42-100rpm-240314_amfit: S Y	Ab42-100rpm-240314_amfit: T X	Ab42-100rpm-240314_amfit: T Y	Ab42-100rpm-240314_amfit: 2.5 X	Ab42-100rpm-240314_amfit: 2.5 Y	Ab42-100rpm-240314_amfit: V X	Ab42-100rpm-240314_amfit: V Y	Ab42-100rpm-240314_amfit: W X	Ab42-100rpm-240314_amfit: W Y	Ab42-100rpm-240314_amfit: X X	Ab42-100rpm-240314_amfit: X Y	Ab42-100rpm-240314_amfit: 2 X	Ab42-100rpm-240314_amfit: 2 Y	Ab42-100rpm-240314_amfit: Z X	Ab42-100rpm-240314_amfit: Z Y	Ab42-100rpm-240314_amfit: AA X	Ab42-100rpm-240314_amfit: AA Y	Ab42-100rpm-240314_amfit: AB X	Ab42-100rpm-240314_amfit: AB Y	Ab42-100rpm-240314_amfit: 1.6 X	Ab42-100rpm-240314_amfit: 1.6 Y	Ab42-100rpm-240314_amfit: AD X	Ab42-100rpm-240314_amfit: AD Y	Ab42-100rpm-240314_amfit: AE X	Ab42-100rpm-240314_amfit: AE Y	Ab42-100rpm-240314_amfit: AF X	Ab42-100rpm-240314_amfit: AF Y	Ab42-100rpm-240314_amfit: 1.25 X	Ab42-100rpm-240314_amfit: 1.25 Y	Ab42-100rpm-240314_amfit: AH X	Ab42-100rpm-240314_amfit: AH Y	Ab42-100rpm-240314_amfit: AI X	Ab42-100rpm-240314_amfit: AI Y	Ab42-100rpm-240314_amfit: AJ X	Ab42-100rpm-240314_amfit: AJ Y
0.0	0.004906906906906907	0.0	0.0062446570841106054	0.0	0.00401823661231744	0.0	0.00632779317009275	0.0	0.00803463937128302	0.0	0.006922541931518592	0.0	0.0098874036337406	0.0	0.00729497657508536	0.09389	0.0007472572263170408	0.09389	0.00534110472713696	0.09389	0.0008071490343038339	0.09389	0.0019943373895758157	0.09389	0.00498019036674779	0.09389	0.0039575405836763675	0.09389	0.005175834726634865	0.09389	0.004226253521517071	0.09389	0.010175829996228219	0.09389	0.013738833300770288	0.18778	0.0070378701685209375	0.18778	0.003998184824089863	0.18778	-0.008433625091174325	0.18778	0.0017149635332059814	0.0	0.01830655587189982	0.18778	-0.0008833387530212616	0.18778	0.004315826972058698	0.18778	0.0004726823372115794	0.18778	0.0032230887015130445	0.18778	-0.0009588298308491927	0.18778	-0.0031275209099315654	0.18778	0.010528992237357693	0.18778	0.0073976747889791085	0.18778	0.007993313208037135
0.09389	-0.004906906906906907	0.09389	-0.0062446570841106054	0.09389	-0.00401823661231744	0.09389	-0.00632779317009275	0.09389	-0.003211272263184808	0.09389	-0.0017953321364452424	0.09389	-0.0035869663225282797	0.09389	-0.002938090241343116	0.18778	4.5288316746487326e-05	0.18778	-0.0022712658936757174	0.18778	-0.0007110598635533776	0.18778	-0.0003694428279050422	0.18778	-6.996961672291801e-05	0.18778	0.0014143066560964228	0.18778	-0.005231581082431295	0.18778	-0.002827606095851099	0.18778	0.0017895978621127035	0.18778	0.0014133746814710736	0.28167	0.014029419513226034	0.28167	0.0015393011572745975	0.28167	-0.020970094821298323	0.28167	9.527575184477674e-05	0.09389	-0.0069936272929531805	0.28167	-0.003987341861247503	0.28167	-0.012308452392136533	0.28167	0.0013167579393751142	0.28167	0.006501272936385303	0.28167	-0.003008741883009536	0.28167	-0.006064601009738643	0.28167	0.004434657512329694	0.28167	0.000867972607103013	0.28167	0.0007709286850391146
0.18778	-0.0038738738738738738	0.18778	-0.00627008062440215	0.18778	-0.008565501417676674	0.18778	-0.00599390656953991	0.18778	-0.0048233671080981835	0.18778	-0.00512720979507335	0.18778	-0.0063004373112122885	0.18778	-0.004356886333742212	0.28167	-0.0007925455430635281	0.28167	-0.0030698388334612432	0.28167	-9.608917075045643e-05	0.28167	-0.001624894561670809	0.28167	-0.004910220750024916	0.28167	-0.005371847239772836	0.28167	5.574635579638328e-05	0.28167	-0.0013986474256660188	0.28167	-0.003888162171271724	0.28167	-0.0038867803740454524	0.37556	0.006186725030904665	0.37556	-0.0034184480245968334	0.37556	0.008046134208606856	0.37556	-0.016601799758952346	0.18778	-0.008430084578869743	0.37556	-0.00893896586722746	0.37556	-0.008135691507549376	0.37556	0.004355430107163839	0.37556	-0.0002157908389902074	0.37556	-0.02168939203576105	0.37556	-0.004415008076970285	0.37556	0.0034786834378154985	0.37556	-0.013664596273291956	0.37556	-8.115038789885416e-05
0.28167	0.01613813813813814	0.28167	-0.0060222011065595915	0.28167	-0.00605113146647804	0.28167	-0.0044272079054073574	0.28167	-0.0011961537070430883	0.28167	-0.003315703495236709	0.28167	-0.010019836797258905	0.28167	0.00013892378404742217	0.37556	-0.006532839690680797	0.37556	-0.003474310841924042	0.37556	-0.0019986547516094937	0.37556	-0.001987798578462476	0.37556	0.0076349199424108755	0.37556	-0.0037854736017774253	0.37556	-0.00042024175908056096	0.37556	0.0005239515124011804	0.37556	-0.005994751582951458	0.37556	-0.0038244256086864344	0.46944	-0.004837631037268008	0.46944	-0.00909587047480444	0.46944	-0.006678519328956966	0.46944	-0.009170291115059761	0.28167	-0.011117649823487827	0.46944	0.005201492736914307	0.46944	-0.010939786821991945	0.46944	0.0077654955399045185	0.46944	-0.007414940531258697	0.46944	-0.00443045508047558	0.46944	0.006609100790798749	0.46944	-0.007395521659783482	0.46944	-0.00940436375218987	0.46944	-0.014891096179439739
0.37556	0.08744144144144145	0.37556	0.012136562546676031	0.37556	0.027705622559188743	0.37556	0.013461408808827449	0.37556	0.010204767047127949	0.37556	-0.0022482087114044026	0.37556	-0.0034686217934267963	0.37556	0.005494879032854008	0.46944	-0.0004981714842113606	0.46944	-0.002457945282197009	0.46944	0.004468146439896224	0.46944	0.0005132966723990126	0.46944	0.011289803451230752	0.46944	-0.003533668262413074	0.46944	-0.0022727360440070467	0.46944	0.005720164858528746	0.46944	-0.002082514104117666	0.46944	-0.007441001999509475	0.56333	-0.00880964167947728	0.56333	-0.0017192194743586413	0.56333	0.006792487235594457	0.56333	0.011075806151955296	0.37556	0.000350839797942791	0.56333	0.006334700220869919	0.56333	0.016099703710132827	0.56333	0.0037476956736060938	0.56333	0.008140365053821432	0.56333	-0.0049925277399389	0.56333	-0.005139219608429564	0.56333	0.002721870628825093	0.56333	0.007556935817805355	0.56333	0.0006492031031908333
0.46944	0.32694294294294296	0.46944	0.11697688682393245	0.46944	0.16856978119631702	0.46944	0.11807707001666222	0.46944	0.055591437296227605	0.46944	0.01775114432205994	0.46944	0.02379288580316488	0.46944	0.023433782126125072	0.56333	0.027614551136170645	0.56333	0.014633589844641264	0.56333	0.03591813202652061	0.56333	0.030212576749295433	0.56333	0.011437974404291017	0.56333	0.012229345981795299	0.56333	0.015866270495898126	0.56333	0.01439784114656178	0.56333	-0.0052123040871847005	0.56333	-0.005092305837653133	0.65722	-0.011464403894423273	0.65722	0.004857794561269184	0.65722	0.001686725018234865	0.65722	0.01946007231429565	0.46944	0.004104163674047357	0.65722	-0.001770196783943045	0.65722	0.0025131942699170473	0.65722	-0.0017894402765866934	0.65722	-0.011335905988654929	0.65722	-0.010315686456032694	0.65722	0.003350148899231991	0.65722	-0.00831166348119292	0.65722	-0.005303392259914029	0.65722	-0.013511539585159217
0.56333	0.6943063063063063	0.56333	0.3636297188474238	0.56333	0.42879815493987505	0.56333	0.3860146460641512	0.56333	0.1659656809808977	0.56333	0.07885713361476378	0.56333	0.09763987196249042	0.56333	0.09608500953253625	0.65722	0.07859787371352875	0.65722	0.056460143950550705	0.65722	0.10955126357259537	0.65722	0.07728220854884164	0.65722	0.05737096985297325	0.65722	0.0389207119544165	0.65722	0.05044616381452586	0.65722	0.058422758721627575	0.65722	0.004157003105714691	0.65722	-0.00823082902739037	0.75111	-0.0021423381014831454	0.75111	0.003838257431126269	0.75111	0.019556892778993435	0.75111	-0.006574026877289595	0.56333	0.0037798023514210364	0.75111	0.004043650307655312	0.75111	0.008455205769569159	0.75111	-0.01586862132067445	0.75111	0.001101910667183936	0.75111	0.04539563302606695	0.75111	0.012443027016442945	0.75111	-0.004368270423821861	0.75111	0.034631310718267215	0.75111	0.0028402635764598954
0.65722	0.9719039039039039	0.65722	0.7092881726512621	0.65722	0.7600233010170419	0.65722	0.7495144197275614	0.65722	0.33808780749934125	0.65722	0.2141216620570301	0.65722	0.25398990126685	0.65722	0.2675819872012769	0.75111	0.18756156380557726	0.75111	0.13434693327248967	0.75111	0.22163928125300278	0.75111	0.17785566228348362	0.75111	0.10626738436286078	0.75111	0.08879075941552622	0.75111	0.11942584684074681	0.75111	0.12099815794236879	0.75111	0.0030936770217239676	0.75111	-0.004884456619789739	0.845	-0.0003589863845728602	0.845	0.008076333344661525	0.845	-0.0014359956236323851	0.845	-0.0066931215670955665	0.65722	0.010406040799358727	0.845	-0.0029280392132020397	0.845	0.029018571408814666	0.845	0.006144870383750532	0.845	0.005633518285977941	0.845	0.009918929284646822	0.845	-0.0026044792483220854	0.845	0.003837173715758322	0.845	0.00871157827679564	0.845	0.011442204693738437
0.75111	0.97796996996997	0.75111	0.8829945116932396	0.75111	0.9284801436103499	0.75111	0.931418408067214	0.75111	0.5749339919498597	0.75111	0.4395490643246478	0.75111	0.4894955141788017	0.75111	0.47040775608530516	0.845	0.35896652061184514	0.845	0.2797494347762959	0.845	0.4051407706351494	0.845	0.3318250475698508	0.845	0.1846621661111628	0.845	0.16882708653248518	0.845	0.22706348352116282	0.845	0.2175178208466883	0.845	-0.0006580584066961311	0.845	0.00016627937429071452	0.9389	-0.002020745938966535	0.9389	0.02870696703696522	0.9389	0.03350656455142232	0.9389	0.003882486887674652	0.75111	0.022198891743415664	0.9389	0.01064581564896192	0.9389	-0.005331596193106807	0.9389	-0.00438919313125038	0.9389	-0.00011937365561161156	0.9389	0.04159337680028567	0.9389	-0.004777113842699924	0.9389	-0.013051701600659141	0.9389	0.007994903647077532	0.9389	0.0006086279092414062
0.845	0.9784504504504504	0.845	0.9281848545614598	0.845	0.9864949207349331	0.845	0.9883717570461309	0.845	0.822444803835959	0.845	0.707910783314733	0.845	0.7115774762183851	0.845	0.7872249235180232	0.9389	0.5776298359430726	0.9389	0.4492024641679285	0.9389	0.6011050254636302	0.9389	0.5470467459606494	0.9389	0.2896659815132041	0.9389	0.3034925820245401	0.9389	0.3713136114161676	0.9389	0.37152059389254405	0.9389	0.010938214735693265	0.9389	0.017833462892679133	1.0328	-0.006783105637533774	1.0328	0.06293142913117446	1.0328	0.03635576221735959	1.0328	0.01564904224050458	0.845	0.026763118926086033	1.0328	0.025377512940384876	1.0328	0.014564127704604754	1.0328	-0.0031061982159618076	1.0328	0.015532349112847114	1.0328	-0.005257032520862815	1.0328	-0.01600239258031876	1.0328	0.00495247680269155	1.0328	0.00043000477783083587	1.0328	-0.013836141136754635
0.9389	1.0316036036036036	0.9389	1.002675827615685	0.9389	0.9762115637241208	0.9389	1.0037176988792327	0.9389	0.9413367986483204	0.9389	0.880003881799214	0.9389	0.8864737838690772	0.9389	0.9541994886422417	1.0328	0.8062226147209673	1.0328	0.6776358092551492	1.0328	0.8044969731911213	1.0328	0.7473697632296495	1.0328	0.46660679462600413	1.0328	0.4655167276385317	1.0328	0.5441873489220156	1.0328	0.536981017366611	1.0328	0.021431036281488514	1.0328	0.03446140032175059	1.1267	0.03528778259321341	1.1267	0.13247985414621763	1.1267	0.05443107221006564	1.1267	0.0323461177513017	0.9389	0.0428190043960889	1.1267	0.047499693822822694	1.1267	-0.006199530457100935	1.1267	0.03264884429168552	1.1267	0.046675099344133573	1.1267	0.012464787801039505	1.1267	0.007011440530498349	1.1267	0.003160025412977433	1.1267	-0.0026357700270744043	1.1267	-0.0008926542668873958
1.0328	0.9415135135135135	1.0328	1.0291163095188913	1.0328	0.994519505685567	1.0328	0.9800888009939547	1.0328	0.9924898081503795	1.0328	0.9912012551150792	1.0328	1.0136941526531715	1.0328	0.9942804782525162	1.1267	0.9573044393872491	1.1267	0.8509468793428886	1.1267	0.9333525511674834	1.1267	0.8885590421949481	1.1267	0.648400206451528	1.1267	0.6434423804333821	1.1267	0.7541881593882652	1.1267	0.739100725997608	1.1267	0.05730324454894914	1.1267	0.10080687066374569	1.2206	0.04552178960502812	1.2206	0.21602192604557532	1.2206	0.04647611232676878	1.2206	0.07064696999290196	1.0328	0.06065887714053653	1.2206	0.0840086827624361	1.2206	0.010458130994170993	1.2206	0.01829955905490543	1.2206	0.01649652094663307	1.2206	-0.022945789745149645	1.2206	-0.0005525465758541268	1.2206	-0.007236192647364449	1.2206	-0.016172957477305336	1.2206	0.017325607816405363
1.1267	1.0704624624624626	1.1267	1.060323705226762	1.1267	0.9929145886954402	1.1267	1.0281171043042479	1.1267	1.005510574205449	1.1267	1.0178077538939299	1.1267	1.0337281907939226	1.1267	1.0409233997901364	1.2206	0.9990829115858836	1.2206	0.9571467092572234	1.2206	0.9750552512731815	1.2206	0.9470160135484166	1.2206	0.804992208677385	1.2206	0.7958601523506238	1.2206	0.9026192639679999	1.2206	0.8645243256397621	1.2206	0.11155293758877773	1.2206	0.14509953899043476	1.3144	0.09746190836004018	1.3144	0.3246526077160969	1.3144	0.13929157549234136	1.3144	0.10589899817546934	1.1267	0.09923470586716679	1.3144	0.14579312558332033	1.3144	0.013328990482766957	1.3144	-0.012829949152885727	1.3144	0.01964614893700054	1.3144	0.015275151098356103	1.3144	-0.0005525465758541268	1.3144	0.003319354425396466	1.3144	-0.005223761745500905	1.3144	0.01278118609406953
		1.2206	1.0924209248448369	1.2206	1.0017119114561353	1.2206	1.0200909840986507	1.2206	1.0076031973214423	1.2206	1.0190208161482848	1.2206	1.0529169108696632	1.2206	0.9768115513648523	1.3144	1.050032267925682	1.3144	1.0034017133019435	1.3144	1.0012875948880562	1.3144	0.9938012070645316	1.3144	0.890449805854893	1.3144	0.9071581123496669	1.3144	0.9581554988848585	1.3144	0.9226569624495642	1.3144	0.1855644455857924	1.3144	0.24615582871561653	1.4083	0.1813402351360819	1.4083	0.47658363103151175	1.4083	0.19449762946754193	1.4083	0.1679711505023414	1.2206	0.14392706239189337	1.4083	0.21925453247800805	1.4083	0.029252246018351545	1.4083	0.010263959322308582	1.4083	0.07765715426978904	1.4083	0.04000634811474218	1.4083	0.00025213290354507276	1.4083	0.0032396899191869492	1.4083	-0.009245102723363624	1.4083	0.01623007757977083
		1.3144	1.0382687840238474	1.3144	0.9745472053639892	1.3144	0.9770709797966503	1.3144	0.9873745072001736	1.3144	1.0140876963139083	1.3144	1.0038039312925477	1.3144	0.9936597549620916	1.4083	1.0330491491457492	1.4083	1.0203065690402606	1.4083	1.0360718746997213	1.4083	1.034407224078518	1.4083	0.9536817600733611	1.4083	0.9701723985255958	1.4083	1.0233015479047733	1.4083	1.0157081529453436	1.4083	0.27725124188461514	1.4083	0.36105487635050026	1.5022	0.26811650845210283	1.5022	0.6017867887978858	1.5022	0.2360503282275711	1.5022	0.21320331369064915	1.3144	0.2145683247267256	1.5022	0.29175517650586386	1.5022	0.0298197414986554	1.5022	0.016611407850578363	1.5022	0.05731312857690531	1.5022	0.004265139592398133	1.5022	0.013569578287601825	1.5022	0.0006904257204824266	1.5022	-0.005940436375219014	1.5022	-0.027428831109812705
		1.4083	1.0480568470360918	1.4083	1.0581217715905917	1.4083	1.0576532266608452	1.4083	1.0118659481132806	1.4083	1.0453847024762644	1.4083	1.0136941526531715	1.4083	1.0954583745917266	1.5022	1.0585238273156483	1.5022	1.0445748895480285	1.5022	1.0162775055251274	1.5022	1.0407825649140474	1.5022	0.9734255395686414	1.5022	0.9877987722811002	1.5022	1.0172552123914715	1.5022	1.00761505065875	1.5022	0.41090932436661887	1.5022	0.5218678162114075	1.5961	0.3654915652674883	1.5961	0.724151235339156	1.5961	0.33166940189642596	1.5961	0.29583120947803176	1.4083	0.297535317321358	1.5961	0.4103970730869557	1.5961	0.06306830022704586	1.5961	0.007360339250866022	1.5961	0.07450752627942157	1.5961	0.04450292939044874	1.5961	0.008580565515326788	1.5961	0.0011285805046347664	1.5961	-0.007771938206720845	1.5961	-0.0036923426493978644
		1.5022	0.8194992198151073	1.5022	0.9909530234852852	1.5022	0.9994156984490326	1.5022	1.0165162217043768	1.5022	1.037459362414479	1.5022	1.0295861322753708	1.5022	1.0237204971697973	1.5961	1.0175379006600773	1.5961	1.0147061873846217	1.5961	1.019160180647641	1.5961	1.0322494164111082	1.5961	1.0182472528693718	1.5961	1.0173229483215704	1.5961	0.9945492928574767	1.5961	1.0009119354422453	1.5961	0.522819379017567	1.5961	0.6390324203210023	1.69	0.4934673163162207	1.69	0.8442367165306951	1.69	0.46642505470459517	1.69	0.3961089382946593	1.5022	0.3927353655121831	1.69	0.5268710944813499	1.69	0.045142119466859434	1.69	0.025727424353944536	1.69	0.10732150768927036	1.69	0.055446814701175726	1.69	-0.009122383031455602	1.69	-0.005802231535593155	1.69	-0.023857302118171716	1.69	-0.005071899243678385
		1.5961	0.9517016293311384	1.5961	1.0100337032567928	1.5961	1.0088544158108148	1.5961	0.9993877139771723	1.5961	1.0188590745143709	1.5961	1.0178362111717236	1.5961	0.9461300858667219	1.69	1.0042910680117296	1.69	1.0158470058700297	1.69	1.0190640914768905	1.69	1.0124368187376172	1.69	1.0115795599816597	1.69	1.0214777364210823	1.69	1.0137817856072344	1.69	1.0033671462482907	1.69	0.6595470632137326	1.69	0.741127956135501	1.7839	0.6366826184003683	1.7839	0.9093271654668781	1.7839	0.5447893873085339	1.7839	0.4963866671112868	1.5961	0.4940287728352026	1.7839	0.6335404076449977	1.7839	0.09932124679233907	1.7839	0.04929401516635042	1.7839	0.13688944392537308	1.7839	0.12094481107746023	1.7839	-0.01282390863669192	1.7839	-0.006598876597688318	1.7839	0.0040133779264213765	1.7839	0.009940922517609635
		1.69	1.038332342874576	1.69	0.9436376929615474	1.69	1.002690355492916	1.69	0.9262234094772576	1.69	1.0210425865722095	1.69	1.0145394707181823	1.69	1.0155624196385027	1.7839	1.0061026006815892	1.7839	1.0192694613262534	1.7839	0.9765926780051888	1.7839	1.0073365460691937	1.7839	1.0468936371276896	1.7839	1.0352011274164394	1.7839	1.0362947369865494	1.7839	1.0154223612113065	1.7839	0.7698922228731473	1.7839	0.8884306968352877	1.8778	0.7471693634071281	1.8778	0.969519837993551	1.8778	0.6694930707512764	1.8778	0.6308207529642668	1.69	0.6164983407925405	1.8778	0.7355290812010028	1.8778	0.10139093619109431	1.8778	0.07694593189322782	1.8778	0.17982722958997444	1.8778	0.12964040575033395	1.8778	-0.00035137670600432686	1.8778	-0.002296993262374436	1.8778	-0.019198917025004012	1.8778	-0.007871587626188854
		1.7839	1.0376331955165587	1.7839	0.9993342566559474	1.7839	1.0840431098968484	1.7839	1.0265143099252338	1.7839	0.9679913306484222	1.7839	0.9994082773544926	1.7839	1.0371103852918138	1.8778	0.9525491661288679	1.8778	1.0055796395013585	1.8778	0.9870663976169886	1.8778	0.9881124413959054	1.8778	1.0029362543864777	1.8778	1.017700656330617	1.8778	1.020985930048615	1.8778	1.0281011217758578	1.8778	0.8595125552728937	1.8778	0.9408086997368629	1.9717	0.8435108868411224	1.9717	0.976996443614599	1.9717	0.7456692195477753	1.9717	0.7423886583745004	1.7839	0.7204329760283743	1.9717	0.8304967953455437	1.9717	0.1708256773106246	1.9717	0.10895327872726905	1.9717	0.2570252544151035	1.9717	0.17675531985240636	1.9717	-0.017611751539117156	1.9717	-0.0023368255154791943	1.9717	0.004132823698041061	1.9717	-0.008399065147531406
		1.8778	1.0477390527824475	1.8778	0.9696135716535995	1.8778	1.0086617889258804	1.8778	0.9762138505815425	1.8778	0.9765636372458635	1.8778	0.977260944051215	1.8778	0.9980934927508387	1.9717	0.928772799836962	1.9717	0.9793408143369771	1.9717	1.005899875084078	1.9717	0.967122857722009	1.9717	0.9714499268611713	1.9717	0.981125930787945	1.9717	0.9747250311000343	1.9717	0.9358553443487282	1.9717	0.9518212970170695	1.9717	0.9658753154111881	2.0656	0.9158987542593445	2.0656	1.009341758841486	2.0656	0.8512946754194018	2.0656	0.826969707074701	1.8778	0.8239737439438761	2.0656	0.8649857187702797	2.0656	0.24666977914888075	2.0656	0.1565591426892924	2.0656	0.32567428898066375	2.0656	0.28936823033076325	2.0656	0.019323036565306102	2.0656	0.002283715844672753	2.0656	-0.023021181716833924	2.0656	0.007749862044340573
		1.9717	0.910706170611023	1.9717	1.001949676936154	1.9717	0.817768545955959	1.9717	1.0063631243638167	1.9717	0.9100069548902583	1.9717	0.9355867634461927	1.9717	0.8782052229431152	2.0656	0.950058308707811	2.0656	0.988156229906038	2.0656	0.9817814932257135	2.0656	0.988014359229205	2.0656	1.0281253164067228	2.0656	1.018330169679028	2.0656	1.0334645373845783	2.0656	1.0290104591114302	2.0656	0.982697878965404	2.0656	1.0368973931551095	2.1594	0.9385554272082729	2.1594	0.9771763619316831	2.1594	0.8846872720641867	2.1594	0.8378787806609279	1.9717	0.8786749641382149	2.1594	0.89164072958854	2.1594	0.29036693113227746	2.1594	0.20845291071030653	2.1594	0.42771580805634435	2.1594	0.34028540065861695	2.1594	-0.004777113842699924	2.1594	-0.0035716253617266974	2.1594	-0.016571110049370952	2.1594	4.057519394942708e-05
		2.0656	1.0156418331643726	2.0656	1.0500971866399578	2.0656	1.023750894912403	2.0656	1.0419377173357032	2.0656	0.9895838387759394	2.0656	1.0149621297506874	2.0656	0.9847922793845972			2.1594	0.9671029433116923	2.1594	0.9974440280580379	2.1594	0.9849738120614909	2.1594	0.9966389888814163	2.1594	1.0169452403125239	2.1594	0.9899695153197419	2.1594	0.9985476583697573	2.1594	0.98909789822565	2.1594	0.9978633100403642	2.2533	0.9657312755307353	2.2533	0.969120019511142	2.2533	0.9333515681983954	2.2533	0.9015229828932387	2.0656	0.9336310396574743	2.2533	0.9484489134581409	2.2533	0.37589183822277583	2.2533	0.2786800008103126	2.2533	0.5073885405881907	2.2533	0.37887003557589305	2.2533	-0.0006330145237940468	2.2533	0.004434657512329694	2.2533	0.006840261188087247	2.2533	0.003854643425195573
												2.1594	0.9933219872864163	2.1594	1.0272674874007952			2.2533	0.9451162597747402	2.2533	0.9606418756606131	2.2533	0.9445639593809053	2.2533	0.9455447052344682	2.2533	0.9706130578694834	2.2533	0.9496520355353001	2.2533	0.9957546936962137	2.2533	1.014978853854858	2.2533	0.9973852568392785	2.3472	0.9827947090038996	2.3472	0.9667410995408086	2.3472	0.9323030634573304	2.3472	0.9535197244625256	2.1594	0.933885894982395	2.3472	0.9332984220965604	2.3472	0.4693950641246048	2.3472	0.3870255451040239	2.3472	0.6246639746376895	2.3472	0.47167815058257184	2.3472	0.0019017258363134319	2.3472	0.006067779889624779	2.3472	0.0054069119286510306	2.3472	0.03274418151718765
																								2.3472	0.9689804109768335	2.3472	0.9853310799553296	2.3472	0.9729239949896891	2.3472	0.9891425122132664	2.3472	1.0649752425587238	2.3472	1.0112072298271941	2.4411	0.9904347498820266	2.4411	0.9756970335467698	2.4411	0.9672684172137126	2.4411	0.9610703277962241	2.2533	0.9737360003336286	2.4411	0.9562335561740098	2.4411	0.5312520714777248	2.4411	0.45971733596234754	2.4411	0.6826428409093518	2.4411	0.6012524301376748	2.4411	-0.006306004853558403	2.4411	0.015547856128557223	2.4411	0.031605351170568535	2.4411	0.04402408543512838
																								2.4411	1.0096039472741896	2.4411	0.9602512681546403	2.4411	0.9720620705654525	2.4411	0.9782174736530332	2.4411	1.0313701257533565	2.4411	0.980757319410207	2.535	0.995764539672338	2.535	0.9472899303716114	2.535	0.9677014952589351	2.535	0.9568067379011704	2.3472	0.9604603547718514	2.535	0.9803511676260217	2.535	0.5649345973381124	2.535	0.5444287633954799	2.535	0.7558877612159585	2.535	0.6523679790512215	2.535	-0.008679809317786042	2.535	-0.011498243729573573	2.535	0.023642299729256227	2.535	0.03314993345668193
																										2.535	0.9976821318511511	2.535	1.0023066126756064	2.535	0.9917146378195996	2.535	0.9904220401415629	2.535	0.9398318084129049	2.6289	0.9775054499344271	2.6289	0.9810745921351707	2.6289	1.006724106491612	2.6289	0.9917491198902423	2.4411	0.963240594680077	2.6289	0.9746604952609402	2.6289	0.6748618100816763	2.6289	0.6276883807928909	2.6289	0.8072138418344976	2.6289	0.7063930805549311	2.6289	-0.007150918306927563	2.6289	-0.008789650518450017	2.6289	0.03283962414397194	2.6289	0.07518583438828838
																										2.6289	1.0168193376428418	2.6289	1.0476155353944334	2.6289	1.0382337378008066	2.6289	0.9831191968477399	2.6289	0.9941220241188232	2.7228	1.0235078180865447	2.7228	1.0389882993121125	2.7228	1.0231810722100656	2.7228	1.0272155185144605	2.535	0.9906954637738048	2.7228	0.9958219132765461	2.7228	0.7918326431984236	2.7228	0.7434280273615548	2.7228	0.8822906886252976	2.7228	0.845423406028064	2.7228	0.014615661610820785	2.7228	0.012002785602233746	2.7228	0.048964803312629375	2.7228	0.1003830298308826
																																2.7228	1.038291776677447	2.7228	1.0620263635947937	2.8167	1.0255140887680687	2.8167	1.0492836252341438	2.8167	1.0545678336980306	2.8167	1.0086605658426901	2.6289	0.979064793491061	2.8167	1.0428992937513109	2.8167	0.8211421156517638	2.8167	0.8098398957397817	2.8167	0.9131763263675744	2.8167	0.8887691270019706	2.8167	0.0251569627909503	2.8167	0.017300475265166582	2.8167	0.04808886765408502	2.8167	0.13953809199207973
																																2.8167	1.016242807501866	2.8167	1.034673406523971	2.9106	0.9982977097247675	2.9106	0.9290382166496411	2.9106	1.0401167031363967	2.9106	0.981411700815084	2.7228	1.0209074041098565	2.9106	0.9933830536915113	2.9106	0.8756884459350871	2.9106	0.8259448582290619	2.9106	0.8831584432757049	2.9106	0.8653935169878196	2.9106	0.02704795956753842	2.9106	0.014472385294728753	2.9106	0.07185857620640228	2.9106	0.16238192618560718
																																2.9106	0.9736295131170302	2.9106	0.9619677501153563	3.0044	0.9639681891742444	3.0044	0.9868519692059805	3.0044	1.0030315463165573	3.0044	1.020046018188141	2.8167	1.0455820332953587	3.0044	0.9968565809792882	3.0044	0.9173159085197286	3.0044	0.8730780398538737	3.0044	0.940140998652455	3.0044	0.9801555288111834	3.0044	0.03811230240927741	3.0044	0.029011157677965485	3.0044	0.10637840420449114	3.0044	0.19200181776868894
																																3.0044	0.9680320041088526	3.0044	0.9963044409063888	3.0983	0.987982641271275	3.0983	1.0013853710415472	3.0983	0.9835202407002188	3.0983	0.9940595568724782	2.9106	0.9955608836131996	3.0983	1.0124012314657227	3.0983	0.9149791624243597	3.0983	0.8904997602825291	3.0983	0.9074234344259849	3.0983	0.9963233835451577	3.0983	0.051389513819364206	3.0983	0.04354993006120222	3.0983	0.1279582736104475	3.0983	0.2614665498101081
																																3.0983	0.9760169811169339	3.0983	0.9905678024933592	3.1922	1.0325664341940322	3.1922	1.043466266315093	3.1922	1.0237737053245806	3.1922	1.0227137392397947	3.0044	1.012682527714689	3.1922	1.016589172167298	3.1922	0.9632162782501873	3.1922	0.928787029596667	3.1922	0.9561783901544282	3.1922	0.9603837964371207	3.1922	0.03517522230947033	3.1922	0.057252225129239026	3.1922	0.14750756489886924	3.1922	0.3002564352257604
																																3.1922	1.0077361988299403	3.1922	1.0133896466147598	3.2861	1.0044583792922757	3.2861	1.0469246961879308	3.2861	0.9913384390955506	3.2861	0.9774577571135258	3.0983	1.0142579969960168	3.2861	0.9786267214547849	3.2861	1.005678293011746	3.2861	0.9477956121573898	3.2861	0.9523538418804105	3.2861	0.9592927142158095	3.2861	0.08760009039232818	3.2861	0.05840736046927701	3.2861	0.20464245899028508	3.2861	0.3586847145129354
																																3.2861	1.0151393559052717	3.2861	1.0263594378094354					3.38	0.9921590080233407	3.38	1.0190456227937708	3.1922	1.0371718075729761	3.38	1.0084103703265748	3.38	0.9144784311182093	3.38	0.9104199444935885	3.38	0.9191541917370474	3.38	0.9693438958909183	3.38	0.0713857988824343	3.38	0.09812011681472091	3.38	0.2708950469820035	3.38	0.4257960853052878
																																								3.4739	0.881587345003647	3.4739	0.9576404007298123	3.2861	0.9988276655053647			3.4739	0.9388139725971215	3.4739	0.9358097386066676	3.4739	0.9391446877575429	3.4739	0.936148545884967	3.4739	0.07951306162436622	3.4739	0.10198384536588245	3.4739	0.2878165312947922	3.4739	0.4712403025286461
																																												3.38	1.0364767475959198			3.5678	0.9525340103856441	3.5678	0.9436765232188318	3.5678	0.9292779959917999	3.5678	0.9081441022046475	3.5678	0.12022984328196572	3.5678	0.12488739090111839	3.5678	0.3826564739608218	3.5678	0.5433424221767781
																																												3.4739	0.9274450058616723			3.6617	0.9778376323897806	3.6617	0.9669392468144588	3.6617	0.9693554052161696	3.6617	0.9958935632761563	3.6617	0.12228177595443368	3.6617	0.1915267503453788	3.6617	0.4372431915910177	3.6617	0.6014055247184081
																																												3.5678	0.9882859225200094			3.7556	1.034687326681396	3.7556	0.9770006279922481	3.7556	0.9740477081405946	3.7556	0.9926533797098384	3.7556	0.13338635277014263	3.7556	0.20076783306568272	3.7556	0.49425863991081387	3.7556	0.6554922582529945
																																												3.6617	0.9437094093247921			3.8494	0.9807084918783766	3.8494	1.0033357867797503	3.8494	1.005479709922017	3.8494	1.0006215862351713	3.8494	0.17136722419778486	3.8494	0.2539040587074301	3.8494	0.5778308647873865	3.8494	0.747029895802902
																																																3.9433	0.9573744130117652	3.9433	0.9715310180902283	3.9433	0.9734049269180707	3.9433	0.9581355057992674	3.9433	0.24266182607255393	3.9433	0.3091115615106249	3.9433	0.6207915273132665	3.9433	0.7766497873859838
																																																4.0372	0.9004245724589197	4.0372	0.9388484107744564	4.0372	0.9460224468385494	4.0372	0.9461997275600758	4.0372	0.2874020051271494	4.0372	0.3677048058277242	4.0372	0.6792005096352923	4.0372	0.7925958386081086
																																																4.1311	0.9883196077318636	4.1311	1.0112025713919146	4.1311	1.0068295504893172	4.1311	1.060994802481055	4.1311	0.34465495008640246	4.1311	0.4335873524629942	4.1311	0.7612199394808091	4.1311	0.8788587009445906
																																																4.225	1.110230989735962	4.225	1.08426575551519	4.225	1.038840055371011	4.225	1.1042743972597306	4.225	0.41888663206097865	4.225	0.5284677793585282	4.225	0.7766284440197484	4.225	0.8742737040283053
																																																4.3189	1.1075270406827493	4.3189	1.1088114740261057	4.3189	1.0775033459058279	4.3189	1.174831047571185	4.3189	0.47565676933259216	4.3189	0.5853084045390181	4.3189	0.8137362637362638	4.3189	0.8820641412665953
																																																4.4128	1.0238047662943928	4.4128	1.0187317257632134	4.4128	1.027334271487832	4.4128	1.0970666419795538	4.4128	0.58835213042245	4.4128	0.6734571806598479	4.4128	0.8383819079471254	4.4128	0.9365160515467265
																																																4.5067	0.9190851591347935	4.5067	0.9297661572951768	4.5067	0.9654665788198996	4.5067	0.9892478806554429	4.5067	0.6180045692383106	4.5067	0.7112579888562633	4.5067	0.8031055900621119	4.5067	0.8589362807154218
																																																		4.6006	1.0134984570297993	4.6006	1.0003374601418251	4.6006	1.0696573340563131	4.6006	0.675861023807113	4.6006	0.786262121452523	4.6006	0.9342172320433191	4.6006	0.9473902035251729
																																																		4.6944	0.943507708098399	4.6944	0.970865941089101	4.6944	0.9030854482694776	4.6944	0.7355280072045637	4.6944	0.833861663912709	4.6944	0.8766045548654245	4.6944	0.9088843444671666
																																																		4.7883	0.9909109939159032	4.7883	0.9895387356034223	4.7883	0.9215015936413051	4.7883	0.8183295256347413	4.7883	0.8545346032740785	4.7883	0.8625497690715083	4.7883	0.8660369396565716
																																																		4.8822	0.9604567461898428	4.8822	0.9772616142532145	4.8822	1.021748905611469	4.8822	0.8656849129973841	4.8822	0.9134465056160158	4.8822	0.9068641503424113	4.8822	0.9522592267991041
																																																						4.9761	1.059242458307434	4.9761	0.8713579033271486	4.9761	0.9018154877094264	4.9761	0.9320273928969582	4.9761	0.9433732593241796
																																																						5.07	0.9395540449393623	5.07	0.820542394203089	5.07	0.8724192849181149	5.07	0.8148909061952541	5.07	0.8250559937676503
																																																						5.1639	1.0552087603983442	5.1639	0.943336482759407	5.1639	0.9667818925232871	5.1639	0.9333811116419813	5.1639	0.9350959197584965
																																																						5.2578	0.9436869321412985	5.2578	0.8956592236050044	5.2578	0.9342787739898044	5.2578	0.8994983277591975	5.2578	0.991008537020807
																																																								5.3517	0.9146094253448555	5.3517	0.9637944735404301	5.3517	0.902165949992037	5.3517	0.9365972019346253
																																																								5.4456	0.9317490982560585	5.4456	0.9826749615120856	5.4456	0.9632823698041091	5.4456	0.9708426656279417
																																																								5.5394	0.9584644569721119	5.5394	0.9441571727597844	5.5394	0.964556458034719	5.5394	0.9926315447787841
																																																								5.6333	0.9438192904470465	5.6333	0.941249418283137	5.6333	0.8935658544354198	5.6333	0.9310384003635538
																																																								5.7272	0.9122356208806278	5.7272	0.9476624110330031	5.7272	0.9153049848702024	5.7272	0.9021894374655112
																																																								5.8211	1.0194189275366012	5.8211	1.0418258573726513	5.8211	0.9612517916865744	5.8211	0.950717369429026
																																																								5.915	1.1139285323920372	5.915	1.09312979937158	5.915	1.0378165312947922	5.915	1.0340588178011492
																																																								6.0089	1.0525314881138783	6.0089	1.1082660555513881	6.0089	0.9775362318840581	6.0089	0.9714512935371832
																																																								6.1028	1.0374839818491133	6.1028	1.064450577136154	6.1028	1.0167542602325212	6.1028	0.990440484305515
																																																								6.1967	0.8810542910539089	6.1967	0.9146016409560539	6.1967	0.8931278866061476	6.1967	0.905029701041971
																																																								6.2906	0.9304616110890197	6.2906	0.9377441800099183	6.2906	0.9186494664755536	6.2906	0.9397214918687312
																																																								6.3844	1.0042104853759564	6.3844	1.0459684116955463	6.3844	1.0083930562191432	6.3844	0.9929967215243289
																																																								6.4783	1.0269024466950138	6.4783	1.0405512252732991	6.4783	1.0298136645962734	6.4783	1.0265929821144546
																																																								6.5722	0.8926416755572574	6.5722	0.9097022738241686	6.5722	0.91996336996337	6.5722	0.949297237640796
																																																								6.6661	0.9851798156881653	6.6661	0.9193416790755201	6.6661	0.9823140627488455	6.6661	1.0601892427045803
																																																								6.76	1.0854831127952755	6.76	1.0448132763555082	6.76	1.0750437967829274	6.76	1.095327360664784
																																																								6.8539	1.127125275854184	6.8539	0.9843877483955902	6.8539	1.044186972447842	6.8539	1.0526016814360373
																																																								6.9478	0.9810759503432294	6.9478	0.9412892505362418	6.9478	0.9719620958751395	6.9478	0.9682864284091278
																																																								7.0417	0.9202824156746199	7.0417	0.8985890752079411	7.0417	0.9153049848702024	7.0417	0.9546937384360697
																																																								7.1356	0.9430548449416172	7.1356	0.9932703408379512	7.1356	0.9355709507883422	7.1356	0.9247492453013926
																																																								7.2294	1.0536178054110672	7.2294	1.076320588561372	7.2294	0.9579073100812232	7.2294	1.015150777420716
																																																								7.3233	1.0489908984045218	7.3233	1.0858404970534092	7.3233	1.0636168179646441	7.3233	1.0770685233875419
																																																								7.4172	1.1486504519281127	7.4172	1.1253540921333294	7.4172	1.125927695492913	7.4172	1.0662349466030447
																																																								7.5111	1.031770757545379	7.5111	1.1105364939783593	7.5111	1.1563465519987262	7.5111	1.0652611419482585
																																																								7.605	1.0139873410506566	7.605	1.02641077542111	7.605	1.0423554706163403	7.605	0.9800126594605123
																																																								7.6989	1.0206259467557	7.6989	0.9684548471536869	7.6989	0.9676620480968308	7.6989	0.9538416593631318
																																																								7.7928	0.946313796833184	7.7928	0.9814799939189428	7.7928	1.0229654403567447	7.7928	0.9845165059888987
																																																								7.8867	0.9210870951540191	7.8867	0.9308930324758999	7.8867	0.9521340977862718	7.8867	0.9979874703801085
