6.4	6.4	6.4	6.4	6.4	6.4	6.4	6.4	5	5	5	5	5	5	5	5	4	4	4	4	4	4	4	4	3.2	3.2	3.2	3.2	3.2	3.2	3.2	3.2	2.5	2.5	2.5	2.5	2.5	2.5	2.5	2.5	2	2	2	2	2	2	2	2	1.6	1.6	1.6	1.6	1.6	1.6	1.6	1.6	1.25	1.25	1.25	1.25	1.25	1.25	1.25	1.25	1	1	1	1	1	1	1	1
Ab42_240314quiesctxtamfit: 6.4 X	Ab42_240314quiesctxtamfit: 6.4 Y	Ab42_240314quiesctxtamfit: D X	Ab42_240314quiesctxtamfit: D Y	Ab42_240314quiesctxtamfit: E X	Ab42_240314quiesctxtamfit: E Y	Ab42_240314quiesctxtamfit: F X	Ab42_240314quiesctxtamfit: F Y	Ab42_240314quiesctxtamfit: 5 X	Ab42_240314quiesctxtamfit: 5 Y	Ab42_240314quiesctxtamfit: H X	Ab42_240314quiesctxtamfit: H Y	Ab42_240314quiesctxtamfit: I X	Ab42_240314quiesctxtamfit: I Y	Ab42_240314quiesctxtamfit: J X	Ab42_240314quiesctxtamfit: J Y	Ab42_240314quiesctxtamfit: 4 X	Ab42_240314quiesctxtamfit: 4 Y	Ab42_240314quiesctxtamfit: L X	Ab42_240314quiesctxtamfit: L Y	Ab42_240314quiesctxtamfit: M X	Ab42_240314quiesctxtamfit: M Y	Ab42_240314quiesctxtamfit: N X	Ab42_240314quiesctxtamfit: N Y	Ab42_240314quiesctxtamfit: 3.2 X	Ab42_240314quiesctxtamfit: 3.2 Y	Ab42_240314quiesctxtamfit: P X	Ab42_240314quiesctxtamfit: P Y	Ab42_240314quiesctxtamfit: Q X	Ab42_240314quiesctxtamfit: Q Y	Ab42_240314quiesctxtamfit: R X	Ab42_240314quiesctxtamfit: R Y	Ab42_240314quiesctxtamfit: 2.5 X	Ab42_240314quiesctxtamfit: 2.5 Y	Ab42_240314quiesctxtamfit: T X	Ab42_240314quiesctxtamfit: T Y	Ab42_240314quiesctxtamfit: U X	Ab42_240314quiesctxtamfit: U Y	Ab42_240314quiesctxtamfit: V X	Ab42_240314quiesctxtamfit: V Y	Ab42_240314quiesctxtamfit: 2 X	Ab42_240314quiesctxtamfit: 2 Y	Ab42_240314quiesctxtamfit: X X	Ab42_240314quiesctxtamfit: X Y	Ab42_240314quiesctxtamfit: Y X	Ab42_240314quiesctxtamfit: Y Y	Ab42_240314quiesctxtamfit: Z X	Ab42_240314quiesctxtamfit: Z Y	Ab42_240314quiesctxtamfit: 1.6 X	Ab42_240314quiesctxtamfit: 1.6 Y	Ab42_240314quiesctxtamfit: AB X	Ab42_240314quiesctxtamfit: AB Y	Ab42_240314quiesctxtamfit: AC X	Ab42_240314quiesctxtamfit: AC Y	Ab42_240314quiesctxtamfit: AD X	Ab42_240314quiesctxtamfit: AD Y	Ab42_240314quiesctxtamfit: 1.25 X	Ab42_240314quiesctxtamfit: 1.25 Y	Ab42_240314quiesctxtamfit: AF X	Ab42_240314quiesctxtamfit: AF Y	Ab42_240314quiesctxtamfit: AG X	Ab42_240314quiesctxtamfit: AG Y	Ab42_240314quiesctxtamfit: AH X	Ab42_240314quiesctxtamfit: AH Y	Ab42_240314quiesctxtamfit: 1 X	Ab42_240314quiesctxtamfit: 1 Y	Ab42_240314quiesctxtamfit: AJ X	Ab42_240314quiesctxtamfit: AJ Y	Ab42_240314quiesctxtamfit: AK X	Ab42_240314quiesctxtamfit: AK Y	Ab42_240314quiesctxtamfit: AL X	Ab42_240314quiesctxtamfit: AL Y
0.083333	0.002978195158067012	0.083333	0.004038990307525306	0.083333	0.0010423085118022723	0.083333	0.003971442610630979	0.083333	0.011550232586875379	0.083333	0.0014957511319408305	0.083333	0.0049321551373534955	0.083333	-0.007588321924632157	0.083333	-0.0009234502864421964	0.25	-0.002160518230177015	0.25	-0.0006700514158440867	0.25	-0.0016843626563708182	0.25	0.0016641068936773377	0.25	0.0024214089806333847	0.25	-0.0005084879541480198	0.25	-0.0061310805010100795	0.25	-0.0023124517064201555	0.25	0.0012476503444442582	0.25	-0.01598513528560299	0.25	0.022657537759956502	0.25	0.000500293082141458	0.25	0.007310034310120151	0.16667	0.017403990221591413	0.16667	-0.03866839105949529	0.83333	0.003627775153519097	0.83333	-0.011488786418987306	0.83333	0.011345567270340947	0.83333	-0.016986793787863996	0.83333	-0.01913598144389674	0.83333	0.020151105223570616	0.83333	-0.0071271427261894674	0.83333	0.03135639187988329	0.83333	-0.0018739168110917756	0.83333	-0.014421724480674183	0.83333	0.01664330909121055	0.83333	-0.009088538245392493
0.16667	-0.002978195158067012	0.16667	-0.004038990307525306	0.16667	-0.0010423085118022723	0.16667	-0.003971442610630979	0.16667	-0.011550232586875379	0.16667	-0.0014957511319408305	0.16667	-0.0049321551373534955	0.16667	0.007588321924632157	0.16667	0.0009234502864421964	0.33333	0.002160518230177015	0.33333	0.0006700514158440867	0.33333	0.0016843626563708182	0.33333	-0.0018396778044780992	0.33333	-0.0012805528262965016	0.33333	-0.00918314066446471	0.33333	0.003677109760957067	0.33333	0.002256050445287957	0.33333	-0.0033614381180896275	0.33333	0.0061797127268677825	0.33333	0.016339450201271793	0.33333	0.021632075506920152	0.33333	-0.01792787781266453	0.25	-0.025021685986909493	0.25	-0.0366930419258536	0.91667	0.044015115729806306	0.91667	-0.04421411812048838	0.91667	0.021213370793547934	0.91667	-0.03754241533717941	0.91667	-0.004921893231689598	0.91667	0.009261650033117415	0.91667	-0.009476120634338702	0.91667	0.012140936421655266	0.91667	-0.09237435008665504	0.91667	-0.02586158395169008	0.91667	-0.006244350645581363	0.91667	0.014676959820229301
0.25	-0.00877871731639566	0.25	0.0001487759049156661	0.25	-0.008701260559852118	0.25	-0.006006301124374946	0.25	-0.007451519914168135	0.25	-0.0033966015287823026	0.25	-0.012474581284430806	0.25	0.0033334681702480847	0.25	-0.010244256915952217	0.41667	-0.007217050258250881	0.41667	0.005674232875945494	0.41667	0.0014749082327806646	0.41667	0.00017557091080084487	0.41667	-0.0011408561543368833	0.41667	0.009691628618612813	0.41667	0.002453970740052929	0.41667	5.6401261132198924e-05	0.41667	0.0021137877736452566	0.41667	-0.00053585346843341	0.41667	0.0002001770315623334	0.41667	-0.01764466497164378	0.41667	0.0029419341350228026	0.33333	-0.0020739689298950614	0.33333	0.09017655148766153	1.0	0.08119036372224844	1.0	-0.009593111716766209	1.0	-0.0014585094963569002	1.0	-0.02024057307833352	1.0	-0.023803293991188638	1.0	0.0004490496985753898	1.0	0.019055367128059317	1.0	0.004812519475123858	1.0	-0.0573331889081455	1.0	-0.005607406527596362	1.0	0.006629957956364089	1.0	0.019088871589837308
0.33333	0.01117240688269251	0.33333	0.008854921451832424	0.33333	-0.007273125140366133	0.33333	-0.008584559354857357	0.33333	0.005070650052816132	0.33333	-0.009317283092714757	0.33333	-0.008008281879690908	0.33333	-0.008247524618973351	0.33333	0.0026322648351857	0.5	-0.015546537562678011	0.5	0.02635252846870351	0.5	0.019383261449738794	0.5	-0.0009923573219176342	0.5	-0.010593664290271058	0.5	6.0714979599794465e-05	0.5	0.025047425484678427	0.5	0.0037224832347251286	0.5	-0.002093165453902451	0.5	-0.0034934862487474064	0.5	-0.01640826105587124	0.5	-0.009318892037499525	0.5	-0.00041814292274438875	0.41667	0.0075861525116316325	0.41667	-0.00907542479324058	1.0833	-0.040349551251771414	1.0833	0.048224966700977305	1.0833	-0.043047691174653666	1.0833	0.014827937052282478	1.0833	0.008496630341774607	1.0833	-0.019196874614097914	1.0833	-0.008960491337427894	1.0833	-0.0003231427944926395	1.0833	-0.058633015597920196	1.0833	-0.01692224021204378	1.0833	0.011356757249831984	1.0833	0.0011470970600980816
0.41667	0.06099455018119673	0.41667	0.04977380552234118	0.41667	0.02520543843181517	0.41667	0.013324854756192734	0.41667	0.012816011500505558	0.41667	-0.005406517112327793	0.41667	-0.004843420712093763	0.41667	0.02180612549121837	0.41667	-0.0011305793226535302	0.58333	0.020750168704295843	0.58333	0.03369764905251337	0.58333	0.036628342325328106	0.58333	-0.018053269741040514	0.58333	-0.015087240571638783	0.58333	0.015975629007188682	0.58333	0.009515867728669273	0.58333	0.020586460313252605	0.58333	0.005052468337005788	0.58333	0.013834762275915773	0.58333	-0.022788903936919163	0.58333	0.004831188420081968	0.58333	0.00809405229026583	0.5	0.002105512183581794	0.5	-0.022753785775249995	1.1667	-0.030902220122815346	1.1667	-0.010940038478870673	1.1667	0.008938785923217292	1.1667	-0.015540669658766429	1.1667	0.028916122736176657	1.1667	-0.006623483053986999	1.1667	-0.001684389036575388	1.1667	-0.02940599429883775	1.1667	0.09008882149046801	1.1667	0.011021023086011444	1.1667	-0.007612634651585227	1.1667	-0.0008529696087908812
0.5	0.17791793541491546	0.5	0.13291198527669562	0.5	0.10451302309778697	0.5	0.08972454259039801	0.5	0.03184790159473074	0.5	0.042239388736370745	0.5	0.023522017229267573	0.5	0.06583786909732678	0.5	0.005497549836109151	0.66667	0.026615745856861526	0.66667	0.06801445953992065	0.66667	0.06979195939376909	0.66667	-0.0056869708063742655	0.66667	-0.016554055627214775	0.66667	0.021553817757917263	0.66667	0.017847059927657838	0.66667	0.019458435090608628	0.66667	0.007589013665380141	0.66667	-0.01936031622313779	0.66667	-0.03476824816947483	0.66667	-0.01211903988530589	0.66667	-0.0021728498306894774	0.58333	0.060775964040690855	0.58333	0.04120280126869594	1.25	-0.0005762871988663547	1.25	0.0950182001400139	1.25	0.023812694648441483	1.25	-0.005830979077682765	1.25	-0.008581490569907108	1.25	-0.014874771265309786	1.25	0.010977174809789996	1.25	0.006428233447587476	1.25	0.1949956672443675	1.25	-0.01160864428288339	1.25	-0.006119961190490102	1.25	0.03638356572670069
0.58333	0.361953696023692	0.58333	0.2778858392889614	0.58333	0.24991793979948518	0.58333	0.22336618781975315	0.58333	0.07842555185700315	0.58333	0.07417990769969056	0.58333	0.08182053462491219	0.58333	0.15358673684178986	0.58333	0.03401231382120277	0.75	0.07140742593099948	0.75	0.12246673915661732	0.75	0.13161592342346273	0.75	0.016068555097205246	0.75	-0.008311951981597293	0.75	0.048351891878764354	0.75	0.038409642335687784	0.75	0.016751174556263078	0.75	0.03205739604030835	0.75	-0.013619029061351795	0.75	-0.011747889539811724	0.75	0.0010603226517027309	0.75	0.003912623062822213	0.66667	0.03471335068212292	0.66667	-0.04522804101272051	1.3333	0.08024563060935283	1.3333	-0.056286572803054324	1.3333	-0.0013141026155294808	1.3333	0.04442183440845769	1.3333	-0.02491708448542875	1.3333	-0.014874771265309786	1.3333	0.023925199376661387	1.3333	-0.010998395826841539	1.3333	-0.14631715771230494	1.3333	-0.03648877581001086	1.3333	-0.0006468251664746446	1.3333	0.0011470970600980816
0.66667	0.5867155795790446	0.66667	0.5203464825518925	0.66667	0.4647141137786275	0.66667	0.4509581755643553	0.66667	0.16312725749408927	0.66667	0.17964594324247682	0.66667	0.16607387140902874	0.66667	0.2512386268807877	0.66667	0.07514468826217013	0.83333	0.10191210460217963	0.83333	0.18336508302700394	0.83333	0.21634023776567984	0.83333	0.05527430283081379	0.83333	0.027892768834603798	0.83333	0.07635667621915682	0.83333	0.07369604918403547	0.83333	0.011082847812477087	0.83333	0.005794871847749501	0.83333	-0.015080447611624593	0.83333	0.02356458993422312	0.83333	-0.01846604167366698	0.83333	0.021534360521334592	0.75	0.059514233893226146	0.75	0.028195313577357283	1.4167	-0.05329239489844123	1.4167	0.00487387943176323	1.4167	-0.01354055185891765	1.4167	-0.0008211919161661936	1.4167	0.0024503390873282845	1.4167	-0.01925300582641984	1.4167	-0.022538729489412494	1.4167	0.007409202645154672	1.4167	0.24579722703639523	1.4167	0.04702844961773361	1.4167	-0.013458939040874467	1.4167	-0.018206489235915706
0.75	0.7473043158779552	0.75	0.713997608565084	0.75	0.6718167840463453	0.75	0.6779258317195133	0.75	0.2918750555661874	0.75	0.34011199436600403	0.75	0.2757348319591822	0.75	0.39680256729485686	0.75	0.1378012217160986	0.91667	0.16512794864769945	0.91667	0.2618035069982206	0.91667	0.31961872313092476	0.91667	0.1019227304788048	0.91667	0.0657040013783405	0.91667	0.13457475228288326	0.91667	0.12903732035626422	0.91667	0.009813819437002613	0.91667	0.012785838240586132	0.91667	0.014809041309430972	0.91667	-0.009089288339375088	0.91667	0.014575702930448114	0.91667	-0.0002314719750906559	0.83333	0.07027836921378446	0.83333	-0.04589891430339127	1.5	-0.0355786490316486	1.5	-0.0033074534936120385	1.5	-0.0030469851854585126	1.5	0.016325708471704958	1.5	0.004837033003557096	1.5	0.03221931587278422	1.5	0.013039691997433227	1.5	-0.00672829461390198	1.5	-0.09605719237435001	1.5	0.020085392612226225	1.5	0.003271442668900058	1.5	-0.027736218658269
0.83333	0.8473828066288501	0.83333	0.8221962629696773	0.83333	0.7997040074170904	0.83333	0.8131398676185796	0.83333	0.45585370006765885	0.83333	0.5520879750957436	0.83333	0.4504972825082264	0.83333	0.577528978700262	0.83333	0.21823633077816654	1.0	0.2688144363070032	1.0	0.3644316352477579	1.0	0.4331604752520872	1.0	0.13957124056878872	1.0	0.10840461744066385	1.0	0.225009714396736	1.0	0.18890189809636487	1.0	0.02196829121099148	1.0	0.008145816298437926	1.0	-0.005059291838325404	1.0	0.014118736257377662	1.0	-0.00838550942156407	1.0	0.017502268052013964	0.91667	0.07146124122703262	0.91667	0.03874293253623648	1.5833	-0.04837978271138408	1.5833	-0.012286965240975138	1.5833	-0.002902578304631093	1.5833	0.021387142923546442	1.5833	0.03665961855327458	1.5833	0.012741785197076685	1.5833	-0.017210560088000815	1.5833	-0.014691456335329808	1.5833	-0.07829289428076248	1.5833	0.03277550994892692	1.5833	-0.003818756271301785	1.5833	-0.016559375508595382
0.91667	0.8834551517209515	0.91667	0.8840209167901873	0.91667	0.8614708643098593	0.91667	0.8728444662832038	0.91667	0.6273366052713664	0.91667	0.6838698821161139	0.91667	0.6246385920804526	0.91667	0.739677859628779	0.91667	0.30369431896835936	1.0833	0.3917525204513736	1.0833	0.4711479253002933	1.0833	0.5488142261444503	1.0833	0.20721947585212963	1.0833	0.18055794850780674	1.0833	0.3008275451719449	1.0833	0.2795988104011434	1.0833	0.011590459162666877	1.0833	0.043502783497607264	1.0833	0.005240229373120983	1.0833	0.004860548547621848	1.0833	-0.00943089795141178	1.0833	0.026761147055639114	1.0	0.03562021922561318	1.0	-0.02826985505409848	1.6667	-0.024478034955125214	1.6667	0.014152708237371765	1.6667	0.009757091581239333	1.6667	-0.010789118948874424	1.6667	0.008178404486277432	1.6667	0.012629522772432837	1.6667	0.008341736181134759	1.6667	-0.006208957979895817	1.6667	0.14403162911611794	1.6667	0.039589415316909064	1.6667	-0.04691970246042351	1.6667	-0.046795677502975586
1.0	0.9209748439926742	1.0	0.9169720246196571	1.0	0.915716975808077	1.0	0.9144665722461485	1.0	0.7406690244310399	1.0	0.7788189175124411	1.0	0.745376566717196	1.0	0.824130713901536	1.0	0.41461191785952856	1.1667	0.5247852812626987	1.1667	0.5772026456004764	1.1667	0.6618323422066373	1.1667	0.2780966891906334	1.1667	0.251104767847414	1.1667	0.39802463813872163	1.1667	0.3620106866964015	1.1667	0.0471796549370844	1.1667	0.061722602990442556	1.1667	0.012060182607727375	1.1667	0.038296368350760245	1.1667	0.026933688765433533	1.1667	0.02873985910076868	1.0833	0.038735115527166686	1.0833	0.05193677391942812	1.75	-0.012905054322154028	1.75	-0.008096526425539024	1.75	-0.008871396045497758	1.75	0.004136947955025465	1.75	0.010777248972837692	1.75	-0.02565196403111914	1.75	-0.003403153359611413	1.75	0.023624046440235975	1.75	-0.10883882149046786	1.75	0.026649246407071413	1.75	-0.016257701780427826	1.75	-0.0017941774529739226
1.0833	0.9273209047033216	1.0833	0.9242455133044231	1.0833	0.9299983300029369	1.0833	0.9360869439546782	1.0833	0.8357531309192117	1.0833	0.8649648342676584	1.0833	0.8391392760749806	1.0833	0.872477238779696	1.0833	0.5363174873867048	1.25	0.6313218142469168	1.25	0.6775576880342388	1.25	0.732121755856433	1.25	0.38167589304525457	1.25	0.35087147440524147	1.25	0.48285864338449586	1.25	0.45886945029516885	1.25	0.05812149959673099	1.25	0.0587529889474677	1.25	0.03419023494042975	1.25	0.030007788137634262	1.25	0.03298200811669528	1.25	0.01974231942385876	1.1667	0.026157243119627846	1.1667	0.009373590700205364	1.8333	0.0032498819083608545	1.8333	0.00846568413070847	1.8333	0.0029218325554081527	1.8333	0.01518946808455687	1.8333	0.004359694220311333	1.8333	0.004715021835041593	1.8333	0.037675313960949586	1.8333	-0.026578494847026422	1.8333	-0.10667244367417669	1.8333	0.04934142666925048	1.8333	-0.027950310559006302	1.8333	-0.005676659810228968
1.1667	0.9641725905844499	1.1667	0.9439720962525002	1.1667	0.9545300109989462	1.1667	0.9563199121311097	1.1667	0.8837472480610226	1.1667	0.909027169696082	1.1667	0.87149776315303	1.1667	0.9184865904688279	1.1667	0.6392951398897729	1.3333	0.7275614092830572	1.3333	0.7180321862166184	1.3333	0.8204766135408794	1.3333	0.4778582180926587	1.3333	0.4237232888321824	1.3333	0.5939670560520692	1.3333	0.5351194752964381	1.3333	0.08443268791490179	1.3333	0.08238616737280924	1.3333	0.055972330475448126	1.3333	0.05137043072467217	1.3333	0.04530265864704328	1.3333	0.024446427304732826	1.25	0.02339720842204879	1.25	0.007547324520046067	1.9167	0.01846008502598013	1.9167	-0.0032076811408635595	1.9167	0.02655642538416245	1.9167	0.0464360787311293	1.9167	-0.0031186133838722744	1.9167	-0.01689549490889904	1.9167	0.029998166651388675	1.9167	-0.0035545707394198742	1.9167	0.24780112651646455	1.9167	0.03240043258922148	1.9167	-0.01775037524152295	1.9167	-0.016853502959902584
1.25	0.9793140687712579	1.25	0.9690986935271461	1.25	0.9523417389852177	1.25	0.9716969679451976	1.25	0.8985297375166321	1.25	0.9365583389683679	1.25	0.9232743002920841	1.25	0.9256329469506631	1.25	0.7335388513659298	1.4167	0.7665426743722085	1.4167	0.795011764067263	1.4167	0.8363951497337311	1.4167	0.578849659392433	1.4167	0.5344561841388399	1.4167	0.6643205386632991	1.4167	0.6384401054207367	1.4167	0.10879803272401171	1.4167	0.10202892692790332	1.4167	0.05322347177374453	1.4167	0.057125520382087944	1.4167	0.04993223642208314	1.4167	0.06570070673620779	1.3333	0.012948505638356653	1.3333	0.03337594621087039	2.0	0.05728861596598958	2.0	0.03161286996835557	2.0	0.04831372876216029	2.0	0.020560786278347832	2.0	0.013641281672312265	2.0	-0.0027504294037742627	2.0	0.007940691172426352	2.0	-0.025828341931239743	2.0	0.13801993067590995	2.0	0.042902598660973776	2.0	-0.006866297921037665	2.0	0.019382999041144506
1.3333	0.9924515277862825	1.3333	0.9835354665226663	1.3333	0.9903485686973447	1.3333	0.9780559008006474	1.3333	0.960824142623146	1.3333	0.9556759081234867	1.3333	0.9528376529744519	1.3333	0.9754776597705075	1.3333	0.7805053603268497	1.5	0.8428503395231414	1.5	0.8467159847126497	1.5	0.9120954693262724	1.5	0.6693984482584893	1.5	0.6339202145740882	1.5	0.7458987031280357	1.5	0.7136516161589742	1.5	0.15907975702336705	1.5	0.12269249131026999	1.5	0.09553501837211888	1.5	0.0841181419818152	1.5	0.09290517205975146	1.5	0.07682629521637026	1.4167	0.009557605867045243	1.4167	0.11973224701554563	2.0833	0.032111478507321656	2.0833	0.07117260783312744	2.0833	0.0391679596430904	2.0833	0.04437018711813277	2.0833	-0.006990361292421234	2.0833	0.012629522772432837	2.0833	0.0179095242460353	2.0833	0.019238537086406157	2.0833	0.1337413344887349	2.0833	0.027962017166040447	2.0833	-0.05456965394853603	2.0833	-0.004382499024477286
1.4167	0.9819860943336358	1.4167	0.9957681520379544	1.4167	0.9893120187961049	1.4167	0.9935485735757436	1.4167	0.9803080966150962	1.4167	0.9780342713978105	1.4167	0.9658372462750028	1.4167	0.990055028443098	1.4167	0.8420399448346334	1.5833	0.9283149244921862	1.5833	0.8821863014349278	1.5833	0.9440023598531725	1.5833	0.7308635340744971	1.5833	0.7025345632849207	1.5833	0.797172503400039	1.5833	0.7931325744230091	1.5833	0.21099711789555617	1.5833	0.15953426553092676	1.5833	0.13245323460639125	1.5833	0.1229962748305533	1.5833	0.1139249485706179	1.5833	0.08444246988064256	1.5	0.07209210630076499	1.5	0.07925622514507635	2.1667	0.05478507321681622	2.1667	0.13338066977180402	2.1667	0.04999847570514685	2.1667	0.006667665180946207	2.1667	-0.005187081444603911	2.1667	-0.004883415472007364	2.1667	0.011893849115409211	2.1667	-0.0033237544576393573	2.1667	0.18291811091854426	2.1667	0.004519682184450497	2.1667	-0.0006468251664746446	2.1667	0.0059707872615361686
1.5	1.0045869772154155	1.5	1.0023804144786506	1.5	1.0023264786672272	1.5	0.9958609127959072	1.5	0.9911726989570886	1.5	0.9933033975363732	1.5	0.9976337486597404	1.5	1.000797035984976	1.5	0.8555551144474229	1.6667	0.9141198600351934	1.6667	0.9437631783846503	1.6667	0.9666583466715074	1.6667	0.8027941728778059	1.6667	0.7908461427420594	1.6667	0.8822569579366623	1.6667	0.8634976852670981	1.6667	0.24433026322468573	1.6667	0.20958463554689874	1.6667	0.1667269791782652	1.6667	0.15105233691045522	1.6667	0.15133492381731092	1.6667	0.11233110946011025	1.5833	0.09440895828404705	1.5833	0.07183934820932739	2.25	0.09125177137458666	2.25	0.21210105609035387	2.25	0.08094968382915706	2.25	-0.022513053852629698	2.25	-0.010278695132558708	2.25	0.0416493595428674	2.25	0.027821065175543044	2.25	0.03314521806368229	2.25	0.14988084922010406	2.25	0.05065419742821952	2.25	-0.007861413561767748	2.25	0.030795144151863883
1.5833	1.0061456587934692	1.5833	1.005906954447022	1.5833	1.0039388896247115	1.5833	1.0107755007659625	1.5833	0.9981947581684179	1.5833	1.0033062332312275	1.5833	1.0081487780530187	1.5833	0.9902797566343507	1.5833	0.8855543031920311	1.75	0.9511336744806941	1.75	0.9503788759081742	1.75	0.9725405250673309	1.75	0.8650836786227913	1.75	0.8444896647745529	1.75	0.9107854089761027	1.75	0.896083955031563	1.75	0.3496878190196333	1.75	0.2598824733997853	1.75	0.20924729985524995	1.75	0.19759349674868715	1.75	0.1795977494278365	1.75	0.14160111405221557	1.6667	0.06400914754356918	1.6667	0.07605094164520494	2.3333	0.05606046291922529	2.3333	0.21299900726509016	2.3333	0.05962560109364148	2.3333	0.007184138084195338	2.3333	0.00923915733793468	2.3333	0.01161916095063821	2.3333	0.02759189659913824	2.3333	0.002158132234647916	2.3333	0.2032279029462739	2.3333	0.004457169291166257	2.3333	-0.019864995978074375	2.3333	0.031912828466831245
1.6667	1.0148297418711973	1.6667	1.0124090125137066	1.6667	1.014074044214612	1.6667	1.0217591120617395	1.6667	1.0067387658354217	1.6667	0.9902028300857875	1.6667	0.992605464561689	1.6667	0.9956432694655813	1.6667	0.9254956856747834	1.8333	0.9788066952161528	1.8333	0.9563669303333124	1.8333	0.9772008859922119	1.8333	0.8801751434338008	1.8333	0.8655605794617953	1.8333	0.9431161356129786	1.8333	0.9213313906706032	1.8333	0.3758016029238414	1.8333	0.303746147492893	1.8333	0.25590830642467427	1.8333	0.24000600531094687	1.8333	0.20472440944881892	1.8333	0.17527655300894895	1.75	0.12299503193754442	1.75	0.16799785320546987	2.4167	0.04807746811525741	2.4167	0.2054163084562058	2.4167	0.10598020983924308	2.4167	0.09467464789459815	2.4167	-0.006937323649838372	2.4167	0.026550063428269922	2.4167	0.006565679713997533	2.4167	0.01173700792853936	2.4167	0.18676343154246108	2.4167	-0.014609263160526903	2.4167	0.05053943560357901	2.4167	-0.02091246178794195
								1.75	1.0060456011922432	1.75	1.0129507118840544	1.75	1.0076903168558435	1.75	1.018535581214521	1.75	0.9560644792689726	1.9167	0.9434661331872147	1.9167	0.9740257537230262	1.9167	0.9708823442139088	1.9167	0.9007627411046618	1.9167	0.9313111463974557	1.9167	0.9623324266563048	1.9167	0.960702620286876	1.9167	0.4241374837141359	1.9167	0.34705301895294294	1.9167	0.29411396281037744	1.9167	0.3132582877982716	1.9167	0.2372807950926476	1.9167	0.20387454218950082	1.8333	0.1394763819888022	1.8333	0.13635499632883227	2.5	0.11132735002361831	2.5	0.1282922797816316	2.5	0.12234632299968394	2.5	0.031096833504630106	2.5	-0.00905882935315287	2.5	-0.0002806560616096186	2.5	0.02770648088734064	2.5	0.04237786933490296	2.5	0.172573656845754	2.5	0.013334000137528319	2.5	-0.013956496861239507	2.5	-0.006029612751797609
								1.8333	0.9978481758468286	1.8333	1.0002368272625572	1.8333	0.9939216918697082	1.8333	0.9947443567005706	1.8333	0.9477275355614665	2.0	0.9964953636198148	2.0	0.9740257537230262	2.0	0.97809106729247	2.0	0.9310830740481768	2.0	0.9551061461879107	2.0	0.9881059354964058	2.0	0.9626181021498014	2.0	0.4746166124274539	2.0	0.39435030928324033	2.0	0.358973109898675	2.0	0.33515265062539684	2.0	0.2945531524064471	2.0	0.2266110636137255	1.9167	0.1325368661777463	1.9167	0.2859224694100415	2.5833	0.15965044874822862	2.5833	0.3001002712145122	2.5833	0.14342972760048717	2.5833	0.0645642776351738	2.5833	0.007807140988197394	2.5833	-0.009373912457761263	2.5833	0.015675130626088465	2.5833	-0.012267885376634383	2.5833	0.1151646447140382	2.5833	0.04315265023411074	2.5833	-0.031433215301561596	2.5833	0.02232427355421651
																1.9167	0.96612749827824	2.0833	1.004769688756663	2.0833	0.994992425874502	2.0833	1.0100154123546692	2.0833	0.95430423538105	2.0833	0.9640234504146663	2.0833	0.9743767607344085	2.0833	1.0116359753649031	2.0833	0.5377014230038184	2.0833	0.4793245777837812	2.0833	0.3935252199086961	2.0833	0.4112824779414294	2.0833	0.32281597801697265	2.0833	0.2789909315253629	2.0	0.11286176169071846	2.0	0.4941540846865718	2.6667	0.14760510155880963	2.6667	0.22392407989104862	2.6667	0.14949481659523878	2.6667	0.08976815531373139	2.6667	-0.024757971557680163	2.6667	-0.016390313998001727	2.6667	0.005247960399669914	2.6667	0.01687267019815586	2.6667	0.14841854419410752	2.6667	0.03977695399676179	2.6667	-0.03018932075064899	2.6667	-0.030677493171341004
																2.0	0.9685612644537231	2.1667	1.0022322290480297	2.1667	0.9794031283767624	2.1667	1.00106123574619	2.1667	0.967265948708867	2.1667	0.9923585920438089	2.1667	0.9756062390713038	2.1667	0.9903579720201179	2.1667	0.5937924771997902	2.1667	0.5374485859790911	2.1667	0.4520167575993765	2.1667	0.46611221799278735	2.1667	0.3790802821055618	2.1667	0.324799982079589	2.0833	0.17034934153457934	2.0833	0.3837208868944903	2.75	0.20065186584789796	2.75	0.32943334292256504	2.75	0.2276670747498151	2.75	0.05568094369928875	2.75	-0.0005197688973120136	2.75	-0.0039853160748565845	2.75	0.02552937941149501	2.75	0.020046394072637964	2.75	0.25142980935875225	2.75	0.010020816793463606	2.75	0.026532270770965753	2.75	-0.03756007553192949
																2.0833	1.0286114242019924	2.25	1.0033170850104163	2.25	1.0003358738742714	2.25	0.9953885117739568	2.25	0.9758994574095505	2.25	0.9986682250606517	2.25	0.9936158198950846	2.25	0.9879116939783096	2.25	0.6900976305830199	2.25	0.5826733331752288	2.25	0.5179893664402628	2.25	0.5141859832289181	2.25	0.4703651019440493	2.25	0.3643368887926496	2.1667	0.21115842599164109	2.1667	0.4236751184277712	2.8333	0.21921587151629665	2.8333	0.3002000435672607	2.8333	0.2378718276616194	2.8333	0.07670139086152838	2.8333	0.010883324258003417	2.8333	0.002245248492876949	2.8333	-0.00861673847282069	2.8333	0.02541287262403498	2.8333	-0.10131065857885607	2.8333	0.010458407046453285	2.8333	0.042951678843012125	2.8333	-0.011088604914281456
																2.1667	0.9877379610562892	2.3333	1.0060384186109796	2.3333	0.9961459321093727	2.3333	0.9943586941913053	2.3333	0.9701056173531236	2.3333	1.0195761602972746	2.3333	0.9818219351078299	2.3333	0.9778727227690021	2.3333	0.7366568716476501	2.3333	0.6416634787997397	2.3333	0.5751934639795123	2.3333	0.569735109487453	2.3333	0.5246879701914928	2.3333	0.4497948486285285	2.25	0.19329705859159377	2.25	0.46899633628641824	2.9167	0.29451110061407654	2.9167	0.37413135695388355	2.9167	0.27094100337109844	2.9167	0.12772891370254252	2.9167	0.024301847831467622	2.9167	0.00482728425968544	2.9167	-0.005866715555963049	2.9167	0.01329501783055785	2.9167	-0.10028162911611777	2.9167	0.021398163371195263	2.9167	0.011107978339649464	2.9167	-0.01632407354754962
																2.25	0.998267020397032	2.4167	1.0007244631342038	2.4167	0.9931603865602954	2.4167	0.9949521483914774	2.4167	0.9647468878147683	2.4167	0.9813225549589991	2.4167	1.0115343282494658	2.4167	0.9997046003874042	2.4167	0.7931145340409812	2.4167	0.7005298905057934	2.4167	0.6315624652043202	2.4167	0.6425495047182351	2.4167	0.5546682198153395	2.4167	0.4895557604787736	2.3333	0.19850169544988572	2.3333	0.6463305094537228	3.0	0.29866792631081723	3.0	0.3512834881744819	3.0	0.2593403172779624	3.0	0.15071195789712885	3.0	-0.000784957110226326	3.0	0.013976671868159008	3.0	0.01945641213676772	3.0	0.03891562510819521	3.0	-0.08408795493934135	3.0	0.0063950689829776934	3.0	0.002338521755715605	3.0	0.006441391183627689
																2.3333	1.0075705662735244	2.5	1.009182662162982	2.5	1.0059846617597417	2.5	0.9935034219616454	2.5	0.9911054249884735	2.5	0.9958742916214594	2.5	1.009690110744123	2.5	1.0159054228907005	2.5	0.8121499596730983	2.5	0.7070259212248008	2.5	0.7189692127825409	2.5	0.6681971868871532	2.5	0.6193329674473479	2.5	0.48529966287226844	2.4167	0.2858370790947087	2.4167	0.5871073061828429	3.0833	0.35067548417572036	3.0833	0.40645759924439073	3.0833	0.3280298569248715	3.0833	0.1761224247369861	3.0833	-0.007308587147918409	3.0833	0.009766830944014728	3.0833	0.027821065175543044	3.0833	0.031991136654779706	3.0833	0.09913344887348362	3.0833	-0.0034194552626479664	3.0833	0.03977974773818498	3.0833	0.017382932372255546
																2.4167	0.9928298831964845	2.5833	0.9807373710814175	2.5833	1.0043731456963192	2.5833	1.0217972236816153	2.5833	1.0067694036390509	2.5833	1.012870720043213	2.5833	0.9905421240528465	2.5833	0.9997738346716063	2.5833	0.8884044647238313	2.5833	0.7802145339922852	2.5833	0.6746743124373678	2.5833	0.7196489395308976	2.5833	0.644347621554418	2.5833	0.5428689831286797	2.5	0.31339799700339094	2.5	0.5388416999929186	3.1667	0.357855455833727	3.1667	0.46826657177207337	3.1667	0.3598956419607887	3.1667	0.1610414159621115	3.1667	0.013057867603900777	3.1667	0.016783232484255194	3.1667	0.0015812631771930598	3.1667	0.08450184075984726	3.1667	-0.06784012131715764	3.1667	0.006832659235967373	3.1667	0.023111560755956093	3.1667	0.02085363629768051
																2.5	1.0090549910330389							2.6667	0.989937496755755	2.6667	1.0238601915707028	2.6667	1.006024443850787	2.6667	0.971549324811875	2.6667	0.8916757378694988	2.6667	0.7703158205157024	2.6667	0.7548087629439929	2.6667	0.7503010474888729	2.6667	0.6917634584439392	2.6667	0.5981982520132461	2.5833	0.34943616434035174	2.5833	0.6539337400813249	3.25	0.38270193670288144	3.25	0.5337671213514498	3.25	0.39546787027127633	3.25	0.2687776635798802	3.25	0.029287386234256692	3.25	-0.011731423375282058	3.25	0.03303465028875232	3.25	0.06892174173966238	3.25	-0.15438691507798952	3.25	-0.010170847737345872	3.25	0.03523953262735398	3.25	-0.017382932372255546
																2.5833	0.9922775390999209							2.75	0.998868712653014	2.75	0.9771083720215507	2.75	1.0074360671264815	2.75	1.0097897277861798	2.75	0.9053812443246232	2.75	0.8259032833826379	2.75	0.7645863489589133	2.75	0.8046616226225067	2.75	0.74728105643978	2.75	0.6407218938887664	2.6667	0.4517151644192099	2.6667	0.8117380463424362	3.3333	0.4276712328767124	3.3333	0.5012413343554456	3.3333	0.4412448514935683	3.3333	0.2268400638360508	3.3333	-0.01590068524634213	3.3333	0.005388596382904677	3.3333	0.025300210835090205	3.3333	0.04716730718184868	3.3333	-0.13093587521663771	3.3333	0.008332968674789129	3.3333	0.008247020872550474	3.3333	0.01414753040787634
																								2.8333	1.0105021938730334	2.8333	0.9806939199351808	2.8333	1.0036110234116962	2.8333	1.0051279526499037	2.8333	0.9860914490047998	2.8333	0.8221912658289193	2.8333	0.809716345618528	2.8333	0.849263567467479	2.8333	0.7727437342024992	2.8333	0.7118435249448386	2.75	0.4409904581657599	2.75	0.6622078439995975	3.4167	0.46664147378365617	3.4167	0.6482558961303293	3.4167	0.4666604625191941	3.4167	0.29284530087128974	3.4167	0.02578690182378777	3.4167	0.039291848625346605	3.4167	0.02684709872582263	3.4167	0.029452157555194022	3.4167	0.1464688041594455	3.4167	-0.004732226021617004	3.4167	0.006070205408453417	3.4167	-0.01420635589813778
																								2.9167	0.9939221930791475	2.9167	1.005466796429353	2.9167	0.9923863415581894	2.9167	1.0137591600804348	2.9167	0.9746137923643974	2.9167	0.8733861745906212	2.9167	0.8169886426901236	2.9167	0.8426327032969781	2.9167	0.8048147608860414	2.9167	0.7572418994142265	2.8333	0.4993454774860027	2.8333	0.7538565896528977	3.5	0.4998960793575815	3.5	0.6059524185649743	3.5	0.4789831830164672	3.5	0.365203154616493	3.5	0.01029991018959193	3.5	-0.002638166979130415	3.5	0.07296727472728931	3.5	0.08992602338168941	3.5	0.09052209705372626	3.5	0.023773653315996377	3.5	-0.010224813208501696	3.5	0.004264848043954406
																																3.0	1.00199660464408	3.0	0.892905200227258	3.0	0.895661674646476	3.0	0.8393172712117278	3.0	0.8504758384576039	3.0	0.7812851174720272	2.9167	0.5456746313382226	2.9167	0.7654850600245242	3.5833	0.555918752952291	3.5833	0.6446142052550098	3.5833	0.5551818804664022	3.5833	0.3738282521007535	3.5833	0.002185150874413972	3.5833	0.02469773342164644	3.5833	0.010346961224676788	3.5833	0.09142632921326277	3.5833	0.10021663778162919	3.5833	0.030149968430988845	3.5833	0.01651891963611929	3.5833	0.018147663745654265
																																3.0833	1.0191707886588346	3.0833	0.9398622222817978	3.0833	0.8725921389600267	3.0833	0.8976501093154258	3.0833	0.8319948626620819	3.0833	0.8499800262086009	3.0	0.6605315038246196	3.0	0.8307461229114411	3.6667	0.6036277751535192	3.6667	0.7001874057359125	3.6667	0.532991356445922	3.6667	0.33943115674436136	3.6667	-0.007679850645998447	3.6667	0.044961101069860905	3.6667	0.07394124117700972	3.6667	0.033318330275017675	3.6667	0.02861785095320632	3.6667	0.020522982865215905	3.6667	0.029020059872790962	3.6667	0.0032059892192484846
																																3.1667	0.9970050930338803	3.1667	0.9711050366922624	3.1667	0.9024468322013139	3.1667	0.925831282040054	3.1667	0.891470002949489	3.1667	0.8287368723656061	3.0833	0.6344294613989434	3.0833	0.8709985203516868	3.75	0.6945583372697214	3.75	0.7335612577302787	3.75	0.6054836106212865	3.75	0.4588913392658854	3.75	0.03193926836339982	3.75	0.015267689751563254	3.75	0.054920249335411044	3.75	0.11185357015083851	3.75	0.13942807625649922	3.75	0.0002062925478379461	3.75	0.004266558309630141	3.75	-0.0026177343166340836
																																3.25	1.0127128442591977	3.25	0.969032493558103	3.25	0.9483423338158334	3.25	0.9274577204214977	3.25	0.9163353158380095	3.25	0.8353823581020791	3.1667	0.7003548616039745	3.1667	0.84252367623655	3.8333	0.6836939064714219	3.8333	0.7348084121396347	3.8333	0.6698409438433731	3.8333	0.48239085636372087	3.8333	0.026953729960610746	3.8333	-0.004322103348788127	3.8333	0.06024841873682272	3.8333	0.1160082632228878	3.8333	0.16027946273830163	3.8333	0.0038945532516080983	3.8333	0.008557994510278624	3.8333	0.007559075498595051
																																3.3333	0.9839482010817763	3.3333	0.9917686010746292	3.3333	0.9372077162899455	3.3333	0.931899148309286	3.3333	0.9062547835859066	3.3333	0.8920556578097524	3.25	0.7617064900244461	3.25	0.9074493024781315	3.9167	0.7298913556920171	3.9167	0.8125310749306998	3.9167	0.6797568829935225	3.9167	0.5224175063655285	3.9167	-0.012241087908124618	3.9167	0.0004490496985753898	3.9167	0.07451416261802173	3.9167	0.11358469226419238	3.9167	0.11094020797227044	3.9167	-0.004169609982058845	3.9167	0.05831377654678278	3.9167	0.02103011276846483
																																3.4167	1.0220472529765767	3.4167	1.0174124556749014	3.4167	0.9717598262999666	3.4167	0.9829130136964878	3.4167	0.9794319806752463	3.4167	0.8886209123729236	3.3333	0.7306758142102359	3.3333	0.9872832240679521	4.0	0.727104393008975	4.0	0.8414650572277587	4.0	0.632295154828244	4.0	0.5930193522396847	4.0	0.045622980149778336	4.0	0.043277164700203194	4.0	0.0658630488587404	4.0	0.16684554928504663	4.0	0.07611568457539003	4.0	0.02808704295260893	4.0	0.033249301345893816	4.0	0.0013235735308824018
																																3.5	1.0502760841732421	3.5	1.012555899375453	3.5	0.9478203986193074	3.5	1.017162052690348	3.5	0.9297760255074801	3.5	0.9669853761979607	3.4167	0.7654522513997319	3.4167	1.1107984510281135	4.0833	0.7774114312706661	4.0833	0.8010572543646247	4.0833	0.7488796432829139	4.0833	0.6180166407569426	4.0833	0.030613327298828256	4.0833	0.062024989615725716	4.0833	0.05131084425703539	4.0833	0.16015187711341164	4.0833	0.09317590987868292	4.0833	-0.003044377902942527	4.0833	0.009055552330643667	4.0833	0.01391222844683058
																																3.5833	1.0270669652173423	3.5833	0.9863861756217372	3.5833	0.9609731655717627	3.5833	0.9761257612200789	3.5833	1.014415161120507	3.5833	0.9615719187160024	3.5	0.829051336645375	3.5	0.9907121319980471	4.1667	0.8441568256967408	4.1667	0.8867617053755681	4.1667	0.7985074746606037	4.1667	0.7243584115359387	4.1667	0.053154325396544806	4.1667	0.04114417863197009	4.1667	0.07858190484920699	4.1667	0.19535136008494045	4.1667	0.11630199306759106	4.1667	0.009020610500915767	4.1667	0.03443100116926079	4.1667	0.02055950884637331
																																3.6667	1.0295768213377252	3.6667	1.0162679169291715	3.6667	0.9742999109230598	3.6667	1.0231986412983982	3.6667	1.0106069600474905	3.6667	1.0173491978749378	3.5833	0.8223483952369688	3.5833	0.9337251730294029	4.25	0.8404251299008031	4.25	0.880725478034285	4.25	0.8133813833858279	4.25	0.7007555998574535	4.25	0.06567120904610034	4.25	0.05023743502812173	4.25	0.04735768631405253	4.25	0.18450299484125615	4.25	0.16845753899480076	4.25	0.013959129070370719	4.25	0.04357362611846843	4.25	0.011029779424020015
																																3.75	0.9852454300878168	3.75	0.9945835477195324	3.75	1.000153100990981	3.75	0.9932346418864182	3.75	0.956993462588158	3.75	0.9667613710607762	3.6667	0.8684804037536472	3.6667	0.9114745422221561	4.3333	0.8739159187529524	4.3333	0.92467519941999	4.3333	0.8229122375204375	4.3333	0.6964688747604857	4.3333	0.11255648508935077	4.3333	0.07437385632654893	4.3333	0.0794985791548262	4.3333	0.23430160763540264	4.3333	0.07302859618717512	4.3333	0.020210418398794706	4.3333	-0.002699251175480441	4.3333	0.003029512748464164
																																3.8333	1.040857073564165	3.8333	0.9720330410806921	3.8333	0.9745782763612071	3.8333	0.9804108008019592	3.8333	1.0022811871133461	3.8333	0.965902684701569	3.75	0.892492705622585	3.75	0.9894821976318174	4.4167	0.8904015115729808	4.4167	0.9799989690190215	4.4167	0.8308546159659456	4.4167	0.7715640348929094	4.4167	0.0703915592359751	4.4167	0.06163207112947225	4.4167	0.10969153909615904	4.4167	0.2626920102944062	4.4167	0.09886265164644722	4.4167	-0.01623459838591714	4.4167	-0.013769912678602617	4.4167	0.010088571579836975
																																3.9167	0.9901523398063181	3.9167	0.9991307692228376	3.9167	0.9646963033069814	3.9167	0.9624574232837164	3.9167	0.9929100256493543	3.9167	0.9928206353532373	3.8333	0.989685356044476	3.8333	0.9502733808659485	4.5	0.9790647142182335	4.5	0.9216820288375357	4.5	0.8926607609600811	4.5	0.7333450400524736	4.5	0.06413311741119733	4.5	0.06443863174556844	4.5	0.05406086717389303	4.5	0.3049890939306859	4.5	0.014211438474870096	4.5	0.015897028762182155	4.5	0.030823706971614236	4.5	0.020088904924281788
																																4.0	0.9642359603160727	4.0	1.0165153847660862	4.0	0.9871743124373679	4.0	1.0059333723261508	4.0	1.0093002243851807	4.0	0.9369313536257097	3.9167	0.8895355255894646	3.9167	0.9266064620006188	4.5833	0.9006046291922533	4.5833	1.0098309024908168	4.5833	0.8868363501000418	4.5833	0.8695905919295944	4.5833	0.130589283567524	4.5833	0.09093256396151643	4.5833	0.10293106609221735	4.5833	0.32010756038730975	4.5833	0.10352036395147321	4.5833	-0.008983102764945315	4.5833	0.03169443315725306	4.5833	0.04173668534049174
																																4.0833	0.9545913446624668	4.0833	1.024094087271595	4.0833	1.009721912927291	4.0833	0.9883553267420875	4.0833	1.0159085733060038	4.0833	0.9486916233278949	4.0	0.9842047157164262	4.0	0.9808353863298387	4.6667	0.8997543693906472	4.6667	1.016765081006836	4.6667	0.8438030996134709	4.6667	0.823417914379122	4.6667	0.13621127368130742	4.6667	0.10333756188466157	4.6667	0.10167063892199092	4.6667	0.35588408406328986	4.6667	0.07151213171577131	4.6667	0.01339651303081256	4.6667	0.045874831037656744	4.6667	0.013147497073431859
																																4.1667	1.0065651067957881	4.1667	0.9996257048966668	4.1667	1.0080865159781762	4.1667	1.0133774556873734	4.1667	1.0189700682862721	4.1667	0.97945499550123	4.0833	0.9680782272691428	4.0833	0.9911221101201237	4.75	0.9112801133679737	4.75	0.9324574429343714	4.75	0.9700628490835779	4.75	0.8643225683164533	4.75	0.1457050117036398	4.75	0.1147321979860121	4.75	0.1336969474745622	4.75	0.3875059146672206	4.75	0.05916377816291169	4.75	0.06021867010070822	4.75	0.052032109064674134	4.75	-0.000676493138006561
																																4.25	1.0218216479320479	4.25	1.010235888404379	4.25	1.0229790669190515	4.25	0.9992399528332868	4.25	1.0336801783134149	4.25	0.9830764118857125	4.1667	0.9561312199353363	4.1667	0.9383094738489866	4.8333	1.0113273500236184	4.8333	0.9617905146424242	4.8333	0.9328058738301036	4.8333	0.8372593881861988	4.8333	0.16044947634167558	4.8333	0.09188679457098914	4.8333	0.1688743239526995	4.8333	0.42443651975210334	4.8333	0.1105610918544195	4.8333	0.016334619015171834	4.8333	0.023173755483501722	4.8333	0.03667769317800789
																																4.3333	0.9919289795319824	4.3333	0.9893867231443264	4.3333	1.0331394054114242	4.3333	1.032863438603515	4.3333	1.0082548358553332	4.3333	1.0169758559796302	4.25	0.9390584338774545	4.25	1.1425531201198629	4.9167	0.9808124704770903	4.9167	1.0390642018461211	4.9167	0.8862587225767322	4.9167	0.9251630763192009	4.9167	0.18818816341251265	4.9167	0.13039280622382882	4.9167	0.16646805390044908	4.9167	0.5020484945008021	4.9167	0.16802426343154253	4.9167	0.004519682184450497	4.9167	0.07013077478045253	4.9167	0.005676659810228968
																																4.4167	1.0150252959656179	4.4167	0.9781269365647134	4.4167	0.9857824852466318	4.4167	1.0045884328953418	4.4167	0.9773785389201882	4.4167	0.9986074347305031	4.3333	0.9609021370554374	4.3333	1.2162746406169054	5.0	1.0163344355219652	5.0	0.9676271972782101	5.0	0.9928791362543101	5.0	0.8948461168984769	5.0	0.2275420942089966	5.0	0.16311730300751034	5.0	0.23201026675222283	5.0	0.532804764048056	5.0	0.12512998266897754	5.0	0.06703257546869038	5.0	0.04270289993282961	5.0	0.06050201673389113
																																				4.5	1.0136886204208886	4.5	1.01953915494015	4.5	0.9606896577472623	4.5	1.0338882438370585	4.4167	1.027497831401309	4.4167	1.0424811875948075	5.0833	0.944959848842702	5.0833	0.9780035219640519	5.0833	0.9183170501204192	5.0833	0.9139556143186948	5.0833	0.2437716128393525	5.0833	0.1630050405828665	5.0833	0.22364561371344752	5.0833	0.5272074692148784	5.0833	0.1348245233968805	5.0833	0.03802659298480307	5.0833	0.07230759024454958	5.0833	0.03326581474284437
																																								4.5833	0.9997423863980017	4.5833	0.9958820388947586	4.5	0.9988328996135952	4.5	0.9361850417618625	5.1667	0.9943221539914976	5.1667	1.0043933092660247	5.1667	0.9430587623688504	5.1667	0.9739181183859189	5.1667	0.26376680409309167	5.1667	0.1644083208909146	5.1667	0.25315106792556596	5.1667	0.5549631270989855	5.1667	0.13569107452339696	5.1667	0.04784111723042873	5.1667	0.06248082329234001	5.1667	0.058384299084479285
																																								4.6667	0.979319974761334	4.6667	1.020559938174582	4.5833	1.0241069316299978	4.5833	1.0108010599797994	5.25	0.9818044402456307	5.25	0.9917222204669678	5.25	1.050545617331393	5.25	0.9113216025121242	5.25	0.29092207709551726	5.25	0.26353604185143187	5.25	0.23854157117975971	5.25	0.5654075638495539	5.25	0.1864384748700174	5.25	0.0128338969912544	5.25	0.08791846685850276	5.25	0.07603194616291131
																																								4.75	0.9967555620270083	4.75	0.9990181108153413	4.6667	0.9758063244223643	4.6667	0.9971599697361605	5.3333	0.979584317430326	5.3333	0.966130611986983	5.3333	0.9528302946381725	5.3333	0.9872947665800714	5.3333	0.3707967668253081	5.3333	0.2979444750047711	5.3333	0.3465945549546245	5.3333	0.6676014726078777	5.3333	0.19640381282495675	5.3333	0.03146273918995788	5.3333	0.08816724576868529	5.3333	0.05320765594147256
																																										4.8333	1.0238453468532878	4.75	1.0092027442630709	4.75	0.9286936233493722	5.4167	0.9285214926783185	5.4167	0.9716180913881494	5.4167	1.0666229167301788	5.4167	1.001807655161372	5.4167	0.34475528431712266	5.4167	0.275211334014392	5.4167	0.3201828765239709	5.4167	0.6865284077138801	5.4167	-0.017525996533795416	5.4167	0.052091993973757036	5.4167	0.10688785875991998	5.4167	0.06838463242892409
																																												4.8333	0.9894093525747182	4.8333	1.008229379032228	5.5	0.9724515824279643	5.5	0.9725659287392598	5.5	0.9497014788869117	5.5	0.9639501913532107	5.5	0.34677071473527143	5.5	0.29844965591566847	5.5	0.3596571638096983	5.5	0.7047051899040958	5.5	0.10422443674176785	5.5	0.06815780754780669	5.5	0.10869150585874325	5.5	0.10420935599814111
																																												4.9167	1.0140919485844966	4.9167	1.1747177673336888	5.5833	0.986055739253661	5.5833	0.9306116544085246	5.5833	1.1525450108224935	5.5833	1.0300070756787745	5.5833	0.4389501375442864	5.5833	0.3447017748689336	5.5833	0.41826702722522674	5.5833	0.7411741624254174	5.5833	0.17809792027729643	5.5833	0.06728262704182733	5.5833	0.11982436208941105	5.5833	0.07467895988689818
																																												5.0	0.951872880687643	5.0	1.1809792513799493	5.6667	1.0367406707605102	5.6667	0.9692235549221858	5.6667	1.0357198442331113	5.6667	0.9707159863857743	5.6667	0.4905027261348287	5.6667	0.40133816810175466	5.6667	0.44800165001375	5.6667	0.7349421228173435	5.6667	0.21211005199306768	5.6667	0.049091375096113526	5.6667	0.13195233396080894	5.6667	0.11862160111219393
																																												5.0833	0.9965460137213155	5.0833	0.9036476871643305	5.75	1.0612564950401513	5.75	1.0565243635771049	5.75	0.9790642113218203	5.75	0.9823366267088797	5.75	0.5029135344992185	5.75	0.40139429931407655	5.75	0.511309469245577	5.75	0.7578506387840598	5.75	0.08824740034662053	5.75	0.04359024048710042	5.75	0.13481329142790793	5.75	0.1383869658400378
																																												5.1667	1.034437347212365	5.1667	0.9419247354709345	5.8333	0.963476617855456	5.8333	0.9816950990157457	5.8333	1.0091008425339236	5.8333	0.9652413736113334	5.8333	0.47528092271354716	5.8333	0.4123398857168517	5.8333	0.5351430011916765	5.8333	0.7203429929947258	5.8333	0.04383665511265172	5.8333	0.04746603987072329	5.8333	0.16435578701208228	5.8333	0.12338646582337058
																																												5.25	1.0037615330021292	5.25	0.9505715467729132	5.9167	1.0349456778460087	5.9167	1.0483430306517296	5.9167	0.9807008226378644	5.9167	0.9979341083870035	5.9167	0.518930902559243	5.9167	0.42221897908551026	5.9167	0.5505545879548995	5.9167	0.7732576255929092	5.9167	0.23891897746967078	5.9167	0.10854113660942565	5.9167	0.15260098350595816	5.9167	0.14662253447663942
																																												5.3333	1.0007649239019005	5.3333	1.1575359569448431	6.0	1.0569579593764762	6.0	0.9867336028295439	6.0	1.019209324191843	6.0	0.9797026149023091	6.0	0.5666117432412363	6.0	0.49170941994005185	6.0	0.6187322394353285	6.0	0.8303846553335872	6.0	0.22277946273830163	6.0	0.11910581557446218	6.0	0.1318279445057177	6.0	0.16291719527905832
																																														5.4167	0.9854196871494222	6.0833	1.0398582900330657	6.0833	1.0183115524744375	6.0833	0.9326614669492762	6.0833	1.0205556215493155	6.0833	0.6156715626303841	6.0833	0.529092807346453	6.0833	0.602633146942891	6.0833	0.8373668478574479	6.0833	0.09431325823223578	6.0833	0.15930160595622841	6.0833	0.2259907620098018	6.0833	0.2553908659700421
																																														5.5	0.9060330144200488	6.1667	1.016806802078413	6.1667	0.998406968101116	6.1667	0.9351645195502848	6.1667	1.0214336254848388	6.1667	0.6380534478003521	6.1667	0.6087991288435847	6.1667	0.6362063433861948	6.1667	0.7892416531062101	6.1667	0.1983535528596188	6.1667	0.1276075690611188	6.1667	0.2574612941478907	6.1667	0.22974295221605426
																																														5.5833	0.9541868083948613	6.25	1.0022579121398207	6.25	1.1257164902081749	6.25	1.041207305704553	6.25	0.9899804256769669	6.25	0.6452665671916213	6.25	0.5991445603242138	6.25	0.658550279585663	6.25	0.868296229616037	6.25	0.016377816291161258	6.25	0.15373795845393107	6.25	0.2567149574173431	6.25	0.24633174046978035
																																														5.6667	0.9401730107675165					6.3333	0.9899909986377617	6.3333	1.0270631801302545	6.3333	0.70212292004045	6.3333	0.646856090797849	6.3333	0.6908057567146392	6.3333	0.8523122021027363	6.3333	0.007495667244367497	6.3333	0.19174579757074892	6.3333	0.2983232301453697	6.3333	0.2844506581591935
																																														5.75	0.9599265021039333					6.4167	1.0096784700572332	6.4167	0.9988637596128519	6.4167	0.7490612337262832	6.4167	0.6462947786746298	6.4167	0.6725868548904573	6.4167	0.8349432768987524	6.4167	0.1089904679376084	6.4167	0.249882788325092	6.4167	0.29819884069027847	6.4167	0.28698015424043544
																																																				6.5	0.9138885724417117	6.5	0.9817685065153057	6.5	0.8013563493129856	6.5	0.6498871762632329	6.5	0.7160143001191676	6.5	0.8804140844095142	6.5	0.106390814558059	6.5	0.24719473391386967	6.5	0.36530695171201344	6.5	0.31651055035167835
																																																				6.5833	1.0139625408551134	6.5833	1.0474638598085952	6.5833	0.808516431061672	6.5833	0.7518214578398463	6.5833	0.7293060775506461	6.5833	0.8694503110249396	6.5833	0.08283145580589263	6.5833	0.24713222102058544	6.5833	0.4288699632636475	6.5833	0.3843951661133802
																																																				6.6667	0.9638052175810563	6.6667	1.0054229654841158	6.6667	0.8369446074860863	6.6667	0.7717480382141293	6.6667	0.7640251168759739	6.6667	0.8777019930985931	6.6667	0.115706239168111	6.6667	0.2732626104133977	6.6667	0.44168207713804736	6.6667	0.39557200926305386
																																																				6.75	1.0233008524819531	6.75	0.9815102700636811	6.75	0.8666456873324894	6.75	0.8189543877768671	6.75	0.757207351727931	6.75	0.8553705178363281	6.75	0.12957105719237444	6.75	0.28276457019260215	6.75	0.4115176342784167	6.75	0.45910353874540916
																																																								6.8333	0.8763515759251532	6.8333	0.8123309047228802	6.8333	0.8249266660555503	6.8333	0.9278468303154104	6.8333	0.22277946273830163	6.8333	0.31964717723030367	6.8333	0.49585368483029124	6.8333	0.4229846877248849
																																																								6.9167	0.8460670820103388	6.9167	0.8029569922651189	6.9167	0.7301654597121642	6.9167	0.9137670371267989	6.9167	0.23566941074523404	6.9167	0.4231060156157207	6.9167	0.5076084883364154	6.9167	0.4820454799473708
																																																								7.0	0.9370266390399479	7.0	0.8422488408904655	7.0	0.7538844073700612	7.0	0.9935717665524125	7.0	0.2885290294627384	7.0	0.42710684078591205	7.0	0.5627752116693894	7.0	0.49051635054501813
																																																								7.0833	0.8785791569136334	7.0833	0.9172962717648775	7.0833	0.8646301219176825	7.0833	0.9363293286708444	7.0833	0.23339471403812834	7.0833	0.4588008776810216	7.0833	0.5676264004179485	7.0833	0.542223956484824
																																																								7.1667	0.855985121173334	7.1667	0.9164543035800486	7.1667	0.8720781006508386	7.1667	0.9869935025216678	7.1667	0.35016247833622194	7.1667	0.4923703013746585	7.1667	0.625218718125202	7.1667	0.6116380349933233
																																																								7.25	0.8662744238344093	7.25	0.8802496716324079	7.25	0.847671647263727	7.25	0.9521402439728097	7.25	0.2487218370883883	7.25	0.5551332462320353	7.25	0.6967426548026768	7.25	0.5921079722265251
																																																								7.3333	0.9148569044403113	7.3333	0.9301503193865981	7.3333	0.9293129526079382	7.3333	1.0310217082713014	7.3333	0.37512998266897757	7.3333	0.6113323372945669	7.3333	0.6819403096468168	7.3333	0.6682869821150901
																																																								7.4167	0.8888154219321258	7.4167	0.9499085061239152	7.4167	0.8655467962233017	7.4167	1.0216159447887454	7.4167	0.37030979202772973	7.4167	0.5855145123681759	7.4167	0.7109230526830804	7.4167	0.6471686311112331
																																																								7.5	0.9302908584319243	7.5	0.9747746331825274	7.5	0.8894949124576037	7.5	1.0360419624000277	7.5	0.4517655979202774	7.5	0.6032056611676158	7.5	0.7700080438514292	7.5	0.7031116723498626
																																																								7.5833	0.9268434116640383	7.5833	0.9564758579655802	7.5833	0.8876615638463652	7.5833	1.032118085609759	7.5833	0.48859402079722714	7.5833	0.6894734538998668	7.5833	0.7456277106535422	7.5833	0.7142885154995362
																																																								7.6667	0.9626438204074704	7.6667	1.0022227960079482	7.6667	0.9560110917590978	7.6667	1.036215074611363	7.6667	0.5484402079722704	7.6667	0.7291066282420748	7.6667	0.77995920025873	7.6667	0.7431130057276418
																																																								7.75	0.9745772899886145	7.75	0.9701718737721297	7.75	0.9272504354202951	7.75	1.0557767544922618	7.75	0.5831564124783363	7.75	0.7533616308363599	7.75	0.8444551327235486	7.75	0.7752905489006496
																																																								7.8333	0.9989215679341483	7.8333	0.9791528677436374	7.8333	0.9555527546062882	7.8333	1.0375999723020461	7.8333	0.5286720103986136	7.8333	0.7292316540286433	7.8333	0.8980669878678817	7.8333	0.7818790038099309
																																																								7.9167	0.9869350607104214	7.9167	0.9911088159682072	7.9167	0.9145888715739297	7.9167	0.9876282472965642	7.9167	0.6369367417677644	7.9167	0.8282520769908793	7.9167	0.8628025773495094	7.9167	0.8424104332889527
																																																								8.0	1.0409804185023583	8.0	1.0272011854912042	8.0	0.9984072783939865	8.0	1.0727417512031299	8.0	0.6783687175043328	8.0	0.7995586589734132	8.0	0.8999328296942507	8.0	0.814644801885553
																																																								8.0833	1.0056573485421718	8.0833	1.043591499489206	8.0833	0.9859748831240258	8.0833	1.009902018488384	8.0833	0.6966746100519932	8.0833	0.7842430001187745	8.0833	0.9156059010357495	8.0833	0.8367631862238545
																																																								8.1667	0.9613709169854817	8.1667	1.0419075631195482	8.1667	0.8880053167109724	8.1667	1.0242703320292212	8.1667	0.6258882149046795	8.1667	0.8303150024692592	8.1667	0.8992486876912488	8.1667	0.8631170058609796
																																																								8.25	0.9972774010140796	8.25	0.9734274840868012	8.25	0.938651572096434	8.25	0.9870512065921129	8.25	0.7637781629116118	8.25	0.8540073890239861	8.25	0.9436557231588287	8.25	0.9341193726065378
																																																								8.3333	0.982479898733461	8.3333	0.9644464901152935	8.3333	0.9653497112475936	8.3333	1.0010155916398342	8.3333	0.7210463604852687	8.3333	0.8033094325704676	8.3333	0.9571519790362304	8.3333	0.89417686471902
																																																								8.4167	0.9881018888472444	8.4167	1.0153013684789562	8.4167	0.9819071408928406	8.4167	1.0073630393887985	8.4167	0.9137456672443675	8.4167	0.9288978351785054	8.4167	0.9421630496977336	8.4167	0.8642935156662084
																																																								8.5	0.9659851918901907	8.5	0.946372239747634	8.5	0.951198551654597	8.5	1.0492561945319623	8.5	0.7394064124783363	8.5	0.8601336525658416	8.5	0.972700660922638	8.5	0.9449432628146428
																																																								8.5833	1.026872405575317	8.5833	1.0255733803338685	8.5833	0.9199170409753413	8.5833	1.0539879283084628	8.5833	0.8874783362218371	8.5833	0.9237717779291978	8.5833	0.9643665674315235	8.5833	0.8918826705988239
																																																								8.6667	1.0731742675501559	8.6667	0.9387383948718524	8.6667	0.9718810156751304	8.6667	1.0220198732818613	8.6667	0.8439341421143848	8.6667	0.9041427294379465	8.6667	0.9654860725273449	8.6667	0.9351194059409823
																																																								8.75	1.0024750899872001	8.75	1.0168730424239703	8.75	0.9528027316894306	8.75	1.0137104871377627	8.75	0.8465337954939343	8.75	0.9038926778648095	8.75	0.9404837920540016	8.75	0.9203542078853608
																																																								8.8333	1.0307971911264486	8.8333	1.0167607799993263	8.8333	0.9703341277843981	8.8333	1.0043624277256518	8.8333	0.9409878682842289	8.8333	0.8893896866228659	8.8333	0.9384313660449958	8.8333	0.9310604471129429
																																																								8.9167	1.0032706546259431	8.9167	0.9678143628546089	8.9167	1.0126730222751854	8.9167	0.9867049821694421	8.9167	1.022551993067591	8.9167	0.9343989697875186	8.9167	0.9754372289346457	8.9167	1.0028863707221614
																																																								9.0	0.9953150082385137	9.0	0.9653445895124442	9.0	0.9718237235310293	9.0	0.9863010536763263	9.0	0.9612976603119585	9.0	0.949339551282452	9.0	1.0051663087014568	9.0	0.9812974157962128
																																																								9.0833	0.9797749789617349	9.0833	0.9564758579655802	9.0833	0.9849436245302042	9.0833	0.9895324816212535	9.0833	0.9222487001733103	9.0833	0.9018297523864296	9.0833	0.9526117639253995	9.0833	0.91623642356706
																																																								9.1667	0.9873593618510843	9.1667	1.0128315951367917	9.1667	0.9598496654138783	9.1667	1.0223083936340869	9.1667	0.8904571057192375	9.1667	0.933711327961392	9.1667	0.987005448258133	9.1667	0.9465315510517016
																																																								9.25	0.9735695747795401	9.25	0.9899861917217687	9.25	1.008547987899899	9.25	0.9896478897621437	9.25	0.8361351819757367	9.25	0.928772809391937	9.25	0.9499373906409373	9.25	0.953531784392813
																																																								9.3333	1.0058694991125032	9.3333	1.0255733803338685	9.3333	1.00430836923641	9.3333	0.9538713660861636	9.3333	0.8697140381282497	9.3333	0.9399001043965317	9.3333	0.9748152816591894	9.3333	0.9860622805073894
																																																								9.4167	0.9597797877079959	9.4167	0.9967780684127215	9.4167	0.9719383078192316	9.4167	0.9528903968885964	9.4167	0.9306434142114386	9.4167	0.9550282245713178	9.4167	0.9513678693744868	9.4167	0.9652380569548397
																																																								9.5	1.0251752010126653	9.5	0.9890880923246179	9.5	0.9843134109450911	9.5	0.9930524299184064	9.5	0.7930784228769499	9.5	0.9415879525152062	9.5	0.9802884176832048	9.5	0.9450020883049042
																																																										9.5833	1.0250681994229711	9.5833	0.9914749289577411	9.5833	0.974991055869081	9.5833	0.8648396880415945	9.5833	0.9240218295023348	9.5833	0.9776762391262884	9.5833	0.9077067274791513
																																																										9.6667	1.0072746051169212	9.6667	1.0476785223210192			9.6667	0.8080805892547661	9.6667	0.94990216732201	9.6667	0.9728872451052749	9.6667	0.9593555079286956
																																																										9.75	1.0240578376011764	9.75	1.0312356769639746			9.75	0.8841746100519932	9.75	0.9330236861352653	9.75	0.9586446524973256	9.75	0.920648335336668
																																																										9.8333	1.0513937380019533	9.8333	1.0027614813456778			9.8333	0.9061091854419412	9.8333	1.0075390549300793	9.8333	0.9557836950302265	9.8333	0.9537082608635974
																																																										9.9167	1.0181079290950525	9.9167	1.0070583921532679			9.9167	0.9183492201039862	9.9167	0.949089499709315	9.9167	1.01238089709675	9.9167	0.9170599804307202
																																																										10.0	0.9700596113474858	10.0	1.0206366303052523			10.0	0.9160745233968804	10.0	1.0045384360524356	10.0	1.0464636077917555	10.0	0.9760619471629446
																																																										10.083	1.0001459411520368	10.083	1.0007562563021357			10.083	1.0497400346620451	10.083	0.9950364762732312	10.083	0.9585824577697799	10.083	0.9524141000778457
																																																																10.167	0.8530329289428077	10.167	0.9567160726899923	10.167	1.01238089709675	10.167	0.9785914432441866
																																																																10.25	0.8650021663778164	10.25	0.9880350322253963	10.25	1.0509416281750408	10.25	0.9735324510817027
																																																																10.333	1.0207105719237435	10.333	1.0144779860846298	10.333	0.9960858784797949	10.333	0.9654145334256239
																																																																10.417	1.0762781629116118	10.417	1.0016003300680765	10.417	0.9754994236621913	10.417	1.0242400236870641
																																																																10.5	1.0883015597920278	10.5	0.9997874561628335	10.5	0.9680360563567157	10.5	1.0063570746475863
																																																																10.583	0.9381715771230503	10.583	1.0352947795482816	10.583	1.0145577125608471	10.583	1.0301813982034695
																																																																10.667	0.9603769497400347	10.667	0.9834090781223627	10.667	0.9967700204827968	10.667	1.001121606014318
																																																																10.75	1.0452448006932409	10.75	1.0252927166228034	10.75	1.016112580749488	10.75	1.0037687530760828
																																																																10.833	0.9920060658578856	10.833	0.9895353416642182	10.833	0.9888090953569562	10.833	1.0209457962324233
																																																																10.917	1.0513106585788563	10.917	1.0194790175473691	10.917	0.9927273631923309	10.917	1.0221811315279137
																																																																11.0	1.0644172443674178	11.0	0.9987247369770014	11.0	0.9916700528240552	11.0	1.0018275118974553
																																																																11.083	0.9947140381282497	11.083	1.017916195215263	11.083	0.9845798538838534	11.083	1.0118278452419
																																																																11.167	0.9814991334488735	11.167	0.9701563447461038	11.167	1.0067833716176433	11.167	1.0315343844794826
																																																																11.25	1.0191941074523398
