{"zoffset": 12.5, "bin_s": 0.001, "output_filename_prefix": "E:/Ewa/Ab_oligomers_B/20220510/FFE5/1uM_t1_2_S8C1in3p5wt_unfilt_10mM_NaPi_1000_200_200_10_step_30s_1400_3000_300V_10\\1uM_t1_2_S8C1in3p5wt_unfilt_10mM_NaPi_1000_200_200_10_step_30s_1400_3000_300V_10", "output_folder": "E:/Ewa/Ab_oligomers_B/20220510/FFE5/1uM_t1_2_S8C1in3p5wt_unfilt_10mM_NaPi_1000_200_200_10_step_30s_1400_3000_300V_10", "start_offset": 500, "end_offset": 500, "speed": 200, "acquisition_time": 300, "step_numbers": 1, "wait_time": 0.1}