"Time [min]"	"Agitated seeds rep 1"	"Agitated seeds rep 2"	"Agitated seeds rep 3"	"Agitated seeds rep 4"	"Idle seeds rep 1"	"Idle seeds rep 2"	"Idle seeds rep 3"	"Idle seeds rep 4"	"idle fits"	"agitated fits"
0			0.508649751596877							
0.23333333			0.491350248403123							
0.46666667			0.498003903477644							
0.7			0.519295599716111							
0.93333333			0.49667317246274							
1.16666667	0.5		0.513972675656494							
1.4	0.510390689941812		0.507319020581973			0.505023183925811				
1.63333333	0.525234532715829		0.494011710432931			0.482998454404946				
1.86666667	0.550469065431659	0.48233556012333	0.519295599716111	0.498829405337912		0.511978361669243				
2.1	0.544531528322052	0.51766443987667	0.536595102909865	0.505072576869049		0.520092735703246				
2.33333333	0.511875074219214	0.519270298047276	0.488688786373314	0.480099890744498		0.536321483771252				
2.56666667	0.528203301270633	0.528905447070915	0.507319020581973	0.515998127048541	0.505769165507178	0.513137557959814		0.502459758353339		
2.8	0.5	0.541752312435766	0.523287792760823	0.501950991103481	0.500678725353786	0.49806800618238		0.497540241646661		
3.03333333	0.485156157225983	0.532117163412127	0.559217530163236	0.525362884345247	0.493552109139037	0.532843894899536		0.48376559486796		
3.26666667	0.546015912599454	0.522482014388489	0.495342441447835	0.551896363352583	0.521040485967353	0.514296754250386		0.504427565036011		
3.5	0.526718916993231	0.57065775950668	0.515303406671398	0.515998127048541	0.514931957783283	0.505023183925811		0.502459758353339		
3.73333333	0.559375371096069	0.528905447070915	0.543248757984386	0.51911971281411	0.502714901415142	0.532843894899536		0.477862174819946		
3.96666667	0.544531528322052	0.544964028776978	0.532602909865153	0.542531606055876	0.505769165507178	0.530525502318392	0.494948984745934	0.514266598449368		
4.2	0.54304714404465	0.562628468653649	0.521957061745919	0.544092398938661	0.506787253537856	0.495749613601236	0.505051015254066	0.506395371718682		
4.43333333	0.529687685548035	0.541752312435766	0.535264371894961	0.530045262993601	0.507805341568534	0.517774343122102	0.501262753813516	0.489669014915975		
4.66666667	0.540078375489847	0.562628468653649	0.523287792760823	0.536288434524739	0.525112838090067	0.531684698608964	0.501262753813516	0.493604628281318		
4.9	0.544531528322052	0.565840184994861	0.565871185237757	0.553457156235368	0.507805341568534	0.49806800618238	0.505051015254066	0.528041245228069		
5.13333333	0.571250445315283	0.569051901336074	0.559217530163236	0.562821913532074	0.517986221875318	0.508500772797527	0.518941307202748	0.522137825180054		
5.36666667	0.548984681154257	0.55299331963001	0.551233144073811	0.540970813173092	0.488461668985645	0.508500772797527	0.502525507627033	0.489669014915975		
5.6	0.554922218263864	0.597957348406989	0.563209723207949	0.542531606055876	0.503732989445821	0.505023183925811	0.507576522881099	0.496556338305325		
5.83333333	0.560859755373471	0.549781603288798	0.561878992193045	0.540970813173092	0.509841517629891	0.514296754250386	0.526517830083847	0.50934708174269		
6.06666667	0.586094288089301	0.596351490236382	0.571194109297374	0.56126112064929	0.51085960566057	0.517774343122102	0.501262753813516	0.497540241646661		
6.3	0.548984681154257	0.562628468653649	0.531272178850248	0.520680505696894	0.528167102182102	0.523570324574961	0.541670875846045	0.493604628281318		
6.53333333	0.571250445315283	0.564234326824255	0.552563875088715	0.539410020290307	0.509841517629891	0.495749613601236	0.507576522881099	0.506395371718682		
6.76666667	0.608360052250327	0.596351490236382	0.563209723207949	0.578429842359919	0.505769165507178	0.525888717156105	0.540408122032529	0.505411468377347		
7	0.569766061037881	0.581898766700925	0.559217530163236	0.586233806773841	0.505769165507178	0.527047913446677	0.511364784321649	0.511314888425361		
7.23333333	0.57718798242489	0.617227646454265	0.565871185237757	0.539410020290307	0.497624461261751	0.509659969088099	0.50378826144055	0.507379275060018		
7.46666667	0.586094288089301	0.59313977389517	0.568532647267566	0.590916185422194	0.526130926120745	0.505023183925811	0.518941307202748	0.524105631862726		
7.7	0.597969362308514	0.620439362795478	0.616438963804116	0.536288434524739	0.47929887670954	0.501545595054096	0.505051015254066	0.526073438545397		
7.93333333	0.60242251514072	0.577081192189106	0.580509226401703	0.579990635242703	0.520022397936675	0.513137557959814	0.530306091524396	0.508363178401354		
8.16666667	0.61132882080513	0.604380781089414	0.607123846699787	0.597159356953332	0.517986221875318	0.522411128284389	0.526517830083847	0.530992955252076		
8.4	0.595000593753711	0.604380781089414	0.605793115684883	0.60340252848447	0.507805341568534	0.492272024729521	0.507576522881099	0.53000905191074		
8.63333333	0.597969362308514	0.644527235354574	0.58583215046132	0.570625877945997	0.51696813384464	0.486476043276661	0.535357106778462	0.534928568617419		
8.86666667	0.61132882080513	0.649344809866393	0.597808729595458	0.592476978304979	0.512895781721926	0.492272024729521	0.52904333771088	0.52312172852139		
9.1	0.587578672366702	0.630074511819116	0.607123846699787	0.594037771187763	0.521040485967353	0.517774343122102	0.521466814829781	0.519186115156047		
9.33333333	0.614297589359934	0.615621788283659	0.595147267565649	0.583112221008272	0.52307666202871	0.517774343122102	0.536619860591979	0.515250501790704		
9.56666667	0.614297589359934	0.64613309352518	0.603131653655075	0.597159356953332	0.499660637323107	0.524729520865533	0.5	0.554606635444134		
9.8	0.646954043462772	0.649344809866393	0.592485805535841	0.623692835960668	0.513913869752605	0.530525502318392	0.541670875846045	0.535912471958755		
10.0333333	0.617266357914737	0.655768242548818	0.628415542938254	0.600280942718901	0.521040485967353	0.514296754250386	0.522729568643297	0.511314888425361		
10.2666667	0.617266357914737	0.630074511819116	0.599139460610362	0.597159356953332	0.515950045813961	0.53516228748068	0.556823921608243	0.540831988665433		
10.5	0.635078969243558	0.634892086330935	0.612446770759404	0.633057593257375	0.525112838090067	0.518933539412674	0.501262753813516	0.535912471958755		
10.7333333	0.652891580572379	0.642921377183967	0.631077004968063	0.606524114250039	0.512895781721926	0.513137557959814	0.512627538135165	0.530992955252076		
10.9666667	0.633594584966156	0.68146197327852	0.6111160397445	0.61744966442953	0.52918519021278	0.527047913446677	0.541670875846045	0.538864181982762		
11.2	0.626172663579147	0.642921377183967	0.619100425833925	0.64554393631965	0.527149014151424	0.531684698608964	0.510102030508132	0.547719312054784		
11.4333333	0.635078969243558	0.64613309352518	0.633738466997871	0.633057593257375	0.526130926120745	0.550231839258114	0.547984644913628	0.522137825180054		
11.6666667	0.636563353520959	0.647738951695786	0.6111160397445	0.643983143436866	0.513913869752605	0.536321483771252	0.565663198302859	0.530992955252076		
11.9	0.663282270514191	0.650950668036999	0.6430535841022	0.637739971905728	0.509841517629891	0.515455950540958	0.58713001313264	0.525089535204062		
12.1333333	0.676641729010806	0.675038540596095	0.657691625266146	0.64554393631965	0.528167102182102	0.524729520865533	0.563137690675826	0.535912471958755		
12.3666667	0.690001187507422	0.687885405960946	0.641722853087296	0.642422350554081	0.539366070519564	0.531684698608964	0.551772906354177	0.544767602030777		
12.6	0.681094881843011	0.692702980472765	0.660353087295955	0.633057593257375	0.502714901415142	0.514296754250386	0.540408122032529	0.517218308473376		
12.8333333	0.667735423346396	0.71679085303186	0.632407735982967	0.636179179022944	0.495588285200394	0.549072642967542	0.588392766946156	0.526073438545397		
13.0666667	0.672188576178601	0.695914696813977	0.641722853087296	0.654908693616357	0.521040485967353	0.546754250386399	0.597232043640772	0.537880278641426		
13.3	0.685548034675217	0.683067831449126	0.667006742370476	0.639300764788513	0.506787253537856	0.560664605873261	0.573239721183958	0.542799795348105		
13.5333333	0.701876261726636	0.694308838643371	0.62708481192335	0.629936007491806	0.515950045813961	0.538639876352396	0.575765228810991	0.56247786217482		
13.7666667	0.685548034675217	0.687885405960946	0.676321859474805	0.65959107226471	0.531221366274137	0.537480680061824	0.577027982624507	0.544767602030777		
14	0.678126113288208	0.69912641315519	0.653699432221434	0.64554393631965	0.527149014151424	0.536321483771252	0.570714213556925	0.537880278641426		
14.2333333	0.701876261726636	0.671826824254882	0.649707239176721	0.626814421726237	0.539366070519564	0.537480680061824	0.580816244065057	0.549687118737455		
14.4666667	0.706329414558841	0.708761562178828	0.66833747338538	0.619010457312315	0.538347982488886	0.510819165378671	0.593443782200222	0.553622732102798		
14.7	0.68851680323002	0.713579136690648	0.674991128459901	0.650226314968004	0.526130926120745	0.525888717156105	0.590918274573189	0.565429572198827		
14.9333333	0.707813798836243	0.675038540596095	0.664345280340667	0.637739971905728	0.545474598703635	0.536321483771252	0.55429841398121	0.567397378881499		
15.1666667	0.716720104500653	0.695914696813977	0.705597941802697	0.64554393631965	0.530203278243459	0.529366306027821	0.575765228810991	0.528041245228069		
15.4	0.724142025887662	0.736061151079137	0.704267210787793	0.679881379740908	0.547510774764991	0.550231839258114	0.588392766946156	0.559526152150813		
15.6333333	0.733048331552072	0.740878725590956	0.690959900638751	0.65959107226471	0.509841517629891	0.536321483771252	0.611122335589454	0.552638828761463		
15.8666667	0.721173257332858	0.73445529290853	0.685636976579134	0.661151865147495	0.51085960566057	0.560664605873261	0.58334175169209	0.575268605612185		
16.1	0.716720104500653	0.736061151079137	0.708259403832505	0.654908693616357	0.519004309905997	0.546754250386399	0.607334074148904	0.554606635444134		
16.3333333	0.752345327158295	0.75693730729702	0.682975514549326	0.667395036678633	0.549546950826348	0.569938176197836	0.577027982624507	0.56936518556417		
16.5666667	0.7567984799905	0.731243576567318	0.680314052519517	0.670516622444202	0.545474598703635	0.556027820710974	0.579553490251541	0.552638828761463		
16.8	0.736017100106876	0.728031860226105	0.698944286728176	0.720461994693304	0.534275630366172	0.557187017001545	0.594706536013739	0.553622732102798		
17.0333333	0.759767248545303	0.752119732785201	0.70959013484741	0.6908069299204	0.544456510672956	0.542117465224111	0.593443782200222	0.593962769097564		
17.2666667	0.774611091319321	0.744090441932169	0.716243789921931	0.642422350554081	0.532239454304816	0.547913446676971	0.628800888978685	0.588059349049549		
17.5	0.755314095713098	0.728031860226105	0.70959013484741	0.693928515685968	0.544456510672956	0.544435857805255	0.603545812708354	0.554606635444134		
17.7333333	0.733048331552072	0.772995889003083	0.696282824698368	0.672077415326986	0.528167102182102	0.552550231839258	0.602283058894838	0.561493958833484		
17.9666667	0.741954637216482	0.75693730729702	0.705597941802697	0.703293272982675	0.527149014151424	0.568778979907264	0.613647843216486	0.585107639025542		
18.2	0.76570478565491	0.744090441932169	0.713582327892122	0.720461994693304	0.547510774764991	0.594281298299845	0.607334074148904	0.599866189145578		
18.4333333	0.750860942880893	0.777813463514902	0.713582327892122	0.706414858748244	0.563800183255846	0.564142194744977	0.621224366097586	0.5949466724389		
18.6666667	0.779064244151526	0.768178314491264	0.744189141234919	0.726705166224442	0.539366070519564	0.564142194744977	0.627538135165168	0.613640835924279		
18.9	0.768673554209714	0.742484583761562	0.746850603264727	0.723583580458873	0.541402246580921	0.557187017001545	0.625012627538135	0.627415482702979		
19.1333333	0.755314095713098	0.755331449126413	0.748181334279631	0.71890120181052	0.55463739097974	0.571097372488408	0.611122335589454	0.579204218977528		
19.3666667	0.741954637216482	0.772995889003083	0.736204755145493	0.73294833775558	0.549546950826348	0.562982998454405	0.61617335084352	0.5949466724389		
19.6	0.761251632822705	0.782631038026722	0.714913058907026	0.731387544872795	0.543438422642278	0.561823802163833	0.619961612284069	0.598882285804243		
19.8333333	0.819142619641373	0.758543165467626	0.738866217175302	0.742313095052287	0.571944887501273	0.558346213292117	0.636377411859784	0.587075445708214		
20.0666667	0.787970549815936	0.777813463514902	0.753504258339248	0.734509130638364	0.547510774764991	0.562982998454405	0.646479442367916	0.570349088905506		
20.3	0.774611091319321	0.77460174717369	0.718905251951739	0.740752302169502	0.538347982488886	0.569938176197836	0.669209011011213	0.607737415876264		
20.5333333	0.783517396983731	0.79226618705036	0.753504258339248	0.717340408927735	0.528167102182102	0.559505409582689	0.6376401656733	0.603801802510921		
20.7666667	0.817658235363971	0.785842754367934	0.752173527324344	0.748556266583424	0.564818271286524	0.546754250386399	0.630063642792201	0.604785705852257		
21	0.807267545422159	0.8275950668037	0.746850603264727	0.750117059466209	0.557691655071775	0.550231839258114	0.630063642792201	0.619544255972293		
21.2333333	0.802814392589954	0.787448612538541	0.716243789921931	0.736069923521149	0.566854447347881	0.559505409582689	0.599757551267805	0.600850092486914		
21.4666667	0.780548628428928	0.793872045220966	0.733543293115685	0.73294833775558	0.553619302949062	0.559505409582689	0.650267703808465	0.607737415876264		
21.7	0.798361239757748	0.766572456320658	0.729551100070972	0.715779616044951	0.563800183255846	0.583848531684699	0.622487119911102	0.603801802510921		
21.9333333	0.805783161144757	0.806718910585817	0.754834989354152	0.765724988294053	0.547510774764991	0.593122102009274	0.638902919486817	0.633318902750994		
22.1666667	0.816173851086569	0.787448612538541	0.765480837473386	0.748556266583424	0.559727831133132	0.579211746522411	0.642691180927366	0.605769609193593		
22.4	0.79984562403515	0.760149023638232	0.746850603264727	0.709536444513813	0.540384158550243	0.600077279752705	0.646479442367916	0.614624739265615		
22.6333333	0.8428927680798	0.779419321685509	0.754834989354152	0.786015295770251	0.559727831133132	0.595440494590417	0.636377411859784	0.611673029241607		
22.8666667	0.838439615247595	0.800295477903392	0.742858410220014	0.765724988294053	0.574999151593308	0.583848531684699	0.622487119911102	0.618560352630958		
23.1	0.866642916518228	0.800295477903392	0.760157913413769	0.725144373341658	0.566854447347881	0.610510046367852	0.672997272451763	0.623479869337636		
23.3333333	0.816173851086569	0.795477903391573	0.773465223562811	0.795380053066958	0.577035327654665	0.615146831530139	0.657844226689565	0.622495965996301		
23.5666667	0.779064244151526	0.835624357656732	0.742858410220014	0.748556266583424	0.566854447347881	0.583848531684699	0.657844226689565	0.625447676020308		
23.8	0.787970549815936	0.79226618705036	0.734874024130589	0.756360230997347	0.555655479010419	0.60935085007728	0.671734518638246	0.635286709433665		
24.0333333	0.829533309583185	0.832412641315519	0.810725691980128	0.800062431715311	0.587216207961448	0.608191653786708	0.676785533892312	0.629383289385651		
24.2666667	0.820627003918774	0.805113052415211	0.770803761533002	0.736069923521149	0.614704584789765	0.595440494590417	0.647742196181432	0.621512062654965		
24.5	0.838439615247595	0.838836073997945	0.75749645138396	0.768846574059622	0.600451352360267	0.601236476043277	0.671734518638246	0.63430280609233		
24.7333333	0.828048925305783	0.801901336073998	0.753504258339248	0.762603402528485	0.613686496759086	0.580370942812983	0.662895241943631	0.628399386044315		
24.9666667	0.826564541028381	0.837230215827338	0.770803761533002	0.778211331356329	0.616740760851122	0.593122102009274	0.679311041519345	0.64119012948168		
25.2	0.841408383802399	0.787448612538541	0.742858410220014	0.771968159825191	0.605541792513659	0.60355486862442	0.669209011011213	0.632334999409658		
25.4333333	0.854767842299014	0.813142343268243	0.796087650816182	0.748556266583424	0.610632232667051	0.617465224111283	0.686887564400445	0.637254516116337		
25.6666667	0.865158532240826	0.829200924974306	0.780118878637332	0.773528952707976	0.625903553127227	0.618624420401855	0.675522780078796	0.646109646188359		
25.9	0.880002375014844	0.848471223021583	0.778788147622427	0.781332917121898	0.625903553127227	0.619783616692427	0.67047176482473	0.624463772678972		
26.1333333	0.848830305189407	0.822777492291881	0.744189141234919	0.773528952707976	0.624885465096549	0.620942812982998	0.667946257197697	0.666771616356409		
26.3666667	0.850314689466809	0.793872045220966	0.753504258339248	0.756360230997347	0.630993993280619	0.624420401854714	0.710879886857258	0.652996969577709		
26.6	0.869611685073032	0.842047790339157	0.80806422995032	0.778211331356329	0.605541792513659	0.639489953632148	0.713405394484291	0.614624739265615		
26.8333333	0.844377152357202	0.869347379239466	0.780118878637332	0.786015295770251	0.646265313740795	0.632534775888717	0.712142640670775	0.636270612775001		
27.0666667	0.860705379408621	0.840441932168551	0.758827182398865	0.806305603246449	0.626921641157906	0.632534775888717	0.707091625416709	0.628399386044315		
27.3	0.882971143569647	0.800295477903392	0.75749645138396	0.786015295770251	0.640156785556725	0.651081916537867	0.703303363976159	0.683497973159117		
27.5333333	0.857736610853818	0.80993062692703	0.777457416607523	0.77508974559076	0.626921641157906	0.634853168469861	0.688150318213961	0.68054626313511		
27.7666667	0.841408383802399	0.825989208633094	0.762819375443577	0.795380053066958	0.633030169341976	0.634853168469861	0.69572684109506	0.677594553111102		
28	0.890393064956656	0.819565775950668	0.793426188786373	0.78913688153582	0.647283401771473	0.633693972179289	0.69572684109506	0.675626746428431		
28.2333333	0.890393064956656	0.829200924974306	0.74152767920511	0.773528952707976	0.654410017986222	0.611669242658423	0.727295686432973	0.629383289385651		
28.4666667	0.856252226576416	0.816354059609455	0.797418381831086	0.809427189012018	0.667645162385041	0.664992272024729	0.709617133043742	0.666771616356409		
28.7	0.885939912124451	0.842047790339157	0.773465223562811	0.796940845949743	0.627939729188584	0.637171561051005	0.736134963127589	0.705143846668503		
28.9333333	0.881486759292245	0.803507194244604	0.761488644428673	0.84844701108163	0.640156785556725	0.641808346213292	0.704566117789676	0.666771616356409		
29.1666667	0.906721292008075	0.834018499486125	0.801410574875799	0.834399875136569	0.614704584789765	0.651081916537867	0.703303363976159	0.647093549529694		
29.4	0.859220995131219	0.84525950668037	0.804072036905607	0.78913688153582	0.632012081311297	0.616306027820711	0.714668148297808	0.66185209964973		
29.6333333	0.887424296401852	0.864529804727647	0.805402767920511	0.80318401748088	0.648301489802152	0.673106646058733	0.727295686432973	0.681530166476445		
29.8666667	0.869611685073032	0.80993062692703	0.812056422995032	0.787576088653036	0.659500458139614	0.636012364760433	0.712142640670775	0.688417489865796		
30.1	0.863674147963425	0.887011819116136	0.804072036905607	0.796940845949743	0.660518546170292	0.655718701700154	0.742448732195171	0.690385296548467		
30.3333333	0.874064837905237	0.866135662898253	0.777457416607523	0.829717496488216	0.636084433434011	0.67774343122102	0.733609455500556	0.681530166476445		
30.5666667	0.878517990737442	0.882194244604317	0.789433995741661	0.820352739191509	0.658482370108936	0.663833075734158	0.734872209314072	0.692353103231139		
30.8	0.880002375014844	0.866135662898253	0.79874911284599	0.80318401748088	0.660518546170292	0.654559505409583	0.72477017880594	0.691369199889803		
31.0333333	0.880002375014844	0.822777492291881	0.81471788502484	0.796940845949743	0.659500458139614	0.654559505409583	0.733609455500556	0.681530166476445		
31.2666667	0.909690060562878	0.817959917780062	0.812056422995032	0.778211331356329	0.637102521464689	0.655718701700154	0.766441054651985	0.679562359793774		
31.5	0.926018287614297	0.848471223021583	0.794756919801278	0.787576088653036	0.6554281060169	0.683539412673879	0.731083947873523	0.670707229721752		
31.7333333	0.928987056169101	0.858106372045221	0.790764726756565	0.812548774777587	0.64321104964876	0.675425038639876	0.723507424992423	0.710063363375182		
31.9666667	0.926018287614297	0.853288797533402	0.804072036905607	0.806305603246449	0.652373841924865	0.662673879443586	0.731083947873523	0.722854106812547		
32.2	0.906721292008075	0.850077081192189	0.813387154009936	0.790697674418605	0.68088030678386	0.678902627511592	0.763915547024952	0.68743358652446		
32.4333333	0.91117444484028	0.867741521068859	0.832017388218595	0.823474324957078	0.664590898293006	0.675425038639876	0.747499747449237	0.689401393207131		
32.6666667	0.914143213395084	0.819565775950668	0.82403300212917	0.810987981894803	0.663572810262328	0.678902627511592	0.75381351651682	0.700224329961825		
32.9	0.923049519059494	0.882194244604317	0.806733498935415	0.842203839550492	0.669681338446398	0.685857805255023	0.729821194060006	0.709079460033846		
33.1333333	0.897814986343665	0.893435251798561	0.832017388218595	0.846886218198845	0.672735602538433	0.684698608964451	0.732346701687039	0.713998976740525		
33.3666667	0.915627597672485	0.867741521068859	0.810725691980128	0.854690182612767	0.666627074354363	0.681221020092736	0.75381351651682	0.707111653351175		
33.6	0.920080750504691	0.909493833504625	0.837340312278212	0.840643046667707	0.650337665863508	0.702086553323029	0.739923224568138	0.693337006572474		
33.8333333	0.920080750504691	0.846865364850977	0.873270049680625	0.825035117839863	0.681898394814538	0.690494590417311	0.741185978381655	0.71990239678854		
34.0666667	0.885939912124451	0.912705549845838	0.836009581263307	0.812548774777587	0.697169715274714	0.678902627511592	0.757601777957369	0.71990239678854		
34.3	0.912658829117682	0.850077081192189	0.846655429382541	0.871858904323396	0.684952658906574	0.706723338485317	0.755076270330336	0.725805816836554		
34.5333333	0.915627597672485	0.869347379239466	0.826694464158978	0.843764632433276	0.668663250415719	0.726429675425039	0.760127285584402	0.706127750009839		
34.7666667	0.924533903336896	0.878982528263104	0.833348119233499	0.860933354143905	0.675789866630468	0.670788253477589	0.756339024143853	0.716950686764532		
35	0.905236907730673	0.850077081192189	0.817379347054649	0.798501638832527	0.704296331489463	0.720633693972179	0.786645115668249	0.713015073399189		
35.2333333	0.918596366227289	0.899858684480987	0.833348119233499	0.87654128297175	0.702260155428106	0.700927357032457	0.761390039397919	0.705143846668503		
35.4666667	0.917111981949887	0.858106372045221	0.84000177430802	0.859372561261121	0.690043099059966	0.684698608964451	0.741185978381655	0.70120823330316		
35.7	0.931955824723904	0.867741521068859	0.822702271114266	0.857811768378336	0.678844130722503	0.711360123647604	0.780331346600667	0.721870203471211		
35.9333333	0.926018287614297	0.89825282631038	0.826694464158978	0.825035117839863	0.694115451182679	0.729907264296754	0.75002525507627	0.703176039985832		
36.1666667	0.924533903336896	0.903070400822199	0.841332505322924	0.864054939909474	0.715495299826925	0.712519319938176	0.775280331346601	0.703176039985832		
36.4	0.921565134782092	0.840441932168551	0.828025195173882	0.815670360543156	0.698187803305393	0.685857805255023	0.786645115668249	0.724821913495218		
36.6333333	0.912658829117682	0.912705549845838	0.863954932576295	0.854690182612767	0.71244103573489	0.724111282843895	0.763915547024952	0.725805816836554		
36.8666667	0.920080750504691	0.888617677286742	0.847986160397445	0.843764632433276	0.704296331489463	0.712519319938176	0.780331346600667	0.714982880081861		
37.1	0.900783754898468	0.885405960945529	0.836009581263307	0.834399875136569	0.691061187090644	0.719474497681607	0.75381351651682	0.720886300129875		
37.3333333	0.937893361833511	0.907887975334019	0.849316891412349	0.856250975495552	0.708368683612176	0.744976816074189	0.758864531770886	0.751387303711283		
37.5666667	0.939377746110913	0.91591726618705	0.849316891412349	0.796940845949743	0.713459123765568	0.742658423493045	0.792958884735832	0.72678972017789		
37.8	0.921565134782092	0.882194244604317	0.857301277501775	0.806305603246449	0.721603828010995	0.739180834621329	0.770229316092535	0.721870203471211		
38.0333333	0.931955824723904	0.883800102774923	0.847986160397445	0.814109567660372	0.707350595581498	0.757727975270479	0.774017577533084	0.735644850249912		
38.2666667	0.957190357439734	0.887011819116136	0.878592973740241	0.834399875136569	0.725676180133709	0.738021638330757	0.792958884735832	0.763194143807312		
38.5	0.93640897755611	0.872559095580678	0.8652856635912	0.915561105041361	0.715495299826925	0.74613601236476	0.752550762703303	0.727773623519226		
38.7333333	0.909690060562878	0.911099691675231	0.863954932576295	0.870298111440612	0.699205891336071	0.732225656877898	0.771492069906051	0.711047266716518		
38.9666667	0.899299370621066	0.914311408016444	0.845324698367637	0.853129389729983	0.732802796348458	0.728748068006182	0.816951207192646	0.734660946908576		
39.2	0.897814986343665	0.930369989722508	0.878592973740241	0.846886218198845	0.692079275121322	0.743817619783617	0.77906859278715	0.734660946908576		
39.4333333	0.933440209001306	0.936793422404933	0.851978353442158	0.826595910722647	0.720585739980317	0.732225656877898	0.772754823719568	0.729741430201897		
39.6666667	0.896330602066263	0.901464542651593	0.851978353442158	0.839082253784923	0.710404859673533	0.717156105100464	0.805586422870997	0.767129757172655		
39.9	0.918596366227289	0.927158273381295	0.841332505322924	0.853129389729983	0.728730444225744	0.722952086553323	0.792958884735832	0.746467787004605		
40.1333333	0.940862130388315	0.899858684480987	0.867947125621008	0.859372561261121	0.720585739980317	0.741499227202473	0.800535407616931	0.751387303711283		
40.3666667	0.921565134782092	0.893435251798561	0.85597054648687	0.846886218198845	0.722621916041674	0.735703245749614	0.815688453379129	0.77303317722067		
40.6	0.926018287614297	0.91591726618705	0.866616394606104	0.851568596847198	0.721603828010995	0.744976816074189	0.824527730073745	0.758274627100634		
40.8333333	0.969065431658948	0.914311408016444	0.871939318665721	0.881223661620103	0.710404859673533	0.739180834621329	0.829578745327811	0.751387303711283		
41.0666667	0.963127894549341	0.86292394655704	0.863954932576295	0.834399875136569	0.720585739980317	0.748454404945904	0.803060915243964	0.739580463615255		
41.3	0.915627597672485	0.906282117163412	0.858632008516679	0.857811768378336	0.714477211796247	0.74613601236476	0.816951207192646	0.745483883663269		
41.5333333	0.933440209001306	0.899858684480987	0.863954932576295	0.851568596847198	0.732802796348458	0.755409582689335	0.806849176684514	0.767129757172655		
41.7666667	0.930471440446503	0.914311408016444	0.890569552874379	0.857811768378336	0.724658092103031	0.742658423493045	0.818213961006162	0.774017080562006		
42	0.937893361833511	0.912705549845838	0.883915897799858	0.867176525675043	0.747056028777955	0.758887171561051	0.805586422870997	0.762210240465977		
42.2333333	0.924533903336896	0.951246145940391	0.875931511710433	0.851568596847198	0.717531475888282	0.767001545595054	0.827053237700778	0.775984887244677		
42.4666667	0.921565134782092	0.923946557040082	0.8972232079489	0.859372561261121	0.730766620287101	0.776275115919629	0.84094352964946	0.77992050061002		
42.7	0.948284051775323	0.901464542651593	0.879923704755146	0.885906040268457	0.741965588624563	0.771638330757342	0.829578745327811	0.790743437364713		
42.9333333	0.934924593278708	0.946428571428572	0.887908090844571	0.870298111440612	0.741965588624563	0.720633693972179	0.834629760581877	0.769097563855327		
43.1666667	0.909690060562878	0.890223535457349	0.877262242725337	0.898392383330732	0.74400176468592	0.717156105100464	0.822002222446712	0.780904403951356		
43.4	0.937893361833511	0.960881294964029	0.82403300212917	0.831278289371001	0.729748532256423	0.721792890262751	0.832104252954844	0.771065370537998		
43.6333333	0.966096663104144	0.923946557040082	0.88125443577005	0.854690182612767	0.758254997115417	0.792503863987635	0.809374684311547	0.785823920658035		
43.8666667	0.964612278826742	0.923946557040082	0.874600780695529	0.857811768378336	0.753164556962025	0.793663060278207	0.83715526820891	0.791727340706049		
44.1	0.939377746110913	0.964093011305242	0.873270049680625	0.870298111440612	0.772508229544915	0.786707882534776	0.810637438125063	0.768113660513991		
44.3333333	0.967581047381546	0.928764131551902	0.905207594038325	0.874980490088965	0.738911324532528	0.778593508500773	0.849782806344075	0.807469794167421		
44.5666667	0.98836242726517	0.933581706063721	0.894561745919092	0.801623224598096	0.74400176468592	0.767001545595054	0.867461359733306	0.772049273879334		
44.8	0.934924593278708	0.978545734840699	0.859962739531583	0.874980490088965	0.776580581667628	0.784389489953632	0.84094352964946	0.761226337124641		
45.0333333	0.951252820330127	0.970516443987667	0.903876863023421	0.907757140627439	0.772508229544915	0.760046367851623	0.849782806344075	0.80550198748475		
45.2666667	0.949768436052725	0.943216855087359	0.878592973740241	0.86249414702669	0.771490141514236	0.77047913446677	0.815688453379129	0.771065370537998		
45.5	0.931955824723904	0.957669578622816	0.8972232079489	0.857811768378336	0.755200733023382	0.802936630602782	0.823264976260228	0.776968790586013		
45.7333333	0.977971737323358	0.948034429599178	0.886577359829667	0.879662868737319	0.766399701360844	0.772797527047913	0.851045560157592	0.77992050061002		
45.9666667	0.949768436052725	0.952852004110997	0.875931511710433	0.86249414702669	0.760291173176774	0.771638330757342	0.83336700676836	0.810421504191428		
46.2	0.940862130388315	0.933581706063721	0.911861249112846	0.873419697206181	0.767417789391523	0.760046367851623	0.86241034447924	0.771065370537998		
46.4333333	0.949768436052725	0.923946557040082	0.878592973740241	0.881223661620103	0.77556249363695	0.794822256568779	0.84094352964946	0.810421504191428		
46.6666667	0.969065431658948	0.948034429599178	0.859962739531583	0.892149211799594	0.755200733023382	0.800618238021638	0.856096575411658	0.769097563855327		
46.9	0.943830898943118	0.935187564234327	0.903876863023421	0.879662868737319	0.773526317575593	0.780911901081917	0.828315991514294	0.804518084143414		
47.1333333	0.939377746110913	0.957669578622816	0.890569552874379	0.870298111440612	0.779634845759663	0.791344667697063	0.864935852106273	0.77303317722067		
47.3666667	0.940862130388315	0.948034429599178	0.878592973740241	0.89058841891681	0.777598669698307	0.795981452859351	0.83715526820891	0.77992050061002		
47.6	0.970549815936349	0.936793422404933	0.92250709723208	0.885906040268457	0.790833814097126	0.793663060278207	0.851045560157592	0.782872210634027		
47.8333333	0.928987056169101	0.914311408016444	0.92250709723208	0.901513969096301	0.77556249363695	0.792503863987635	0.859884836852207	0.789759534023378		
48.0666667	0.923049519059494	0.949640287769784	0.917184173172463	0.850007803964414	0.794906166219839	0.797140649149923	0.854833821598141	0.811405407532764		
48.3	0.946799667497922	0.954457862281603	0.901215400993613	0.89058841891681	0.803050870465266	0.808732612055641	0.863673098292757	0.837970797748829		
48.5333333	0.958674741717136	0.99139260020555	0.887908090844571	0.843764632433276	0.799996606373231	0.814528593508501	0.859884836852207	0.785823920658035		
48.7666667	0.94531528322052	0.972122302158274	0.895892476933996	0.867176525675043	0.794906166219839	0.823802163833076	0.869986867360339	0.791727340706049		
49	0.942346514665717	0.936793422404933	0.935814407381122	0.839082253784923	0.795924254250518	0.800618238021638	0.882614405495505	0.807469794167421		
49.2333333	0.975002968768555	0.954457862281603	0.911861249112846	0.870298111440612	0.782689109851699	0.782071097372488	0.893979189817153	0.814357117556771		
49.4666667	0.955705973162332	0.922340698869476	0.910530518097942	0.867176525675043	0.783707197882377	0.794822256568779	0.864935852106273	0.797630760754064		
49.7	0.946799667497922	0.964093011305242	0.92250709723208	0.921804276572499	0.780652933790342	0.804095826893354	0.858622083038691	0.815341020898107		
49.9333333	0.949768436052725	0.962487153134635	0.934483676366217	0.892149211799594	0.783707197882377	0.812210200927357	0.83336700676836	0.824196150970129		
50.1666667	0.93640897755611	0.927158273381295	0.90653832505323	0.899953176213517	0.80101469440391	0.785548686244204	0.875037882614406	0.820260537604786		
50.4	0.972034200213751	0.93839928057554	0.923837828246984	0.873419697206181	0.836647775477653	0.812210200927357	0.89524194363067	0.833051281042151		
50.6333333	0.939377746110913	0.936793422404933	0.915853442157559	0.909317933510223	0.792869990158482	0.78902627511592	0.890190928376604	0.81927663426345		
50.8666667	0.934924593278708	0.952852004110997	0.91319198012775	0.893710004682379	0.791851902127804	0.811051004636785	0.869986867360339	0.810421504191428		
51.1	0.960159125994537	0.959275436793423	0.934483676366217	0.889027626034025	0.798978518342553	0.806414219474498	0.863673098292757	0.830099571018143		
51.3333333	0.960159125994537	0.92073484069887	0.929160752306601	0.90463555486187	0.806105134557301	0.798299845440495	0.877563390241438	0.813373214215436		
51.5666667	0.963127894549341	0.959275436793423	0.921176366217176	0.91868269080693	0.799996606373231	0.809891808346213	0.844731791090009	0.798614664095399		
51.8	0.951252820330127	0.972122302158274	0.90653832505323	0.923365069455283	0.823412631078834	0.799459041731066	0.883877159309021	0.816324924239443		
52.0333333	0.940862130388315	0.948034429599178	0.92250709723208	0.864054939909474	0.797960430311874	0.823802163833076	0.917971512273967	0.829115667676808		
52.2666667	0.937893361833511	0.936793422404933	0.918514904187367	0.90463555486187	0.785743373943734	0.818006182380216	0.863673098292757	0.815341020898107		
52.5	0.946799667497922	0.965698869475848	0.92250709723208	0.850007803964414	0.825448807140191	0.80177743431221	0.880088897868472	0.822228344287457		
52.7333333	0.980940505878162	0.911099691675231	0.923837828246984	0.870298111440612	0.825448807140191	0.818006182380216	0.886402666936054	0.813373214215436		
52.9666667	0.924533903336896	0.944822713257965	0.942468062455643	0.881223661620103	0.815267926833407	0.836553323029366	0.919234266087484	0.815341020898107		
53.2	0.973518584491153	0.941610996916752	0.882585166784954	0.854690182612767	0.78167102182102	0.819165378670788	0.905343974138802	0.822228344287457		
53.4333333	0.967581047381546	0.992998458376156	0.919845635202271	0.882784454502888	0.827484983201548	0.812210200927357	0.882614405495505	0.843874217796844		
53.6666667	0.958674741717136	0.984969167523124	0.907869056068134	0.889027626034025	0.817304102894764	0.812210200927357	0.909132235579351	0.839938604431501		
53.9	0.998753117206982	0.936793422404933	0.934483676366217	0.887466833151241	0.816286014864085	0.836553323029366	0.904081220325285	0.855681057892873		
54.1333333	0.977971737323358	0.994604316546763	0.942468062455643	0.945216169814266	0.814249838802729	0.834234930448223	0.872512374987372	0.836002991066158		
54.3666667	0.964612278826742	0.984969167523124	0.926499290276792	0.870298111440612	0.797960430311874	0.82032457496136	0.887665420749571	0.81927663426345		
54.6	0.98836242726517	0.951246145940391	0.973074875798439	0.90463555486187	0.835629687446975	0.842349304482226	0.919234266087484	0.854697154551537		
54.8333333	0.934924593278708	0.970516443987667	0.961098296664301	0.931169033869206	0.80101469440391	0.85741885625966	0.901555712698252	0.829115667676808		
55.0666667	0.972034200213751	0.989786742034944	0.930491483321505	0.873419697206181	0.811195574710693	0.858578052550232	0.916708758460451	0.809437600850093		
55.3	1.013596959981	0.964093011305242	0.947790986515259	0.892149211799594	0.824430719109512	0.844667697063369	0.902818466511769	0.861584477940887		
55.5333333	0.985393658710367	0.980151593011305	0.925168559261888	0.931169033869206	0.821376455017477	0.831916537867079	0.933124558036165	0.850761541186194		
55.7666667	0.969065431658948	0.976939876670093	0.910530518097942	0.910878726393008	0.825448807140191	0.806414219474498	0.896504697444186	0.861584477940887		
56	0.964612278826742	0.972122302158274	0.958436834634493	0.921804276572499	0.806105134557301	0.850463678516229	0.911657743206384	0.856664961234208		
56.2333333	0.98836242726517	0.959275436793423	0.941137331440738	0.91868269080693	0.822394543048156	0.840030911901082	0.892716436003637	0.827147860994136		
56.4666667	0.960159125994537	0.936793422404933	0.962429027679205	0.91868269080693	0.823412631078834	0.843508500772797	0.896504697444186	0.900940611594317		
56.7	0.955705973162332	0.954457862281603	0.969082682753726	0.968628063056033	0.834611599416296	0.829598145285935	0.888928174563087	0.856664961234208		
56.9333333	0.958674741717136	0.959275436793423	0.92250709723208	0.953020134228188	0.806105134557301	0.828438948995363	0.911657743206384	0.849777637844858		
57.1666667	0.982424890155563	1.00102774922919	0.958436834634493	0.89058841891681	0.827484983201548	0.816846986089644	0.92428528134155	0.845842024479515		
57.4	0.969065431658948	0.952852004110997	0.914522711142655	0.953020134228188	0.831557335324261	0.826120556414219	0.897767451257703	0.842890314455508		
57.6333333	0.975002968768555	0.972122302158274	0.934483676366217	0.885906040268457	0.830539247293583	0.833075734157651	0.911657743206384	0.857648864575544		
57.8666667	0.977971737323358	0.946428571428572	0.931822214336409	0.923365069455283	0.836647775477653	0.850463678516229	0.906606727952318	0.839938604431501		
58.1	0.997268732929581	0.957669578622816	0.95444464158978	0.943655376931481	0.833593511385618	0.835394126738794	0.921759773714517	0.853713251210201		
58.3333333	0.94531528322052	0.975334018499486	0.931822214336409	0.929608240986421	0.837665863508331	0.848145285935085	0.896504697444186	0.859616671258216		
58.5666667	0.977971737323358	0.944822713257965	0.935814407381122	0.909317933510223	0.851919095937829	0.834234930448223	0.904081220325285	0.860600574599551		
58.8	0.957190357439734	0.989786742034944	0.933152945351313	0.957702512876541	0.845810567753759	0.811051004636785	0.902818466511769	0.853713251210201		
59.0333333	0.958674741717136	0.959275436793423	0.930491483321505	0.91868269080693	0.843774391692402	0.834234930448223	0.934387311849682	0.843874217796844		
59.2666667	0.977971737323358	0.943216855087359	0.945129524485451	0.906196347744654	0.84479247972308	0.846986089644513	0.926810788968583	0.856664961234208		
59.5	0.995784348652179	0.962487153134635	0.942468062455643	0.938972998283128	0.860063800183256	0.829598145285935	0.925548035155066	0.843874217796844		
59.7333333	0.952737204607529	0.986575025693731	0.942468062455643	0.935851412517559	0.843774391692402	0.837712519319938	0.916708758460451	0.859616671258216		
59.9666667	0.960159125994537	0.951246145940391	0.965090489709014	0.938972998283128	0.843774391692402	0.83887171561051	0.914183250833417	0.870439608012909		
60.2	0.952737204607529	1.00102774922919	0.947790986515259	0.951459341345404	0.846828655784437	0.843508500772797	0.904081220325285	0.866503994647566		
60.4333333	0.961643510271939	0.986575025693731	0.946460255500355	0.912439519275792	0.850901007907151	0.856259659969088	0.939438327103748	0.843874217796844		
60.6666667	0.955705973162332	0.954457862281603	0.958436834634493	0.892149211799594	0.857009536091221	0.816846986089644	0.901555712698252	0.866503994647566		
60.9	1.00023750148438	0.941610996916752	0.943798793470547	0.93272982675199	0.858027624121899	0.828438948995363	0.915446004646934	0.884214254791609		
61.1333333	0.967581047381546	0.997816032887975	0.934483676366217	0.979553613235524	0.850901007907151	0.83887171561051	0.950803111425396	0.87240741469558		
61.3666667	0.982424890155563	0.980151593011305	0.947790986515259	0.937412205400344	0.849882919876472	0.840030911901082	0.939438327103748	0.877326931402259		
61.6	0.980940505878162	0.959275436793423	0.95444464158978	0.948337755579835	0.865154240336648	0.848145285935085	0.930599050409132	0.855681057892873		
61.8333333	0.963127894549341	0.960881294964029	0.953113910574876	0.917121897924146	0.850901007907151	0.835394126738794	0.94954035761188	0.895037191546303		
62.0666667	0.948284051775323	0.989786742034944	0.95444464158978	0.91868269080693	0.855991448060543	0.845826893353941	0.94575209617133	0.89110157818096		
62.3	0.972034200213751	0.959275436793423	0.943798793470547	0.957702512876541	0.843774391692402	0.853941267387944	0.94575209617133	0.882246448108938		
62.5333333	1.00172188576179	0.967304727646454	0.930491483321505	0.865615732792259	0.858027624121899	0.881761978361669	0.920497019901	0.879294738084931		
62.7666667	0.967581047381546	0.976939876670093	0.962429027679205	0.967067270173248	0.858027624121899	0.871329211746522	0.97479543388221	0.869455704671573		
63	0.98836242726517	0.967304727646454	0.934483676366217	0.942094584048697	0.863118064275291	0.870170015455951	0.929336296595616	0.876343028060923		
63.2333333	0.973518584491153	0.970516443987667	0.93847586941093	0.942094584048697	0.843774391692402	0.893353941267388	0.938175573290231	0.899956708252981		
63.4666667	1.00023750148438	0.976939876670093	0.961098296664301	0.91868269080693	0.874317032612753	0.859737248840804	0.940701080917264	0.905860128300996		
63.7	0.991331195819974	0.967304727646454	0.967751951738822	0.954580927110973	0.851919095937829	0.855100463678516	0.953328619052429	0.863552284623559		
63.9333333	0.97945612160076	0.986575025693731	0.961098296664301	0.94677696269705	0.859045712152578	0.881761978361669	0.92428528134155	0.895037191546303		
64.1666667	0.966096663104144	0.989786742034944	0.974405606813343	0.953020134228188	0.868208504428683	0.897990726429675	0.954591372865946	0.886182061474281		
64.4	0.976487353045956	0.962487153134635	0.941137331440738	0.945216169814266	0.875335120643432	0.855100463678516	0.960905141933529	0.87240741469558		
64.6333333	1.00172188576179	0.975334018499486	0.950452448545068	0.954580927110973	0.87024468049004	0.873647604327666	0.94954035761188	0.886182061474281		
64.8666667	0.976487353045956	0.984969167523124	0.95444464158978	0.968628063056033	0.879407472766145	0.872488408037094	0.963430649560562	0.869455704671573		
65.1	1.00765942287139	0.967304727646454	0.961098296664301	0.953020134228188	0.846828655784437	0.850463678516229	0.959642388120012	0.89798890157031		
65.3333333	0.980940505878162	1.02511562178828	0.978397799858056	0.91868269080693	0.887552177011572	0.852782071097372	0.936912819476715	0.895037191546303		
65.5666667	0.942346514665717	1.00584532374101	0.949121717530164	0.934290619634775	0.871262768520718	0.891035548686244	0.940701080917264	0.881262544767602		
65.8	0.976487353045956	0.986575025693731	0.961098296664301	0.985796784766662	0.875335120643432	0.872488408037094	0.940701080917264	0.914715258373018		
66.0333333	0.985393658710367	0.984969167523124	0.946460255500355	0.96082409864211	0.858027624121899	0.844667697063369	0.957116880492979	0.905860128300996		
66.2666667	0.964612278826742	0.992998458376156	0.93847586941093	0.938972998283128	0.898751145349035	0.846986089644513	0.928073542782099	0.877326931402259		
66.5	0.972034200213751	0.994604316546763	0.971744144783535	0.948337755579835	0.866172328367326	0.878284389489954	0.981109202949793	0.918650871738361		
66.7333333	0.973518584491153	0.981757451181912	0.951783179559972	0.937412205400344	0.863118064275291	0.865533230293663	0.957116880492979	0.887165964815617		
66.9666667	0.980940505878162	1.01869218910586	0.947790986515259	0.938972998283128	0.862099976244613	0.850463678516229	0.94954035761188	0.900940611594317		
67.2	0.986878042987768	0.983363309352518	0.991705110007097	0.921804276572499	0.867190416398005	0.892194744976816	0.964693403374078	0.922586485103704		
67.4333333	0.977971737323358	0.997816032887975	0.955775372604684	0.949898548462619	0.880425560796824	0.845826893353941	0.950803111425396	0.888149868156952		
67.6666667	0.982424890155563	0.978545734840699	0.983720723917672	0.959263305759326	0.887552177011572	0.879443585780526	0.964693403374078	0.890117674839624		
67.9	0.985393658710367	0.986575025693731	0.965090489709014	0.953020134228188	0.895696881257	0.886398763523957	0.97858369532276	0.879294738084931		
68.1333333	1.00172188576179	0.949640287769784	0.957106103619589	0.988918370532231	0.884497912919537	0.880602782071097	0.94954035761188	0.906844031642332		
68.3666667	1.00469065431659	1.03153905447071	0.957106103619589	0.909317933510223	0.87024468049004	0.887557959814529	0.94575209617133	0.902908418276989		
68.6	1.00023750148438	0.970516443987667	0.961098296664301	0.934290619634775	0.865154240336648	0.877125193199382	0.987422972017375	0.896021094887638		
68.8333333	1.013596959981	1.00263360739979	0.966421220723918	0.945216169814266	0.887552177011572	0.865533230293663	0.969744418628144	0.889133771498288		
69.0666667	0.976487353045956	1.01226875642343	0.951783179559972	0.920243483689715	0.902823497471748	0.884080370942813	0.959642388120012	0.857648864575544		
69.3	0.986878042987768	1.01066289825283	0.967751951738822	0.921804276572499	0.888570265042251	0.878284389489954	0.947014849984847	0.889133771498288		
69.5333333	1.01953449709061	1.02350976361768	0.959767565649397	0.942094584048697	0.917076729901246	0.893353941267388	0.969744418628144	0.925538195127711		
69.7666667	1.01953449709061	0.997816032887975	0.947790986515259	0.943655376931481	0.887552177011572	0.893353941267388	0.962167895747045	0.89798890157031		
70	0.995784348652179	0.965698869475848	0.96375975869411	0.988918370532231	0.882461736858181	0.884080370942813	0.964693403374078	0.890117674839624		
70.2333333	1.03289395558722	0.968910585817061	0.983720723917672	0.93272982675199	0.895696881257	0.8887171561051	0.968481664814628	0.922586485103704		
70.4666667	0.98836242726517	1.01869218910586	1.01565826827537	0.943655376931481	0.938456578545492	0.87596599690881	0.965956157187595	0.910779645007675		
70.7	0.980940505878162	1.00745118191161	0.969082682753726	0.921804276572499	0.903841585502427	0.881761978361669	0.959642388120012	0.91176354834901		
70.9333333	0.949768436052725	0.97372816032888	0.962429027679205	0.999843920711722	0.908932025655819	0.89451313755796	0.964693403374078	0.906844031642332		
71.1666667	0.958674741717136	0.99139260020555	0.966421220723918	0.977992820352739	0.910968201717175	0.884080370942813	0.994999494898475	0.90487622495966		
71.4	1.00320627003919	1.02190390544707	0.926499290276792	0.965506477290464	0.900787321410391	0.8887171561051	1.00005051015254	0.920618678421032		
71.6333333	0.991331195819974	1.02511562178828	0.987712916962385	0.90463555486187	0.890606441103608	0.887557959814529	1.00636427922012	0.921602581762368		
71.8666667	0.963127894549341	0.996210174717369	0.96375975869411	0.942094584048697	0.909950113686497	0.871329211746522	1.00888978684716	0.895037191546303		
72.1	0.973518584491153	1.00263360739979	0.946460255500355	0.954580927110973	0.890606441103608	0.887557959814529	0.943226588544297	0.939312841906411		
72.3333333	0.967581047381546	0.972122302158274	0.947790986515259	0.951459341345404	0.906895849594462	0.908423493044822	0.997525002525508	0.921602581762368		
72.5666667	0.980940505878162	1.01869218910586	0.977067068843151	0.971749648821602	0.925221434146673	0.901468315301391	0.943226588544297	0.932425518517061		
72.8	0.983909274432965	1.01548047276465	0.961098296664301	0.94677696269705	0.932348050361421	0.899149922720247	0.969744418628144	0.89110157818096		
73.0333333	0.995784348652179	1.00263360739979	0.97972853087296	0.931169033869206	0.898751145349035	0.899149922720247	0.960905141933529	0.929473808493054		
73.2666667	0.975002968768555	0.994604316546763	0.981059261887864	0.976432027469955	0.902823497471748	0.895672333848532	0.982371956763309	0.91176354834901		
73.5	0.970549815936349	1.02350976361768	0.983720723917672	0.996722334946153	0.918094817931924	0.879443585780526	0.997525002525508	0.928489905151718		
73.7333333	1.00914380714879	1.00263360739979	0.978397799858056	0.928047448103637	0.908932025655819	0.881761978361669	0.989948479644408	0.913731355031682		
73.9666667	0.989846811542572		0.966421220723918	0.957702512876541	0.918094817931924	0.899149922720247	0.963430649560562	0.934393325199733		
74.2	0.989846811542572		0.96375975869411	0.987357577649446	0.925221434146673	0.933925811437403	0.973532680068694	0.928489905151718		
74.4333333	0.976487353045956		0.978397799858056	0.959263305759326	0.915040553839889	0.917697063369397	0.982371956763309	0.915699161714353		
74.6666667	0.977971737323358		0.961098296664301	0.954580927110973	0.91402246580921	0.87596599690881	0.965956157187595	0.896021094887638		
74.9	0.98836242726517		0.957106103619589	0.953020134228188	0.94558319476024	0.906105100463679	0.982371956763309	0.910779645007675		
75.1333333	0.983909274432965		0.958436834634493	0.971749648821602	0.906895849594462	0.889876352395672	0.981109202949793	0.907827934983667		
75.3666667	1.00469065431659		0.974405606813343	0.948337755579835	0.93947466657617	0.920015455950541	0.987422972017375	0.898972804911646		
75.6	1.00617503859399		0.977067068843151	0.949898548462619	0.897733057318356	0.900309119010819	0.97479543388221	0.93045771183439		
75.8333333	1.02250326564541		0.970413413768631	0.998283127828937	0.948637458852276	0.906105100463679	0.981109202949793	0.913731355031682		
76.0666667	0.985393658710367		0.993035841022002	0.915561105041361	0.923185258085316	0.906105100463679	0.987422972017375	0.918650871738361		
76.3	0.967581047381546		0.957106103619589	1.00140471359451	0.917076729901246	0.901468315301391	0.958379634306496	0.934393325199733		
76.5333333	1.00320627003919		0.939806600425834	0.967067270173248	0.925221434146673	0.928129829984544	1.00383877159309	0.934393325199733		
76.7666667	1.00023750148438		1.00501242015614	0.984235991883877	0.915040553839889	0.928129829984544	0.991211233457925	0.914715258373018		
77	1.00469065431659		0.967751951738822	1.00764788512564	0.942528930668205	0.897990726429675	1.00762703303364	0.922586485103704		
77.2333333	1.00469065431659		0.981059261887864	0.963945684407679	0.924203346115994	0.89451313755796	0.992473987271442	0.925538195127711		
77.4666667	1.0106281914262		0.999689496096523	0.968628063056033	0.951691722944311	0.909582689335394	0.976058187695727	0.926522098469047		
77.7	1.02992518703242		0.981059261887864	0.963945684407679	0.951691722944311	0.926970633693972	0.997525002525508	0.922586485103704		
77.9333333	0.997268732929581		0.973074875798439	0.971749648821602	0.925221434146673	0.889876352395672	1.0202545711688	0.920618678421032		
78.1666667	1.00023750148438		0.962429027679205	0.987357577649446	0.954745987036346	0.8887171561051	0.984897464390342	0.924554291786375		
78.4	1.02101888136801		0.987712916962385	0.979553613235524	0.940492754606849	0.911901081916538	0.97858369532276	0.943248455271754		
78.6333333	0.997268732929581		0.974405606813343	0.981114406118308	0.948637458852276	0.920015455950541	0.986160218203859	0.920618678421032		
78.8666667	0.980940505878162		0.978397799858056	0.954580927110973	0.9333661383921	0.877125193199382	0.969744418628144	0.914715258373018		
79.1	0.964612278826742		0.983720723917672	0.931169033869206	0.952709810974989	0.921174652241113	0.969744418628144	0.928489905151718		
79.3333333	1.02398764992281		0.999689496096523	0.992039956297799	0.943547018698884	0.891035548686244	0.97858369532276	0.935377228541068		
79.5666667	1.01953449709061		0.982389992902768	0.965506477290464	0.942528930668205	0.926970633693972	0.955854126679463	0.922586485103704		
79.8	0.994299964374777		0.999689496096523	0.976432027469955	0.932348050361421	0.921174652241113	0.992473987271442	0.950135778661104		
80.0333333	1.02101888136801		0.978397799858056	0.982675199001093	0.949655546882954	0.929289026275116	0.979846449136276	0.917666968397025		
80.2666667	0.994299964374777		0.973074875798439	0.977992820352739	0.930311874300065	0.938562596599691	0.982371956763309	0.940296745247747		
80.5	0.980940505878162		1.01965046132009	0.970188855938817	0.938456578545492	0.908423493044822	0.997525002525508	0.938328938565075		
80.7333333	1.00469065431659		1.00900461320085	1.01389105665678	0.921149082023959	0.936244204018547	1.0278310940499	0.950135778661104		
80.9666667	0.991331195819974		1.00102022711143	0.970188855938817	0.922167170054638	0.917697063369397	0.969744418628144	0.954071392026447		
81.2	0.973518584491153		0.969082682753726	0.949898548462619	0.96492686734313	0.93160741885626	0.960905141933529	0.958007005391791		
81.4333333			0.97972853087296	0.970188855938817	0.948637458852276	0.923493044822257	0.97858369532276	0.949151875319769		
81.6666667			0.977067068843151	0.957702512876541	0.947619370821597	0.903786707882535	1.00131326396606	0.962926522098469		
81.9			0.967751951738822	0.971749648821602	0.923185258085316	0.959428129829984	0.983634710576826	0.912747451690346		
82.1333333			0.969082682753726	1.02325581395349	0.94558319476024	0.961746522411128	0.982371956763309	0.932425518517061		
82.3666667			0.975736337828247	0.973310441704386	0.935402314453457	0.911901081916538	0.991211233457925	0.938328938565075		
82.6			0.970413413768631	0.962384891524895	0.960854515220416	0.916537867078825	0.982371956763309	0.942264551930418		
82.8333333			0.986382185947481	0.96082409864211	0.944565106729562	0.889876352395672	0.948277603798363	0.958007005391791		
83.0666667			0.986382185947481	0.97487123458717	0.947619370821597	0.899149922720247	0.988685725830892	0.959974812074462		
83.3			0.986382185947481	0.97487123458717	0.953727899005668	0.936244204018547	0.997525002525508	0.955055295367783		
83.5333333			1.01698899929028	0.987357577649446	0.946601282790919	0.943199381761978	1.02530558642287	0.958007005391791		
83.7666667			0.99569730305181	1.02793819260184	0.943547018698884	0.914219474497682	0.982371956763309	0.957023102050455		
84			0.958436834634493	0.979553613235524	0.950673634913632	0.924652241112828	1.00005051015254	0.969813845487819		
84.2333333			0.97972853087296	0.995161542063368	0.954745987036346	0.928129829984544	0.986160218203859	0.943248455271754		
84.4666667			0.990374378992193	1.01701264242235	0.941510842637527	0.896831530139104	0.997525002525508	0.95111968200244		
84.7			1.00368168914124	1.01076947089121	0.970017307496522	0.89451313755796	0.988685725830892	0.958007005391791		
84.9333333			0.970413413768631	0.948337755579835	0.965944955373808	0.922333848531685	0.968481664814628	0.963910425439805		
85.1666667			1.00767388218595	0.97487123458717	0.946601282790919	0.95015455950541	0.998787756339024	0.963910425439805		
85.4			0.974405606813343	1.00296550647729	0.9710353955272	0.928129829984544	1.00762703303364	0.966862135463812		
85.6333333			0.993035841022002	0.971749648821602	0.950673634913632	0.926970633693972	0.997525002525508	0.946200165295761		
85.8666667			1.00102022711143	1.0216950210707	0.940492754606849	0.910741885625966	0.997525002525508	0.958007005391791		
86.1			0.986382185947481	0.979553613235524	0.973071571588557	0.933925811437403	0.989948479644408	0.93734503522374		
86.3333333			1.00634315117104	0.938972998283128	0.978162011741949	0.921174652241113	0.981109202949793	0.947184068637097		
86.5666667			0.994366572036906	1.00140471359451	0.976125835680592	0.945517774343122	0.976058187695727	0.98358849226652		
86.8			0.990374378992193	0.982675199001093	0.965944955373808	0.948995363214838	0.986160218203859	0.955055295367783		
87.0333333			0.986382185947481	0.962384891524895	0.962890691281773	0.916537867078825	0.984897464390342	0.947184068637097		
87.2666667			0.969082682753726	1.02793819260184	0.952709810974989	0.930448222565688	1.00257601777957	0.965878232122476		
87.5			1.00102022711143	0.93272982675199	0.987324804018054	0.929289026275116	1.00762703303364	0.979652878901177		
87.7333333			1.00767388218595	1.01701264242235	0.983252451895341	0.929289026275116	0.97858369532276	0.986540202290527		
87.9666667			0.97972853087296	0.967067270173248	0.958818339159059	0.930448222565688	0.969744418628144	0.961942618757133		
88.2			0.993035841022002	0.999843920711722	0.975107747649914	0.910741885625966	0.97858369532276	0.972765555511827		
88.4333333			1.00501242015614	0.965506477290464	0.980198187803306	0.94435857805255	0.981109202949793	0.954071392026447		
88.6666667			1.01831973030518	1.00452629936007	0.973071571588557	0.918856259659969	0.989948479644408	0.953087488685112		
88.9			0.973074875798439	0.993600749180584	0.991397156140768	0.914219474497682	0.97479543388221	0.955055295367783		
89.1333333			0.997028034066714	1.012330263774	0.967981131435165	0.94435857805255	0.989948479644408	0.97670116887717		
89.3666667			0.993035841022002	1.01389105665678	0.97714392371127	0.928129829984544	0.989948479644408	0.943248455271754		
89.6			1.01965046132009	0.968628063056033	0.985288627956697	0.937403400309119	1.00005051015254	0.959974812074462		
89.8333333			0.998358765081618	1.00452629936007	0.958818339159059	0.928129829984544	0.983634710576826	0.943248455271754		
90.0666667			0.985051454932577	1.00608709224286	0.974089659619235	0.9258114374034	1.00131326396606	0.941280648589083		
90.3			0.993035841022002	0.998283127828937	0.973071571588557	0.902627511591963	0.987422972017375	0.945216261954426		
90.5333333			1.00900461320085	0.985796784766662	0.958818339159059	0.968701700154559	0.991211233457925	0.967846038805148		
90.7666667			1.01565826827537	0.985796784766662	0.968999219465843	0.964064914992272	0.97858369532276	0.966862135463812		
91			0.990374378992193	0.954580927110973	0.951691722944311	0.940880989180835	0.991211233457925	0.971781652170491		
91.2333333			0.997028034066714	1.00296550647729	0.975107747649914	0.948995363214838	1.00131326396606	0.953087488685112		
91.4666667			0.97972853087296	0.996722334946153	0.980198187803306	0.955950540958269	0.996262248711991	0.933409421858397		
91.7			1.01166607523066	0.984235991883877	0.961872603251095	0.955950540958269	1.00636427922012	0.975717265535834		
91.9333333			1.02098119233499	0.97487123458717	0.968999219465843	0.953632148377125	0.998787756339024	0.981620685583848		
92.1666667			0.989043647977289	0.962384891524895	1.00259612447823	0.964064914992272	0.989948479644408	0.969813845487819		
92.4			1.01565826827537	0.996722334946153	0.980198187803306	0.955950540958269	0.984897464390342	0.969813845487819		
92.6333333			1.01965046132009	1.01701264242235	0.99648759629416	0.93160741885626	0.965956157187595	0.962926522098469		
92.8666667			1.01033534421576	1.02013422818792	1.00666847660094	0.937403400309119	0.982371956763309	0.993427525679877		
93.1			1.01033534421576	1.02793819260184	0.976125835680592	0.94435857805255	0.983634710576826	0.978668975559841		
93.3333333			1.01166607523066	1.01857343530514	0.966963043404487	0.926970633693972	0.969744418628144	0.988508008973199		
93.5666667			0.985051454932577	0.967067270173248	1.02092170903044	0.930448222565688	1.00383877159309	0.962926522098469		
93.8			0.99569730305181	1.00764788512564	0.998523772355516	0.966383307573416	1.01267804828771	0.981620685583848		
94.0333333			0.998358765081618	0.996722334946153	0.983252451895341	0.942040185471406	1.01015254066067	0.955055295367783		
94.2666667			0.96375975869411	0.996722334946153	0.974089659619235	0.924652241112828	1.03793312455804	0.964894328781141		
94.5			0.997028034066714	1.03418136413298	0.992415244171446	0.94435857805255	1.00636427922012	0.958007005391791		
94.7333333			0.982389992902768	1.01545184953957	0.983252451895341	0.948995363214838	0.992473987271442	0.942264551930418		
94.9666667			1.00634315117104	0.979553613235524	0.997505684324838	0.945517774343122	1.00888978684716	0.963910425439805		
95.2			1.01033534421576	1.012330263774	0.965944955373808	0.948995363214838	1.06066269320133	0.956039198709119		
95.4333333			1.00501242015614	1.00608709224286	0.987324804018054	0.937403400309119	0.97858369532276	0.967846038805148		
95.6666667			1.02763484740951	0.982675199001093	0.99648759629416	0.947836166924266	1.01267804828771	0.989491912314534		
95.9			0.993035841022002	1.01076947089121	0.994451420232803	0.969860896445131	1.03161935549045	0.958990908733126		
96.1333333			0.990374378992193	0.982675199001093	0.9710353955272	0.937403400309119	1.00005051015254	0.962926522098469		
96.3666667			0.989043647977289	0.968628063056033	0.999541860386195	0.965224111282844	1.00510152540661	0.972765555511827		
96.6			0.983720723917672	1.00140471359451	0.983252451895341	0.966383307573416	1.00510152540661	0.964894328781141		
96.8333333			1.00368168914124	0.979553613235524	0.966963043404487	0.943199381761978	1.01899181735529	0.954071392026447		
97.0666667			0.975736337828247	1.00764788512564	0.967981131435165	0.942040185471406	1.0202545711688	0.987524105631863		
97.3			0.997028034066714	1.03574215701576	0.976125835680592	0.946676970633694	0.984897464390342	0.966862135463812		
97.5333333			1.01965046132009	0.984235991883877	0.985288627956697	0.959428129829984	0.958379634306496	1.00129875241056		
97.7666667			0.999689496096523	1.00608709224286	0.975107747649914	0.910741885625966	0.994999494898475	0.982604588925184		
98			1.01033534421576	1.02481660683627	0.974089659619235	0.93160741885626	1.00510152540661	0.988508008973199		
98.2333333					1.00259612447823	0.958268933539413	1.00257601777957	0.960958715415798		
98.4666667					0.990379068110089	0.997681607418856	1.00005051015254	0.971781652170491		
98.7					0.99648759629416	0.982612055641422	0.998787756339024	0.978668975559841		
98.9333333					0.992415244171446	0.951313755795981	0.991211233457925	0.95111968200244		
99.1666667					0.976125835680592	0.955950540958269	0.979846449136276	0.97670116887717		
99.4					0.984270539926019	0.958268933539413	0.965956157187595	0.987524105631863		
99.6333333					0.994451420232803	0.977975270479134	1.00383877159309	0.974733362194498		
99.8666667					0.994451420232803	0.98145285935085	0.988685725830892	0.996379235703885		
100.1					0.982234363864662	0.964064914992272	0.982371956763309	0.988508008973199		
100.333333					1.00259612447823	0.957109737248841	0.984897464390342	0.989491912314534		
100.566667					0.987324804018054	0.958268933539413	1.04045863218507	0.993427525679877		
100.8					1.01684935690773	0.990726429675425	1.01394080210122	1.01015388248259		
101.033333					1.00565038857027	0.9629057187017	0.998787756339024	1.00720217245858		
101.266667					0.981216275833984	0.983771251931994	0.992473987271442	1.0022826557519		
101.5					0.992415244171446	0.983771251931994	0.993736741084958	0.996379235703885		
101.733333					0.970017307496522	0.966383307573416	0.992473987271442	0.98358849226652		
101.966667					0.994451420232803	0.976816074188563	0.992473987271442	0.985556298949191		
102.2					0.986306715987376	0.989567233384853	1.03035660167694	0.970797748829155		
102.433333					0.987324804018054	0.979134466769706	0.973532680068694	1.00326655909323		
102.666667					0.978162011741949	0.975656877897991	0.993736741084958	0.986540202290527		
102.9					0.989360980079411	0.971020092735703	1.01772906354177	0.998347042386556		
103.133333					0.997505684324838	0.957109737248841	0.998787756339024	1.01507339918926		
103.366667					0.981216275833984	0.971020092735703	0.988685725830892	0.97670116887717		
103.6					0.994451420232803	0.980293663060278	0.994999494898475	0.993427525679877		
103.833333					0.986306715987376	0.964064914992272	0.998787756339024	0.984572395607856		
104.066667					0.982234363864662	0.948995363214838	0.986160218203859	0.993427525679877		
104.3					0.987324804018054	0.968701700154559	0.988685725830892	0.986540202290527		
104.533333					0.993433332202125	0.947836166924266	1.04424689362562	0.984572395607856		
104.766667					0.968999219465843	0.948995363214838	1.0278310940499	0.963910425439805		
105					0.968999219465843	0.974497681607419	0.967218911001111	0.979652878901177		
105.233333					0.997505684324838	0.971020092735703	1.0202545711688	0.972765555511827		
105.466667					0.991397156140768	0.939721792890263	1.01015254066067	0.982604588925184		
105.7					1.01684935690773	0.977975270479134	1.00131326396606	0.956039198709119		
105.933333					0.993433332202125	0.967542503863988	1.00762703303364	0.99736313904522		
106.166667					0.988342892048733	0.959428129829984	1.02530558642287	0.966862135463812		
106.4					1.00055994841687	0.964064914992272	1.01520355591474	0.975717265535834		
106.633333					0.997505684324838	0.974497681607419	1.00762703303364	0.974733362194498		
106.866667					0.987324804018054	1	0.997525002525508	0.989491912314534		
107.1					1.01175891675434	0.973338485316847	1.01899181735529	0.999330945727892		
107.333333					1.00972274069298	0.9629057187017	0.984897464390342	0.975717265535834		
107.566667					1.00565038857027	0.952472952086553	0.988685725830892	0.981620685583848		
107.8					1.00259612447823	0.973338485316847	1.0202545711688	0.992443622338542		
108.033333					0.988342892048733	1	0.986160218203859	0.973749458853162		
108.266667					1.00972274069298	0.971020092735703	1.00510152540661	0.996379235703885		
108.5					1.02092170903044	0.946676970633694	1.02151732498232	0.99047581565587		
108.733333					0.998523772355516	0.957109737248841	1.05561167794727	0.993427525679877		
108.966667					1.00768656463162	0.976816074188563	1.0505606626932	0.975717265535834		
109.2					1.00361421250891	0.979134466769706	1.00762703303364	0.989491912314534		
109.433333					0.999541860386195	0.980293663060278	1.01141529447419	1.00720217245858		
109.666667					1.01888553296908	0.973338485316847	0.972269926255177	1.01310559250659		
109.9					1.01990362099976	1.00463678516229	0.997525002525508	0.935377228541068		
110.133333					1.01175891675434	0.979134466769706	0.998787756339024	0.961942618757133		
110.366667					1.00666847660094	0.9629057187017	0.971007172441661	0.971781652170491		
110.6					0.991397156140768	0.958268933539413	0.977320941509243	1.01015388248259		
110.833333					1.01990362099976	0.939721792890263	1.03161935549045	0.967846038805148		
111.066667					1.00157803644755	0.969860896445131	0.968481664814628	0.993427525679877		
111.3					1.0087046526623	0.957109737248841	0.982371956763309	0.961942618757133		
111.533333					1.01583126887705	0.958268933539413	1.01520355591474	0.992443622338542		
111.766667					0.993433332202125	0.979134466769706	0.977320941509243	0.967846038805148		
112					0.995469508263481	0.965224111282844	1.00636427922012	0.968829942146484		
112.233333					0.997505684324838	0.975656877897991	0.973532680068694	0.974733362194498		
112.466667					1.00055994841687	0.960587326120556	0.97858369532276	0.98358849226652		
112.7					0.993433332202125	0.95015455950541	0.992473987271442	0.980636782242513		
112.933333					0.99648759629416	0.971020092735703	1.02530558642287	0.996379235703885		
113.166667					1.01684935690773	0.990726429675425		1.00129875241056		
113.4					1.03110258933722	0.9629057187017		1.00129875241056		
113.633333					1.00565038857027	1.00115919629057		1.00916997914125		
113.866667					0.999541860386195	0.988408037094281		1.00916997914125		
114.1					1.01684935690773	0.984930448222566		1.01212168916526		
114.333333					1.00259612447823	0.972179289026275		1.01408949584793		
114.566667					0.999541860386195	0.972179289026275		0.97670116887717		
114.8					0.959836427189738	1		0.993427525679877		
115.033333					0.984270539926019	1.00695517774343		1.00425046243457		
115.266667					1.01175891675434	0.971020092735703		1.00621826911724		
115.5					1.00768656463162	1.02434312210201		1.00425046243457		
115.733333					1.03110258933722	1.00927357032457		0.97670116887717		
115.966667					1.01379509281569	0.961746522411128		1.01113778582392		
116.2					0.988342892048733	1.02318392581144		0.988508008973199		
116.433333					0.992415244171446	1.00115919629057		1.00916997914125		
116.666667					1.01379509281569	0.991885625965997		0.998347042386556		
116.9					1.00055994841687	0.983771251931994		0.987524105631863		
117.133333					0.995469508263481	1.01159196290572		1.02294462591995		
117.366667					1.01481318084637	1.02086553323029		1.00720217245858		
117.6					1.00463230053959	0.965224111282844		1.04065488606399		
117.833333					1.0087046526623	1.00695517774343		1.0160573025306		
118.066667					1.01277700478501	1.01854714064915		1.02196072257861		
118.3					1.02703023721451	0.982612055641422		1.00818607579991		
118.533333					0.978162011741949	1		1.00720217245858		
118.766667					0.991397156140768	0.994204018547141		0.980636782242513		
119					0.963908779312451	0.991885625965997		0.986540202290527		
119.233333						0.961746522411128		0.977685072218505		
119.466667						0.995363214837713		1.00425046243457		
119.7						0.988408037094281		1.0022826557519		
119.933333						1.00115919629057		1.02196072257861		
120.166667						0.98145285935085		1.02392852926129		
120.4						0.969860896445131		0.987524105631863		
120.633333						0.998840803709428		0.975717265535834		
120.866667						0.974497681607419		0.97670116887717		
121.1						0.983771251931994		0.995395332362549		
121.333333						0.988408037094281		0.981620685583848		
121.566667						0.987248840803709		0.972765555511827		
121.8						0.957109737248841		1.01408949584793		
122.033333						1		0.979652878901177		
122.266667						0.994204018547141		0.982604588925184		
122.5						0.982612055641422		1.00818607579991		
122.733333						0.996522411128284		1.01015388248259		
122.966667						0.987248840803709		1.00425046243457		
123.2						0.984930448222566		1.01999291589594		
123.433333						0.997681607418856				
123.666667						0.968701700154559				
123.9						0.98145285935085				
124.133333						0.983771251931994				
124.366667						0.955950540958269				
124.6						0.994204018547141				
124.833333						1.02550231839258				
125.066667						1.01506955177743				
125.3						1.00695517774343				
125.533333						1.02202472952087				
125.766667						1.00231839258114				
126						1.02202472952087				
126.233333						0.996522411128284				
126.466667						1.00579598145286				
126.7						1.01275115919629				
126.933333						0.987248840803709				
127.166667						1.00231839258114				
127.4						1.00695517774343				
127.633333						0.993044822256569				
127.866667						0.982612055641422				
128.1						0.974497681607419				
128.333333						0.998840803709428				
128.566667						0.973338485316847				
128.8						1.00115919629057				
129.033333						1.00115919629057				
129.266667						0.996522411128284				
129.5						1.00579598145286				
129.733333						1.01738794435858				
129.966667						1.01970633693972				
130.2						1.01275115919629				
130.433333						0.989567233384853				
130.666667						0.982612055641422				
130.9						0.997681607418856				
131.133333						1.00347758887172				
131.366667						0.984930448222566				
131.6						1.00695517774343				
131.833333						0.980293663060278				
132.066667						1.01506955177743				
132.3						0.984930448222566				
132.533333						1.00463678516229				
132.766667						1.00115919629057				
133						1.01159196290572				
133.233333						1.02086553323029				
133.466667						1.02318392581144				
133.7						1.01854714064915				
133.933333						1.01854714064915				
134.166667						0.998840803709428				
134.4						0.991885625965997				
134.633333						0.989567233384853				
134.866667						0.997681607418856				
135.1						0.986089644513138				
135.333333						0.991885625965997				
135.566667						1.01970633693972				
135.8						0.959428129829984				
136.033333						1.00347758887172				
136.266667						0.960587326120556				
136.5						1.00115919629057				
136.733333						1.00927357032457				
136.966667						1.01854714064915				
137.2						1				
137.433333						0.994204018547141				
137.666667						1				
137.9						1.01738794435858				
0										
0										
0										
0										
0										
0										
0									0.5	0.5
0.69344221									0.503318868	0.509816649
1.38688442									0.506758245	0.519516734
2.08032663									0.51031269	0.529101128
2.77376885									0.51397688	0.538570603
3.46721106									0.517745608	0.547925831
4.16065327									0.521613782	0.557167392
4.85409548									0.525576421	0.566295784
5.54753769									0.529628653	0.575311426
6.2409799									0.533765713	0.584214667
6.93442211									0.53798294	0.593005791
7.62786432									0.542275775	0.601685022
8.32130653									0.546639762	0.610252536
9.01474874									0.551070544	0.618708459
9.70819096									0.55556386	0.627052881
10.4016332									0.560115546	0.635285854
11.0950754									0.564721532	0.643407403
11.7885176									0.569377842	0.651417532
12.4819598									0.574080592	0.659316223
13.175402									0.578825986	0.667103448
13.8688442									0.583610321	0.67477917
14.5622864									0.588429981	0.68234335
15.2557286									0.593281436	0.689795949
15.9491709									0.598161244	0.697136934
16.6426131									0.603066047	0.704366282
17.3360553									0.607992574	0.711483982
18.0294975									0.612937635	0.718490042
18.7229397									0.617898123	0.72538449
19.4163819									0.622871015	0.732167376
20.1098241									0.627853367	0.73883878
20.8032663									0.632842317	0.745398807
21.4967086									0.637835083	0.751847599
22.1901508									0.64282896	0.758185327
22.883593									0.647821324	0.764412202
23.5770352									0.652809628	0.770528472
24.2704774									0.6577914	0.776534423
24.9639196									0.662764248	0.782430384
25.6573618									0.667725853	0.788216726
26.350804									0.672673972	0.793893863
27.0442462									0.677606436	0.799462251
27.7376885									0.682521151	0.804922394
28.4311307									0.687416094	0.810274838
29.1245729									0.692289316	0.815520176
29.8180151									0.697138938	0.820659044
30.5114573									0.701963155	0.825692125
31.2048995									0.706760228	0.830620145
31.8983417									0.71152849	0.835443875
32.5917839									0.716266341	0.840164129
33.2852261									0.720972251	0.844781763
33.9786684									0.725644755	0.849297677
34.6721106									0.730282454	0.85371281
35.3655528									0.734884016	0.85802814
36.058995									0.73944817	0.862244685
36.7524372									0.743973712	0.8663635
37.4458794									0.748459499	0.870385673
38.1393216									0.752904448	0.87431233
38.8327638									0.757307539	0.878144626
39.526206									0.761667809	0.881883749
40.2196482									0.765984356	0.885530916
40.9130905									0.770256333	0.889087371
41.6065327									0.774482951	0.892554383
42.2999749									0.778663474	0.895933247
42.9934171									0.782797224	0.899225279
43.6868593									0.786883571	0.902431815
44.3803015									0.790921942	0.905554209
45.0737437									0.79491181	0.908593833
45.7671859									0.7988527	0.911552073
46.4606281									0.802744184	0.914430329
47.1540704									0.806585884	0.91723001
47.8475126									0.810377463	0.919952537
48.5409548									0.814118634	0.922599336
49.234397									0.817809148	0.925171842
49.9278392									0.821448803	0.927671492
50.6212814									0.825037435	0.930099727
51.3147236									0.828574921	0.932457987
52.0081658									0.832061176	0.934747714
52.701608									0.835496152	0.936970346
53.3950503									0.838879838	0.939127319
54.0884925									0.842212256	0.941220063
54.7819347									0.845493463	0.943250003
55.4753769									0.848723548	0.945218555
56.1688191									0.851902632	0.947127127
56.8622613									0.855030863	0.948977118
57.5557035									0.85810842	0.950769913
58.2491457									0.861135511	0.952506889
58.9425879									0.864112366	0.954189406
59.6360302									0.867039243	0.955818813
60.3294724									0.869916424	0.957396442
61.0229146									0.872744214	0.958923611
61.7163568									0.875522938	0.960401619
62.409799									0.878252944	0.961831751
63.1032412									0.880934597	0.963215272
63.7966834									0.883568284	0.964553428
64.4901256									0.886154406	0.965847448
65.1835678									0.888693382	0.96709854
65.8770101									0.891185648	0.968307892
66.5704523									0.893631651	0.969476674
67.2638945									0.896031855	0.970606032
67.9573367									0.898386735	0.971697093
68.6507789									0.900696778	0.972750962
69.3442211									0.902962481	0.973768724
70.0376633									0.905184353	0.97475144
70.7311055									0.90736291	0.975700152
71.4245477									0.909498678	0.976615879
72.11799									0.91159219	0.977499616
72.8114322									0.913643985	0.978352341
73.5048744									0.915654609	0.979175005
74.1983166									0.917624614	0.97996854
74.8917588									0.919554555	0.980733857
75.585201									0.921444992	0.981471844
76.2786432									0.923296488	0.982183366
76.9720854									0.92510961	0.982869271
77.6655276									0.926884925	0.983530381
78.3589699									0.928623003	0.984167501
79.0524121									0.930324415	0.984781412
79.7458543									0.931989732	0.985372877
80.4392965									0.933619526	0.985942637
81.1327387									0.935214367	0.986491415
81.8261809									0.936774826	0.987019912
82.5196231									0.938301472	0.987528811
83.2130653									0.939794871	0.988018776
83.9065075									0.941255588	0.988490451
84.5999498									0.942684186	0.988944463
85.293392									0.944081223	0.989381419
85.9868342									0.945447257	0.98980191
86.6802764									0.94678284	0.990206509
87.3737186									0.948088522	0.990595771
88.0671608									0.949364846	0.990970235
88.760603									0.950612354	0.991330423
89.4540452									0.951831582	0.991676843
90.1474874									0.95302306	0.992009984
90.8409297									0.954187316	0.992330321
91.5343719									0.95532487	0.992638316
92.2278141									0.956436237	0.992934413
92.9212563									0.957521928	0.993219044
93.6146985									0.958582446	0.993492625
94.3081407									0.959618291	0.993755562
95.0015829									0.960629954	0.994008244
95.6950251									0.961617922	0.994251049
96.3884673									0.962582675	0.994484342
97.0819096									0.963524686	0.994708476
97.7753518									0.964444424	0.994923791
98.468794									0.965342349	0.995130618
99.1622362									0.966218914	0.995329273
99.8556784									0.967074569	0.995520065
100.549121									0.967909755	0.995703289
101.242563									0.968724905	0.995879233
101.936005									0.969520447	0.996048172
102.629447									0.970296803	0.996210373
103.322889									0.971054388	0.996366093
104.016332									0.971793608	0.996515581
104.709774									0.972514865	0.996659075
105.403216									0.973218552	0.996796807
106.096658									0.973905059	0.996928998
106.790101									0.974574764	0.997055863
107.483543									0.975228044	0.997177609
108.176985									0.975865264	0.997294434
108.870427									0.976486787	0.997406532
109.563869									0.977092966	0.997514085
110.257312									0.97768415	0.997617272
110.950754									0.97826068	0.997716265
111.644196									0.978822891	0.997811229
112.337638									0.979371113	0.997902322
113.03108									0.979905666	0.997989697
113.724523									0.980426869	0.998073501
114.417965									0.98093503	0.998153877
115.111407									0.981430453	0.99823096
115.804849									0.981913438	0.998304881
116.498291									0.982384274	0.998375767
117.191734									0.98284325	0.998443739
117.885176									0.983290644	0.998508913
118.578618									0.983726731	0.998571402
119.27206									0.98415178	0.998631314
119.965503									0.984566055	0.998688752
120.658945									0.984969813	0.998743816
121.352387									0.985363306	0.998796601
122.045829									0.985746781	0.998847201
122.739271									0.98612048	0.998895703
123.432714									0.986484639	0.998942193
124.126156									0.98683949	0.998986752
124.819598									0.987185258	0.999029459
125.51304									0.987522166	0.999070388
126.206482									0.987850429	0.999109614
126.899925									0.98817026	0.999147205
127.593367									0.988481865	0.999183228
128.286809									0.988785447	0.999217747
128.980251									0.989081203	0.999250824
129.673693									0.989369328	0.999282519
130.367136									0.989650009	0.999312887
131.060578									0.989923431	0.999341984
131.75402									0.990189776	0.999369861
132.447462									0.990449219	0.99939657
133.140905									0.990701932	0.999422158
133.834347									0.990948084	0.999446672
134.527789									0.99118784	0.999470155
135.221231									0.991421359	0.999492652
135.914673									0.991648798	0.999514202
136.608116									0.991870311	0.999534845
137.301558									0.992086047	0.999554618
137.995									0.992296153	0.999573559
