"Time [min]"	"Agitated pH 8 rep 1"	"Agitated pH 8 rep 2"	"Agitated pH 8 rep 3"	"Agitated pH 8 rep 4"	"Agitated pH 8 rep 5"	"Agitated pH 8 rep 6"	"Agitated pH 8 rep 7"	"Agitated pH 8 rep 8"	"Idle pH 8 rep 1"	"Idle pH 8 rep 2"	"Idle pH 8 rep 3"	"Idle pH 8 rep 4"	"Idle pH 8 rep 5"	"Idle pH 8 rep 6"	"Idle pH 8 rep 7"	"Idle pH 8 rep 8"	"Fit agitated"	"Fit idle"
15.2166667	0.00288310326751719	-0.00542573970918035	0.0125018942263979	0.00235970798613658	-0.0158742214795687	0.00266292922214449	-0.00386832524271838	-0.00488852677579432										
15.4	-0.00585357330071625	-0.0112131953989727	0.00189422639793908	0.00530934296880748	0.0160261279052103	0.0278906797477226	0.00826759708737871	-0.00933264202651649										
15.5833333	0.00463043858116388	0.00180857990306012	0.00340960751629035	-0.0064891969618761	-0.0189123499924048	-0.00154169586545187	-0.00386832524271838	0.0128879342270944										
15.7666667	-0.00585357330071625	-0.00253201186428416	-0.00719806031216851	0.00678416046014292	-0.00220264317180624	0.0208829712683954	0.0143355582524273	0.00399970372565002										
15.95	0.0133671151493973	-0.00253201186428416	-0.00265191695711471	-0.0168129194012242	-0.00524077168464233	0.00126138752627903	-0.00538531553398051	-0.00933264202651649										
16.1333333	-0.0163375851825964	-0.0184475150112132	0.0215941809365055	-0.0123884669272179	0.00843080662312009	0.0138752627890681	0.0143355582524273	-0.00636989852603504										
16.3166667	0.00113576795387051	0.0047023077479563	0.00947113198969541	0.00973379544281382	0.0114689351359562	0.00126138752627903	0.00978458737864085	0.00399970372565002										
16.5	-0.0110955792416563	-0.00108514794183607	0.0155326564631005	-0.00501437947054066	-0.00068357891538819	-0.0155571128241064	-0.0205552184466019	0.0114065624768536										
16.6833333	0.00113576795387051	0.0177240830499891	0.00644036975299288	0.00383452547747203	-0.0249886070180769	0.00266292922214449	-0.00993628640776692	-0.0034071550255536										
16.8666667	-0.0250742617508298	0.000361715980612023	-0.0162903470222761	-0.009438831944547	-0.00372170742822428	-0.000140154169586418	-0.00235133495145624	0.00399970372565002										
17.05	-0.00410623798706956	-0.0285755624683498	0.00644036975299288	0.0171078828994911	0.0145070636487923	-0.00854940434477913	0.00978458737864085	-0.00785127027627576										
17.2333333	0.0290931329722175	0.0191709469724372	-0.0284133959690862	0.00678416046014292	0.0190642564180464	-0.00574632095304823	0.0234375000000001	0.0128879342270944										
17.4166667	-0.00585357330071625	0.0321927222744701	0.000378845279587816	0.0171078828994911	0.005392678110284	-0.0141555711282409	0.00978458737864085	-0.00488852677579432										
17.6	0.0255984623449241	0.014830355205093	-0.00113653583876345	-0.0123884669272179	-0.0204314142488228	-0.0169586545199718	-0.0190382281553397	0.0262202799792609										
17.7833333	-0.0198322558098898	0.00325544382550821	-0.0117442036672223	0.00973379544281382	0.005392678110284	-0.00294323756131732	-0.00993628640776692	-0.00636989852603504										
17.9666667	-0.0198322558098898	0.0162772191275411	-0.010228822548871	-0.0064891969618761	0.0160261279052103	-0.00714786264891368	0.0173695388349515	-0.0034071550255536										
18.15	0.00987244452210395	0.000361715980612023	-0.00568267919381724	0.00383452547747203	-0.00827890019747842	-0.00854940434477913	-0.0129702669902912	0.00103696022516857										
18.3333333	0.0116197798357506	-0.0112131953989727	-0.0178057281406274	0.000884890494801134	0.0114689351359562	-0.00294323756131732	-0.0160042475728155	-0.00933264202651649										
18.5166667	-0.000611567359776182	-0.0141069232438689	0.00644036975299288	0.0156330654081556	-0.0158742214795687	-0.000140154169586418	0.00068264563106803	-0.00044441152507215										
18.7	0.015114450463044	-0.015553787166317	0.0170480375814517	-0.0300862768232433	0.00843080662312009	0.0138752627890681	-0.00386832524271838	-0.0108140137767572										
18.8833333	-0.00585357330071625	0.0119366273601968	-0.00871344143051977	-0.0256618243492369	0.00691174236670204	0.0124737210932027	-0.0190382281553397	0.00844381897637219										
19.0666667	0.00288310326751719	-0.00108514794183607	-0.026898014850735	-0.0271366418405724	-0.00979796445389647	0.0152768044849336	-0.0144872572815533	-0.0034071550255536										
19.25	-0.00760090861436293	-0.00108514794183607	-0.0193211092589786	-0.0064891969618761	-0.0189123499924048	0.00546601261387539	0.0204035194174758	-0.00933264202651649										
19.4333333	-0.00585357330071625	0.014830355205093	0.00492498863464161	-0.0271366418405724	-0.0158742214795687	-0.0155571128241064	0.00219963592233017	-0.0285904747796459										
19.6166667	0.00637777389481057	-0.0198943789336613	-0.00568267919381724	-0.0109136494358824	-0.00524077168464233	-0.00995094604064458	-0.0129702669902912	-0.0122953855269979										
19.8	-0.00235890267342287	0.000361715980612023	-0.0284133959690862	-0.00206474448786976	-0.00372170742822428	-0.0239663629992991	-0.00690230582524265	-0.0315532182801273										
19.9833333	-0.000611567359776182	0.0133834912826449	-0.026898014850735	0.0112086129341493	-0.0143551572231506	-0.000140154169586418	0.00219963592233017	-0.00785127027627576										
20.1666667	-0.00934824392800962	-0.0387036099254865	-0.00719806031216851	-0.0315610943145787	-0.00524077168464233	-0.00854940434477913	-0.00993628640776692	-0.00933264202651649										
20.35	-0.000611567359776182	-0.00542573970918035	-0.0178057281406274	-0.0123884669272179	0.000835485341029857	-0.00294323756131732	0.0143355582524273	0.00103696022516857										
20.5333333	-0.0338109383190633	-0.015553787166317	0.00795575087134414	-0.0256618243492369	-0.026507671274495	-0.00294323756131732	-0.0144872572815533	0.0114065624768536										
20.7166667	-0.0285689323781232	-0.0198943789336613	0.00947113198969541	-0.0286114593319078	-0.0113170287103145	-0.00154169586545187	-0.00386832524271838	0.0114065624768536										
20.9	-0.0110955792416563	0.00325544382550821	0.00340960751629035	-0.052208539193275	-0.026507671274495	0.0124737210932027	-0.0144872572815533	0.00992519072661291										
21.0833333	-0.012842914555303	-0.0401504738479346	0.000378845279587816	0.00678416046014292	-0.028026735530913	0.00967063770147175	0.0249544902912622	-0.00785127027627576										
21.2666667	0.00113576795387051	-0.0329161542356941	0.0140172753447492	-0.0359855467885851	-0.0173932857359867	0.00967063770147175	-0.0251061893203883	-0.049329679283016										
21.45	-0.0250742617508298	-0.0227881067785575	0.00644036975299288	-0.0345107292972496	0.000835485341029857	-0.0127540294323755	0.00675060679611657	-0.00933264202651649										
21.6333333	0.0186091210903374	-0.00108514794183607	0.000378845279587816	-0.0153381019098888	-0.00220264317180624	0.00546601261387539	-0.00690230582524265	-0.00488852677579432										
21.8166667	-0.00585357330071625	-0.00108514794183607	0.0125018942263979	-0.0109136494358824	-0.0462555066079296	0.00967063770147175	-0.022072208737864	-0.0034071550255536										
22	0.00113576795387051	0.00904289951530059	-0.0147749659039248	-0.00206474448786976	-0.0234695427616589	-0.00574632095304823	-0.0357251213592232	-0.0108140137767572										
22.1833333	-0.0198322558098898	-0.00976633147652463	-0.0238672526140324	-0.0168129194012242	-0.0158742214795687	-0.00434477925718277	-0.0190382281553397	-0.00636989852603504										
22.3666667	-0.012842914555303	-0.0213412428561094	-0.0117442036672223	-0.0153381019098888	-0.0219504785052408	0.0110721793973372	-0.0190382281553397	-0.00785127027627576										
22.55	-0.0163375851825964	-0.015553787166317	0.0140172753447492	-0.0123884669272179	0.00843080662312009	0.00406447091800994	0.0188865291262137	0.0114065624768536										
22.7333333	-0.0547789620828235	-0.0141069232438689	-0.0193211092589786	-0.0271366418405724	0.005392678110284	0.00967063770147175	-0.0235891990291261	-0.0241463595289237										
22.9166667	0.00812510920845726	-0.0112131953989727	-0.00416729807546598	-0.0330359118059142	-0.00675983594106038	0.00406447091800994	-0.000834344660194106	-0.00636989852603504										
23.1	0.015114450463044	-0.015553787166317	-0.0223518714956812	-0.0123884669272179	-0.0310648640437491	0.00406447091800994	0.0158525485436894	-0.022664987778683										
23.2833333	0.00288310326751719	-0.00397887578673226	-0.0253826337323837	-0.0064891969618761	-0.00827890019747842	-0.0155571128241064	0.00675060679611657	-0.0152581290274794										
23.4666667	0.00113576795387051	-0.0184475150112132	-0.0132595847855736	-0.0256618243492369	-0.00827890019747842	-0.0197617379117027	0.00219963592233017	0.0025183319754093										
23.65	0.0133671151493973	0.000361715980612023	-0.00719806031216851	0.000884890494801134	-0.0219504785052408	-0.00154169586545187	-0.0114532766990291	-0.00785127027627576										
23.8333333	0.0221037917176308	-0.0242349707010056	-0.010228822548871	-0.0109136494358824	-0.0295457997873311	0.0110721793973372	-0.00690230582524265	-0.0271091030294052										
24.0166667	-0.0110955792416563	-0.015553787166317	0.00492498863464161	-0.009438831944547	-0.00979796445389647	0.0110721793973372	-0.0342081310679611	-0.022664987778683										
24.2	-0.0110955792416563	-0.0285755624683498	0.00947113198969541	-0.0212373718752306	-0.0204314142488228	-0.00154169586545187	-0.0160042475728155	-0.0211836160284423										
24.3833333	-0.00235890267342287	-0.0285755624683498	0.00189422639793908	0.00383452547747203	0.005392678110284	-0.00995094604064458	-0.0190382281553397	-0.0108140137767572										
24.5666667	0.0116197798357506	-0.0271286985459018	-0.00871344143051977	-0.0345107292972496	-0.00068357891538819	0.0082690960056063	0.00675060679611657	-0.0256277312791644										
24.75	-0.00410623798706956	-0.0112131953989727	-0.00719806031216851	-0.0212373718752306	-0.0295457997873311	0.00266292922214449	0.00826759708737871	-0.0330345900303681										
24.9333333	-0.012842914555303	-0.0126600593214208	-0.0132595847855736	-0.0374603642799205	-0.0173932857359867	-0.0141555711282409	-0.0296571601941747	-0.0167395007777201										
25.1166667	-0.0338109383190633	-0.00976633147652463	-0.0162903470222761	-0.0153381019098888	-0.0189123499924048	0.0138752627890681	-0.0357251213592232	-0.0419228205318124										
25.3	-0.0250742617508298	-0.0444910656152789	-0.0253826337323837	-0.0064891969618761	-0.0204314142488228	0.00406447091800994	-0.0144872572815533	-0.00785127027627576										
25.4833333	-0.0303162676917699	-0.0213412428561094	-0.0117442036672223	-0.0286114593319078	-0.0219504785052408	0.00126138752627903	-0.0387591019417475	0.0173320494778165										
25.6666667	-0.00760090861436293	-0.0256818346234537	-0.010228822548871	-0.009438831944547	-0.00979796445389647	0.00266292922214449	-0.00386832524271838	-0.0122953855269979										
25.85	0.0186091210903374	-0.0112131953989727	-0.00416729807546598	-0.022712189366566	-0.0113170287103145	0.0180798878766645	-0.0235891990291261	-0.0211836160284423										
26.0333333	0.00288310326751719	-0.00687260363162844	0.00189422639793908	-0.009438831944547	-0.0173932857359867	0.00967063770147175	-0.0281401699029125	-0.0167395007777201										
26.2166667	-0.0198322558098898	-0.0170006510887651	-0.00568267919381724	-0.0271366418405724	-0.0143551572231506	0.00967063770147175	-0.0311741504854368	-0.00636989852603504										
26.4	-0.0215795911235364	0.0104897634377487	-0.00568267919381724	-0.0300862768232433	-0.0143551572231506	-0.00574632095304823	-0.0175212378640776	-0.0034071550255536										
26.5833333	-0.00934824392800962	-0.00687260363162844	-0.0223518714956812	-0.0448344517365977	0.005392678110284	-0.000140154169586418	-0.0372421116504854	-0.0197022442782015										
26.7666667	-0.0215795911235364	0.00904289951530059	-0.00871344143051977	-0.0153381019098888	-0.0249886070180769	-0.000140154169586418	-0.0114532766990291	-0.00933264202651649										
26.95	-0.00760090861436293	-0.0141069232438689	-0.00113653583876345	-0.0271366418405724	-0.00675983594106038	0.00686755430974084	-0.0175212378640776	-0.0137767572772387										
27.1333333	-0.00410623798706956	-0.0242349707010056	-0.010228822548871	-0.0271366418405724	-0.0386601853258394	0.00967063770147175	-0.0281401699029125	0.00399970372565002										
27.3166667	-0.00760090861436293	-0.00831946755407654	-0.0223518714956812	-0.0212373718752306	-0.0219504785052408	0.00967063770147175	-0.0235891990291261	-0.0137767572772387										
27.5	-0.000611567359776182	-0.0112131953989727	-0.0193211092589786	-0.009438831944547	-0.00827890019747842	-0.00854940434477913	-0.0281401699029125	-0.00933264202651649										
27.6833333	-0.0285689323781232	-0.0401504738479346	-0.00871344143051977	0.0171078828994911	-0.0173932857359867	-0.00854940434477913	-0.00386832524271838	-0.0152581290274794										
27.8666667	0.00463043858116388	-0.0227881067785575	-0.00719806031216851	-0.009438831944547	-0.0204314142488228	-0.00154169586545187	-0.00841929611650478	-0.0167395007777201										
28.05	-0.0110955792416563	-0.0271286985459018	-0.00568267919381724	-0.0271366418405724	-0.0173932857359867	0.00406447091800994	-0.00690230582524265	-0.00785127027627576										
28.2333333	0.0116197798357506	-0.0415973377703827	-0.0420518260342476	-0.0315610943145787	-0.028026735530913	0.0082690960056063	0.0037166262135923	-0.0434041922820531										
28.4166667	-0.0180849204962431	-0.00976633147652463	0.00492498863464161	-0.009438831944547	-0.0341029925565852	-0.000140154169586418	-0.022072208737864	0.0025183319754093										
28.6	-0.0268215970644765	-0.0184475150112132	0.0200787998181543	-0.0433596342452623	-0.00068357891538819	0.00967063770147175	-0.00841929611650478	-0.00933264202651649										
28.7833333	-0.0145902498689497	-0.0329161542356941	0.00644036975299288	-0.0123884669272179	-0.00524077168464233	0.0194814295725299	-0.00538531553398051	-0.00192578327531287										
28.9666667	0.00812510920845726	-0.0141069232438689	0.0246249431732081	-0.0168129194012242	-0.00827890019747842	0.00126138752627903	-0.00841929611650478	-0.0122953855269979										
29.15	0.0186091210903374	-0.0227881067785575	0.0109865131080467	-0.0330359118059142	-0.0113170287103145	-0.00714786264891368	-0.0342081310679611	0.00103696022516857										
29.3333333	0.0168617857766907	-0.0227881067785575	0.0337172298833157	-0.0345107292972496	-0.00827890019747842	0.0208829712683954	-0.0205552184466019	-0.0152581290274794										
29.5166667	0.00113576795387051	0.0104897634377487	0.0276557054099106	-0.00206474448786976	-0.00675983594106038	0.00967063770147175	0.00978458737864085	-0.022664987778683										
29.7	-0.0355582736327099	-0.015553787166317	0.0200787998181543	-0.0241870068579015	0.005392678110284	0.00546601261387539	-0.00841929611650478	-0.0167395007777201										
29.8833333	-0.012842914555303	-0.0141069232438689	0.00340960751629035	-0.0477840867192686	-0.00827890019747842	0.00266292922214449	-0.0235891990291261	-0.0330345900303681										
30.0666667	-0.012842914555303	0.00180857990306012	0.018563418699803	-0.0330359118059142	-0.00068357891538819	0.0236860546601263	-0.0311741504854368	-0.0211836160284423										
30.25	-0.0303162676917699	-0.0372567460030384	0.0261403242915593	-0.0197625543838951	0.0205833206744645	0.00967063770147175	-0.00690230582524265	-0.0152581290274794										
30.4333333	-0.0163375851825964	-0.0300224263907979	0.00947113198969541	-0.0212373718752306	-0.00068357891538819	0.00686755430974084	-0.0175212378640776	-0.0197022442782015										
30.6166667	-0.0250742617508298	-0.0126600593214208	-0.00265191695711471	-0.0241870068579015	-0.0158742214795687	0.00967063770147175	-0.0190382281553397	-0.0197022442782015										
30.8	0.00812510920845726	-0.0170006510887651	0.0246249431732081	0.00530934296880748	-0.00220264317180624	0.00546601261387539	-0.0160042475728155	-0.00785127027627576										
30.9833333	-0.0145902498689497	-0.015553787166317	0.0231095620548568	-0.00501437947054066	0.005392678110284	0.00126138752627903	-0.0387591019417475	-0.0108140137767572										
31.1666667	-0.0110955792416563	-0.0415973377703827	0.0306864676466131	0.00383452547747203	-0.00675983594106038	0.00266292922214449	-0.022072208737864	-0.0359973335308495										
31.35	-0.0268215970644765	-0.0213412428561094	0.0276557054099106	0.0171078828994911	0.0023545495974479	0.0250875963559917	-0.00538531553398051	-0.0434041922820531										
31.5333333	0.0238511270312775	-0.0517253852275193	0.0200787998181543	0.0185827003908265	0.00387361385386595	0.0222845129642608	-0.0129702669902912	-0.0167395007777201										
31.7166667	-0.0180849204962431	-0.015553787166317	0.0276557054099106	0.000884890494801134	0.00387361385386595	-0.0225648213034336	-0.0175212378640776	-0.0152581290274794										
31.9	0.00463043858116388	-0.015553787166317	0.0170480375814517	0.0171078828994911	0.000835485341029857	-0.00434477925718277	-0.0129702669902912	-0.00785127027627576										
32.0833333	-0.0442949502009434	-0.0242349707010056	0.0215941809365055	0.0126834304254847	-0.00372170742822428	0.0222845129642608	-0.0205552184466019	-0.0108140137767572										
32.2666667	-0.00585357330071625	-0.0198943789336613	0.0352326110016669	0.00825897795147837	0.0236214491873006	-0.000140154169586418	-0.0190382281553397	-0.0137767572772387										
32.45	0.0116197798357506	0.0235115387397815	0.0306864676466131	0.0303812403215101	-0.0128360929667326	0.00546601261387539	-0.0205552184466019	-0.00785127027627576										
32.6333333	-0.00410623798706956	0.0278521305071258	0.0246249431732081	0.0185827003908265	0.00843080662312009	0.0348983882270499	-0.0311741504854368	-0.00488852677579432										
32.8166667	-0.00410623798706956	0.0365333140418144	0.0155326564631005	0.00825897795147837	0.0129879993923742	0.0264891380518572	-0.0235891990291261	-0.00636989852603504										
33	0.0238511270312775	0.00759603559285249	0.0276557054099106	0.0156330654081556	-0.00220264317180624	0.0138752627890681	-0.0266231796116504	-0.0122953855269979										
33.1833333	0.0168617857766907	0.0119366273601968	0.0503864221851796	0.0230071528648328	0.0023545495974479	0.0180798878766645	-0.0160042475728155	-0.0108140137767572										
33.3666667	-0.0198322558098898	0.0408739058091586	0.0276557054099106	0.0230071528648328	-0.00068357891538819	0.032095304835319	-0.0114532766990291	-0.0256277312791644										
33.55	-0.00410623798706956	0.0336395861969182	0.0337172298833157	0.0141582479168202	0.0023545495974479	-0.00154169586545187	0.0037166262135923	-0.00488852677579432										
33.7333333	-0.000611567359776182	0.0379801779642625	0.0397787543567207	0.0244819703561683	0.0175451921616284	0.0377014716187808	-0.0281401699029125	-0.0034071550255536										
33.9166667	0.00113576795387051	0.0264052665846777	0.0200787998181543	0.0451294152348646	-0.0128360929667326	-0.02676944639103	-0.000834344660194106	0.0188134212280573										
34.1	0.00637777389481057	0.0408739058091586	0.0337172298833157	0.0141582479168202	0.0129879993923742	0.0138752627890681	-0.0160042475728155	-0.0122953855269979										
34.2833333	0.0133671151493973	0.0206178108948853	0.0458402788301258	0.0407049627608582	-0.00979796445389647	0.0138752627890681	-0.0266231796116504	0.0217761647285387										
34.4666667	-0.0110955792416563	0.046661361498951	0.0609940900136384	0.0244819703561683	0.0160261279052103	0.0180798878766645	-0.0175212378640776	-0.0330345900303681										
34.65	-0.0268215970644765	0.0408739058091586	0.0443248977117745	0.033330875304181	0.0114689351359562	0.0348983882270499	-0.0205552184466019	-0.0211836160284423										
34.8333333	-0.0110955792416563	0.0437676336540548	0.0337172298833157	0.0421797802521937	0.0160261279052103	0.0250875963559917	0.00675060679611657	-0.0300718465298866										
35.0166667	-0.0145902498689497	0.0379801779642625	0.0322018487649644	0.0215323353734974	0.000835485341029857	0.0124737210932027	-0.0190382281553397	-0.0182208725279608										
35.2	0.015114450463044	0.0394270418867105	0.0549325655402334	0.0436545977435291	0.0114689351359562	0.0082690960056063	-0.0235891990291261	-0.0315532182801273										
35.3833333	0.0168617857766907	0.0408739058091586	0.0428095165934232	0.0436545977435291	0.0114689351359562	0.00686755430974084	-0.0114532766990291	-0.0315532182801273										
35.5666667	-0.00760090861436293	0.0321927222744701	0.0352326110016669	0.033330875304181	0.0296977062129727	0.0236860546601263	0.00826759708737871	-0.0167395007777201										
35.75	0.00463043858116388	0.0452144975765029	0.0503864221851796	0.0318560578128455	0.0205833206744645	0.0362999299229153	-0.00690230582524265	-0.00044441152507215										
35.9333333	-0.000611567359776182	0.0365333140418144	0.0443248977117745	0.0289064228301746	0.0175451921616284	0.0110721793973372	-0.022072208737864	-0.00636989852603504										
36.1166667	0.037829809540451	0.0350864501193663	0.0488710410668283	0.0362805102868519	-0.00827890019747842	0.0180798878766645	-0.0235891990291261	-0.0271091030294052										
36.3	0.0448191507950377	0.0510019532662953	0.0488710410668283	0.0274316053388392	0.0175451921616284	0.0180798878766645	-0.0266231796116504	-0.00785127027627576										
36.4833333	-0.00410623798706956	0.0654705924907762	0.0488710410668283	0.0407049627608582	-0.00068357891538819	0.0391030133146462	-0.0235891990291261	-0.00192578327531287										
36.6666667	0.0465664861086844	0.061130000723432	0.0549325655402334	0.0259567878475037	0.0236214491873006	0.0334968465311844	-0.0144872572815533	-0.0034071550255536										
36.85	0.015114450463044	0.0235115387397815	0.0594787088952872	0.0584027726568836	0.0190642564180464	0.0194814295725299	-0.0114532766990291	-0.0122953855269979										
37.0333333	0.00812510920845726	0.0495550893438472	0.070086376723746	0.0303812403215101	0.037293027495063	0.0222845129642608	-0.00235133495145624	0.0143693059773351										
37.2166667	0.0290931329722175	0.0321927222744701	0.0640248522503409	0.0436545977435291	0.0251405134437186	0.0180798878766645	-0.0160042475728155	0.0188134212280573										
37.4	0.0238511270312775	0.06257686464588	0.09887861797242	0.0525035026915418	0.0129879993923742	0.032095304835319	-0.0281401699029125	0.00103696022516857										
37.5833333	0.0343351389131576	0.0524488171887434	0.0670556144870435	0.0480790502175354	0.0266595777001366	0.0082690960056063	-0.0144872572815533	-0.0182208725279608										
37.7666667	0.00463043858116388	0.0495550893438472	0.0625094711319897	0.0510286852002063	0.0433692845207352	-0.000140154169586418	0.00523361650485444	-0.00933264202651649										
37.95	0.0255984623449241	0.0379801779642625	0.0852401879072587	0.0466042327262	0.00843080662312009	0.0489138051857044	-0.000834344660194106	0.0025183319754093										
38.1333333	0.0255984623449241	0.0524488171887434	0.0776632823155023	0.059877590148219	0.0540027343156615	0.016678346180799	0.0264714805825243	-0.0122953855269979										
38.3166667	-0.000611567359776182	0.0596831368009839	0.0776632823155023	0.0510286852002063	0.0296977062129727	0.00686755430974084	-0.00386832524271838	-0.0167395007777201										
38.5	0.0308404682858642	0.0640237285683281	0.0655402333686922	0.0554531376742127	0.0251405134437186	0.0362999299229153	0.00826759708737871	-0.0167395007777201										
38.6833333	0.0221037917176308	0.0481082254213991	0.0897863312623125	0.0392301452695228	0.0631171198541698	0.047512263489839	-0.000834344660194106	0.00399970372565002										
38.8666667	0.037829809540451	0.0510019532662953	0.0670556144870435	0.0539783201828772	0.0266595777001366	0.0503153468815699	-0.0175212378640776	-0.0197022442782015										
39.05	0.00812510920845726	0.0278521305071258	0.0776632823155023	0.0362805102868519	0.0114689351359562	0.0362999299229153	-0.0205552184466019	0.00399970372565002										
39.2333333	0.0500611567359778	0.0510019532662953	0.0579633277769359	0.0466042327262	0.0357739632386449	0.0433076384022426	-0.00386832524271838	0.00399970372565002										
39.4166667	0.00812510920845726	0.0394270418867105	0.0776632823155023	0.0525035026915418	0.0357739632386449	0.0334968465311844	-0.0114532766990291	-0.00933264202651649										
39.6	0.0413244801677443	0.0452144975765029	0.0761479011971511	0.0495538677088709	0.0327358347258088	0.0461107217939735	-0.00386832524271838	-0.0359973335308495										
39.7833333	0.0308404682858642	0.0437676336540548	0.0746325200787998	0.0790502175355798	0.0540027343156615	0.0306937631394535	-0.00841929611650478	-0.00488852677579432										
39.9666667	0.0325878035995109	0.0481082254213991	0.0806940445522049	0.059877590148219	0.038812091751481	0.0306937631394535	-0.0114532766990291	0.00548107547589074										
40.15	0.0290931329722175	0.0510019532662953	0.0791786634338536	0.0790502175355798	0.0555217985720795	0.0264891380518572	0.00523361650485444	-0.0330345900303681										
40.3333333	-0.00760090861436293	0.0437676336540548	0.0655402333686922	0.0731509475702381	0.0585599270849156	0.0391030133146462	-0.0205552184466019	0.0291830234797423										
40.5166667	0.00637777389481057	0.0452144975765029	0.0882709501439612	0.0628272251308899	0.069193376879842	0.044709180098108	0.00068264563106803	-0.00933264202651649										
40.7	0.0290931329722175	0.0249584026622296	0.070086376723746	0.0849494875009216	0.0342548989822269	0.0334968465311844	-0.0160042475728155	-0.0034071550255536										
40.8833333	0.0255984623449241	0.0567894089560877	0.109486285800879	0.110021384853624	0.0524836700592434	0.0377014716187808	-0.022072208737864	-0.00636989852603504										
41.0666667	0.0168617857766907	0.0553425450336396	0.0867555690256099	0.0392301452695228	0.0464074130335713	0.032095304835319	-0.0190382281553397	-0.0137767572772387										
41.25	0.0622925039315046	0.0596831368009839	0.104940142445825	0.0805250350269153	0.0418502202643171	0.0377014716187808	0.00068264563106803	-0.0315532182801273										
41.4333333	0.0395771448540976	0.0683643203356724	0.0867555690256099	0.0746257650615735	0.0509646058028254	0.0531184302733008	-0.0114532766990291	0.00548107547589074										
41.6166667	0.0413244801677443	0.0336395861969182	0.0852401879072587	0.0554531376742127	0.0570408628284976	0.0545199719691662	0.0128185679611651	0.00696244722613147										
41.8	0.0343351389131576	0.0698111842581205	0.0958478557357175	0.0967480274316052	0.0570408628284976	0.047512263489839	-0.00538531553398051	-0.022664987778683										
41.9833333	0.0413244801677443	0.0510019532662953	0.0958478557357175	0.0849494875009216	0.0661552483670059	0.0503153468815699	0.0173695388349515	0.00844381897637219										
42.1666667	0.043071815481391	0.06257686464588	0.124640096984392	0.0834746700095862	0.0631171198541698	0.0292922214435881	0.011301577669903	0.020294792978298										
42.35	0.0640398392451513	0.09296100701729	0.101909380209123	0.0849494875009216	0.0646361841105878	0.0334968465311844	0.00826759708737871	0.00548107547589074										
42.5333333	0.037829809540451	0.0640237285683281	0.118578572510986	0.0878991224835925	0.0631171198541698	0.0377014716187808	0.011301577669903	0.0217761647285387										
42.7166667	0.0553031626769178	0.0553425450336396	0.114032429155933	0.118870289801637	0.0813458909311863	0.0461107217939735	-0.00386832524271838	0.0365898822309459										
42.9	0.0587978333042112	0.0640237285683281	0.117063191392635	0.0952732099402698	0.0676743126234239	0.0334968465311844	0.0143355582524273	-0.00488852677579432										
43.0833333	0.0290931329722175	0.0567894089560877	0.109486285800879	0.0952732099402698	0.0767886981619322	0.0685353889278207	-0.00538531553398051	0.0188134212280573										
43.2666667	0.0780185217543248	0.0712580481805686	0.114032429155933	0.102647297396947	0.0783077624183502	0.060126138752628	0.00826759708737871	0.0232575364787794										
43.45	0.0745238511270314	0.0683643203356724	0.106455523564176	0.0982228449229407	0.0615980555977517	0.047512263489839	-0.00386832524271838	0.0173320494778165										
43.6333333	0.0518084920496245	0.0712580481805686	0.11100166691923	0.112971019836295	0.07071244113626	0.0391030133146462	0.00675060679611657	0.0114065624768536										
43.8166667	0.0692818451860913	0.0727049121030167	0.118578572510986	0.118870289801637	0.0585599270849156	0.0559215136650317	0.0158525485436894	0.0188134212280573										
44	0.0815131923816182	0.0683643203356724	0.112517048037581	0.0923235749575989	0.105650919033875	0.0741415557112825	-0.000834344660194106	0.00696244722613147										
44.1833333	0.0692818451860913	0.061130000723432	0.107970904682528	0.0967480274316052	0.111727176059547	0.0573230553608971	0.011301577669903	0.0217761647285387										
44.3666667	0.0780185217543248	0.0365333140418144	0.133732383694499	0.121819924784308	0.0737505696490961	0.0489138051857044	0.00523361650485444	0.0114065624768536										
44.55	0.0727765158133847	0.0712580481805686	0.117063191392635	0.108546567362289	0.107169983290293	0.0685353889278207	0.00826759708737871	0.0217761647285387										
44.7333333	0.0815131923816182	0.0698111842581205	0.101909380209123	0.123294742275643	0.0783077624183502	0.0825508058864752	0.00826759708737871	0.0128879342270944										
44.9166667	0.0587978333042112	0.0900672791723938	0.13524776481285	0.0967480274316052	0.0615980555977517	0.0657323055360898	0.0370904126213593	0.00103696022516857										
45.1	0.0727765158133847	0.0900672791723938	0.118578572510986	0.104122114888282	0.101093726264621	0.0713384723195516	-0.00993628640776692	0.0173320494778165										
45.2833333	0.093744539577145	0.0799392317152572	0.144340051522958	0.133618464714991	0.0950174692389487	0.090960056061668	0.00978458737864085	0.0158506777275758										
45.4666667	0.0867551983225582	0.0712580481805686	0.132217002576148	0.123294742275643	0.0813458909311863	0.0559215136650317	0.0204035194174758	0.0262202799792609										
45.65	0.0902498689498516	0.0828329595601534	0.139793908167904	0.121819924784308	0.0859030837004405	0.0713384723195516	0.00219963592233017	0.0380712539811867										
45.8333333	0.0605451686178579	0.0828329595601534	0.130701621457797	0.13066882973232	0.0859030837004405	0.0643307638402244	0.0188865291262137	0.0188134212280573										
46.0166667	0.0885025336362049	0.108876510164219	0.132217002576148	0.132143647223656	0.123879690110892	0.0685353889278207	0.00826759708737871	0.020294792978298										
46.2	0.0919972042634983	0.0828329595601534	0.144340051522958	0.129194012240985	0.0980555977517848	0.0811492641906098	0.0325394417475729	0.0128879342270944										
46.3833333	0.0902498689498516	0.0900672791723938	0.173132292771632	0.126244377258314	0.0995746620082029	0.0797477224947443	0.0325394417475729	0.030664395229983										
46.5666667	0.0500611567359778	0.0741517760254648	0.133732383694499	0.164589632033036	0.116284368828801	0.0867554309740716	0.0355734223300972	0.0380712539811867										
46.75	0.105975886772672	0.09296100701729	0.159493862706471	0.123294742275643	0.111727176059547	0.0727400140154171	0.0249544902912622	0.00992519072661291										
46.9333333	0.112965228027259	0.0973015987846343	0.156463100469768	0.118870289801637	0.152741910982835	0.0839523475823407	0.0204035194174758	0.0425153692319088										
47.1166667	0.114712563340905	0.0842798234826014	0.153432338233066	0.158690362067694	0.137551268418654	0.075543097407148	0.0386074029126214	0.0321457669802238										
47.3	0.118207233968199	0.0900672791723938	0.147370813759661	0.14689182213701	0.149703782469998	0.0699369306236862	0.0234375000000001	0.0277016517295016										
47.4833333	0.100733880831732	0.117557693698908	0.136763145931202	0.151316274611017	0.0995746620082029	0.0993693062368607	0.0431583737864078	0.0277016517295016										
47.6666667	0.132185916477372	0.0944078709397381	0.144340051522958	0.145417004645675	0.14058939693149	0.0993693062368607	0.0386074029126214	0.0439967409821495										
47.85	0.119954569281845	0.0987484627070824	0.174647673889983	0.140992552171669	0.14058939693149	0.090960056061668	0.0264714805825243	0.0336271387304645										
48.0333333	0.107723222086318	0.107429646241771	0.173132292771632	0.173438536981048	0.155780039495671	0.0937631394533989	0.0310224514563107	0.046959484482631										
48.2166667	0.130438581163725	0.108876510164219	0.17010153053493	0.149841457119681	0.14818471821358	0.075543097407148	0.0310224514563107	0.0454781127323903										
48.4	0.128691245850079	0.0973015987846343	0.13524776481285	0.166064449524371	0.149703782469998	0.0965662228451298	0.0522603155339806	0.0380712539811867										
48.5833333	0.140922593045606	0.140707516458077	0.162524624943173	0.152791092102352	0.136032204162236	0.110581639803784	0.0613622572815535	0.0499222279831124										
48.7666667	0.128691245850079	0.1233451493887	0.189801485073496	0.157215544576359	0.177046939085523	0.107778556412053	0.0370904126213593	0.0336271387304645										
48.95	0.119954569281845	0.133473196845837	0.207986058493711	0.167539267015707	0.161856296521343	0.0881569726699371	0.0431583737864078	0.0425153692319088										
49.1333333	0.125196575222785	0.13057946900094	0.226170631913926	0.17933780694639	0.177046939085523	0.102172389628592	0.0568112864077671	0.0365898822309459										
49.3166667	0.137427922418312	0.119004557621356	0.200409152901955	0.188186711894403	0.174008810572687	0.117589348283112	0.0537773058252428	0.0410339974816681										
49.5	0.128691245850079	0.137813788613181	0.164040006061524	0.171963719489713	0.198313838675376	0.125998598458304	0.0234375000000001	0.0484408562328717										
49.6833333	0.139175257731959	0.145048108225421	0.203439915138657	0.176388171963719	0.218061674008811	0.104975473020322	0.067430218446602	0.0676986889860011										
49.8666667	0.156648610868426	0.13057946900094	0.174647673889983	0.182287441929061	0.189199453136868	0.11198318149965	0.0689472087378641	0.0632545737352789										
50.05	0.175869299318539	0.121898285466252	0.211016820730414	0.204409704299093	0.205909159957466	0.116187806587246	0.0370904126213593	0.057329086734316										
50.2333333	0.149659269613839	0.119004557621356	0.191316866191847	0.19556079935108	0.190718517393286	0.125998598458304	0.0295054611650486	0.0751055477372047										
50.4166667	0.161890616809366	0.134920060768285	0.197378390665252	0.19556079935108	0.184642260367613	0.12740014015417	0.0583282766990292	0.0706614324864826										
50.6	0.132185916477372	0.152282427837662	0.214047582967116	0.188186711894403	0.181604131854777	0.109180098107919	0.0841171116504855	0.0647359454855197										
50.7833333	0.137427922418312	0.156623019605006	0.221624488558873	0.19556079935108	0.196794774418958	0.12740014015417	0.0689472087378641	0.0869565217391305										
50.9666667	0.168879958063953	0.145048108225421	0.215562964085467	0.207359339281764	0.221099802521647	0.12740014015417	0.0431583737864078	0.0499222279831124										
51.15	0.175869299318539	0.142154380380525	0.229201394150629	0.17933780694639	0.184642260367613	0.104975473020322	0.0386074029126214	0.0721428042367233										
51.3333333	0.168879958063953	0.146494972147869	0.227686013032278	0.22800678416046	0.192237581649704	0.11198318149965	0.0598452669902913	0.0676986889860011										
51.5166667	0.179363969945833	0.11611082977646	0.233747537505683	0.188186711894403	0.196794774418958	0.133006306937632	0.0765321601941748	0.0588104584845568										
51.7	0.182858640573126	0.149388699992766	0.215562964085467	0.202934886807757	0.225656995290901	0.125998598458304	0.0643962378640777	0.0884378934893712										
51.8833333	0.161890616809366	0.15372929176011	0.223139869677224	0.188186711894403	0.218061674008811	0.162438682550806	0.0841171116504855	0.0676986889860011										
52.0666667	0.172374628691246	0.166751067062143	0.24283982421579	0.229481601651795	0.248442959137171	0.155430974071479	0.100804004854369	0.0914006369898527										
52.25	0.175869299318539	0.18411343413152	0.248901348689195	0.219157879212447	0.245404830624335	0.128801681850035	0.102320995145631	0.0765869194874454										
52.4333333	0.182858640573126	0.152282427837662	0.250416729807547	0.250129046530492	0.249962023393589	0.152627890679748	0.0841171116504855	0.0825124064884083										
52.6166667	0.19159531714136	0.162410475294798	0.226170631913926	0.241280141582479	0.228695123803737	0.141415557112824	0.0507433252427185	0.10621435449226										
52.8	0.168879958063953	0.145048108225421	0.233747537505683	0.242754959073815	0.25755734467568	0.175052557813595	0.0765321601941748	0.0958447522405748										
52.9833333	0.1968373230823	0.178325978441728	0.264055159872708	0.236855689108473	0.256038280419262	0.148423265592151	0.0947360436893205	0.0884378934893712										
53.1666667	0.170627293377599	0.181219706286624	0.273147446582816	0.232431236634466	0.254519216162844	0.140014015416959	0.0765321601941748	0.116583956743945										
53.35	0.21780534684606	0.185560298053968	0.244355205334142	0.279625396357201	0.240847637855081	0.147021723896286	0.0795661407766991	0.0988074957410563										
53.5333333	0.189847981827713	0.139260652535629	0.244355205334142	0.223582331686454	0.240847637855081	0.162438682550806	0.0841171116504855	0.073624175986964										
53.7166667	0.237026035296173	0.176879114519279	0.261024397636005	0.258977951478504	0.256038280419262	0.168044849334268	0.119007888349515	0.0973261239908156										
53.9	0.193342652455006	0.182666570209072	0.259509016517654	0.26045276896984	0.268190794470606	0.152627890679748	0.0917020631067962	0.113621213243464										
54.0833333	0.231784029355233	0.176879114519279	0.285270495529626	0.279625396357201	0.275786115752696	0.18906797477225	0.0810831310679612	0.0988074957410563										
54.2666667	0.214310676218766	0.171091658829487	0.268601303227762	0.284049848831207	0.266671730214188	0.17365101611773	0.103837985436893	0.119546700244426										
54.45	0.237026035296173	0.188454025898864	0.268601303227762	0.273726126391859	0.26515266595777	0.182060266292922	0.103837985436893	0.112139841493223										
54.6333333	0.235278699982527	0.182666570209072	0.244355205334142	0.282575031339872	0.266671730214188	0.175052557813595	0.112939927184466	0.122509443744908										
54.8166667	0.21780534684606	0.195688345511105	0.274662827701167	0.284049848831207	0.269709858727024	0.169446391030133	0.117490898058252	0.132879045996593										
55	0.251004717805347	0.207263256890689	0.285270495529626	0.270776491409188	0.278824244265532	0.176454099509461	0.119007888349515	0.0973261239908156										
55.1833333	0.237026035296173	0.21449757650293	0.286785876647977	0.253078681513163	0.27274798723986	0.182060266292922	0.0977700242718447	0.107695726242501										
55.3666667	0.263236065000874	0.197135209433553	0.289816638884679	0.273726126391859	0.303129272368221	0.190469516468115	0.0962530339805826	0.115102584993704										
55.55	0.23877337060982	0.231859943572307	0.279208971056221	0.284049848831207	0.277305180009114	0.183461807988788	0.112939927184466	0.119546700244426										
55.7333333	0.252752053118994	0.228966215727411	0.282239733292923	0.295848388761891	0.304648336624639	0.200280308339173	0.125075849514563	0.134360417746834										
55.9166667	0.25974139437358	0.210156984735586	0.30193968783149	0.285524666322542	0.304648336624639	0.210091100210231	0.134177791262136	0.141767276498037										
56.1	0.268478070941814	0.230413079649859	0.304970450068192	0.320920286114593	0.294014886829713	0.228311142256482	0.123558859223301	0.143248648248278										
56.2833333	0.25974139437358	0.223178760037618	0.295878163358085	0.315021016149251	0.321358043445238	0.225508058864751	0.125075849514563	0.152136878749722										
56.4666667	0.273720076882754	0.220285032192722	0.3140627367783	0.313546198657916	0.313762722163147	0.231114225648213	0.123558859223301	0.121028071994667										
56.65	0.263236065000874	0.224625623960067	0.300424306713138	0.332718826045277	0.331991493240164	0.224106517168886	0.147830703883495	0.152136878749722										
56.8333333	0.271972741569107	0.240541127106996	0.294362782239733	0.341567730993289	0.321358043445238	0.208689558514366	0.134177791262136	0.161025109251167										
57.0166667	0.245762711864407	0.231859943572307	0.317093499015002	0.30912174618391	0.339586814522254	0.221303433777155	0.166034587378641	0.161025109251167										
57.2	0.298182771273807	0.25211603848658	0.315578117896651	0.334193643536612	0.325915236214492	0.224106517168886	0.135694781553398	0.172876083253092										
57.3833333	0.278962082823694	0.257903494176373	0.356493408092135	0.331244008553941	0.338067750265836	0.228311142256482	0.156932645631068	0.181764313754537										
57.5666667	0.301677441901101	0.250669174564132	0.336793453553569	0.354841088415308	0.360853714112107	0.231114225648213	0.163000606796117	0.156580994000444										
57.75	0.291193430019221	0.236200535339651	0.333762691316866	0.335668461027948	0.360853714112107	0.242326559215137	0.149347694174757	0.180282942004296										
57.9333333	0.298182771273807	0.263690949866165	0.306485831186543	0.345992183467296	0.335029621753	0.245129642606868	0.172102548543689	0.156580994000444										
58.1166667	0.317403459723921	0.259350358098821	0.309516593423246	0.37696335078534	0.331991493240164	0.263349684653119	0.150864684466019	0.193615287756463										
58.3	0.329634806919448	0.234753671417203	0.330731929080164	0.357790723397979	0.357815585599271	0.246531184302733	0.164517597087379	0.193615287756463										
58.4833333	0.310414118469334	0.236200535339651	0.341339596908622	0.378438168276676	0.338067750265836	0.254940434477926	0.163000606796117	0.153618250499963										
58.6666667	0.305172112528394	0.263690949866165	0.388316411577512	0.347467000958631	0.356296521342853	0.260546601261388	0.167551577669903	0.175838826753574										
58.85	0.320898130351214	0.263690949866165	0.37467798151235	0.387287073224688	0.379082485189123	0.267554309740715	0.163000606796117	0.196578031256944										
59.0333333	0.333129477546741	0.278159589090646	0.383770268222458	0.343042548484625	0.371487163907033	0.236720392431675	0.164517597087379	0.184727057255018										
59.2166667	0.350602830683208	0.278159589090646	0.367101075920594	0.407934518103385	0.388196870727632	0.256341976173791	0.187272451456311	0.196578031256944										
59.4	0.357592171937795	0.270925269478406	0.388316411577512	0.394661160681366	0.386677806471214	0.260546601261388	0.172102548543689	0.175838826753574										
59.5833333	0.368076183819675	0.265137813788613	0.359524170328838	0.402035248138043	0.392754063496886	0.295585143658024	0.170585558252427	0.211391748759351										
59.7666667	0.336624148174035	0.289734500470231	0.365585694802243	0.40940933559472	0.420097220112411	0.271758934828311	0.206993325242718	0.211391748759351										
59.95	0.355844836624148	0.272372133400854	0.388316411577512	0.404984883120714	0.366929971137779	0.278766643307639	0.163000606796117	0.251388786015851										
60.1333333	0.348855495369561	0.299862547927367	0.382254887104107	0.42563232799941	0.409463770317484	0.2843728100911	0.216095266990291	0.192133916006222										
60.3166667	0.375065525074262	0.285393908702886	0.412562509471132	0.406459700612049	0.409463770317484	0.288577435178697	0.182721480582524	0.218798607510555										
60.5	0.397780884151669	0.298415684004919	0.376193362630702	0.421207875525404	0.410982834573902	0.301191310441486	0.194857402912621	0.242500555514406										
60.6833333	0.357592171937795	0.301309411849815	0.395893317169268	0.42563232799941	0.429211605650919	0.323615977575333	0.188789441747573	0.22916820976224										
60.8666667	0.376812860387908	0.288287636547783	0.408016366116078	0.399085613155372	0.40490657754823	0.305395935529082	0.187272451456311	0.24990741426561										
61.05	0.390791542897082	0.285393908702886	0.406500984997727	0.430056780473416	0.423135348625247	0.288577435178697	0.205476334951456	0.233612325012962										
61.2333333	0.404770225406256	0.323012370686537	0.426200939536293	0.402035248138043	0.414020963086739	0.312403644008409	0.203959344660194	0.243981927264647										
61.4166667	0.383802201642495	0.318671778919193	0.420139415062888	0.446279772878106	0.421616284368829	0.332025227750526	0.229748179611651	0.230649581512481										
61.6	0.371570854446968	0.334587282066122	0.424685558417942	0.459553130300125	0.444402248215099	0.327820602662929	0.229748179611651	0.255832901266573										
61.7833333	0.439716931679189	0.323012370686537	0.435293226246401	0.443330137895435	0.450478505240772	0.322214435879468	0.219129247572816	0.241019183764166										
61.9666667	0.390791542897082	0.327352962453881	0.420139415062888	0.440380502912764	0.441364119702263	0.341836019621584	0.244918082524272	0.243981927264647										
62.15	0.415254237288136	0.33603414598857	0.397408698287619	0.472826487722144	0.424654412881665	0.31520672740014	0.235816140776699	0.282497592770906										
62.3333333	0.385549536956142	0.333140418143674	0.44590089407486	0.459553130300125	0.445921312471518	0.337631394533987	0.231265169902913	0.243981927264647										
62.5166667	0.429232919797309	0.349055921290603	0.418624033944537	0.468402035248138	0.464150083548534	0.351646811492642	0.225197208737864	0.255832901266573										
62.7	0.427485584483662	0.357737104825291	0.418624033944537	0.481675392670157	0.461111955035698	0.337631394533987	0.235816140776699	0.273609362269462										
62.8833333	0.410012231347196	0.363524560515084	0.438323988483103	0.478725757687486	0.468707276317788	0.347442186405046	0.244918082524272	0.267683875268499										
63.0666667	0.46592696138389	0.364971424437532	0.430747082891347	0.505272472531524	0.45199756949719	0.362859145059566	0.269189927184466	0.286941708021628										
63.25	0.453695614188363	0.370758880127324	0.439839369601455	0.466927217756803	0.476302597599878	0.367063770147162	0.254020024271845	0.263239760017777										
63.4333333	0.422243578542722	0.385227519351805	0.444385512956509	0.52297028242755	0.496050432933313	0.3614576033637	0.25098604368932	0.319531886526924										
63.6166667	0.47116896732483	0.370758880127324	0.439839369601455	0.52297028242755	0.491493240164059	0.3614576033637	0.257054004854369	0.286941708021628										
63.8	0.457190284815656	0.380886927584461	0.474693135323534	0.497898385074847	0.471745404830624	0.388086895585144	0.27222390776699	0.303236797274276										
63.9833333	0.455442949502009	0.393908702886493	0.47014699196848	0.518545829953543	0.473264469087042	0.368465311843027	0.26463895631068	0.322494630027405										
64.1666667	0.425738249170016	0.392461838964045	0.485300803151993	0.515596194970872	0.511241075497494	0.389488437281009	0.255537014563107	0.281016221020665										
64.35	0.493884326402237	0.405483614266078	0.473177754205183	0.52591991741022	0.494531368676895	0.389488437281009	0.279808859223301	0.303236797274276										
64.5333333	0.47641097326577	0.382333791506909	0.498939233217154	0.491999115109505	0.497569497189731	0.404905395935529	0.279808859223301	0.304718169024517										
64.7166667	0.532325703302464	0.377993199739564	0.491362327625398	0.553941449745594	0.524912653805256	0.375473020322355	0.263121966019418	0.315087771276202										
64.9	0.495631661715883	0.375099471894668	0.480754659796939	0.518545829953543	0.520355461036002	0.402102312543798	0.299529733009709	0.319531886526924										
65.0833333	0.49737899702953	0.408377342110974	0.511062282163964	0.52591991741022	0.503645754215403	0.409110021023126	0.260087985436893	0.346196578031257										
65.2666667	0.51310501485235	0.424292845257903	0.48227004091529	0.555416267236929	0.502126689958985	0.409110021023126	0.299529733009709	0.350640693281979										
65.45	0.509610344225057	0.399696158576286	0.497423852098803	0.536243639849568	0.527950782318092	0.393693062368606	0.319250606796117	0.369898526035109										
65.6333333	0.499126332343177	0.422845981335455	0.51863918775572	0.579013347098296	0.553774874677199	0.420322354590049	0.328352548543689	0.328420117028368										
65.8166667	0.530578367988817	0.428633437025248	0.521669949992423	0.534768822358233	0.556813003190035	0.410511562718991	0.308631674757282	0.355084808532701										
66	0.51834702079329	0.445995804094625	0.524700712229126	0.562790354693607	0.541622360625854	0.406306937631395	0.316216626213592	0.353603436782461										
66.1833333	0.51834702079329	0.4271865731028	0.544400666767692	0.576063712115626	0.567446452984961	0.420322354590049	0.322284587378641	0.359528923783424										
66.3666667	0.530578367988817	0.441655212327281	0.558039096832853	0.593761522011651	0.558332067446453	0.435739313244569	0.35717536407767	0.375824013036071										
66.55	0.551546391752577	0.443102076249729	0.535308380057584	0.614408966890347	0.562889260215707	0.446951646811493	0.291944781553398	0.380268128286794										
66.7333333	0.565525074261751	0.450336395861969	0.536823761175936	0.562790354693607	0.568965517241379	0.462368605466013	0.345039441747573	0.37286126953559										
66.9166667	0.532325703302464	0.43442089271504	0.556523715714502	0.593761522011651	0.59175148108765	0.437140854940435	0.358692354368932	0.401007332790164										
67.1	0.576009086143631	0.453230123706865	0.542885285649341	0.59081188702898	0.581118031292724	0.435739313244569	0.389032160194175	0.398044589289682										
67.2833333	0.553293727066224	0.492295449612964	0.535308380057584	0.570164442150284	0.581118031292724	0.441345480028031	0.375379247572816	0.406932819791127										
67.4666667	0.556788397693517	0.492295449612964	0.567131383542961	0.608509696925005	0.568965517241379	0.445550105115627	0.358692354368932	0.396563217539442										
67.65	0.602219115848331	0.460464443319106	0.555008334596151	0.596711156994322	0.572003645754215	0.456762438682551	0.385998179611651	0.366935782534627										
67.8333333	0.569019744889044	0.486507993923171	0.545916047886043	0.617358601873018	0.585675224061978	0.462368605466013	0.398134101941748	0.4350788830457										
68.0166667	0.542809715184344	0.49518917745786	0.591377481436581	0.605560061942335	0.600865866626158	0.460967063770147	0.385998179611651	0.403970076290645										
68.2	0.567272409575397	0.482167402155827	0.561069859069556	0.608509696925005	0.620613701959593	0.48479327259986	0.387515169902913	0.426190652544256										
68.3833333	0.603966451161978	0.466251899008898	0.595923624791635	0.60703487943367	0.623651830472429	0.481990189208129	0.384481189320388	0.398044589289682										
68.5666667	0.581251092084571	0.5024234970701	0.591377481436581	0.604085244450999	0.575041774267051	0.474982480728802	0.40723604368932	0.441004370046663										
68.75	0.591735103966451	0.515445272372133	0.588346719199879	0.612934149399012	0.596308673856904	0.467974772249475	0.405719053398058	0.436560254795941										
68.9333333	0.600471780534685	0.486507993923171	0.573192908016366	0.602610426959664	0.629728087498101	0.490399439383322	0.414820995145631	0.467669061550996										
69.1166667	0.576009086143631	0.524126455906822	0.598954387028338	0.633581594277708	0.614537444933921	0.498808689558514	0.433024878640777	0.446929857047626										
69.3	0.605713786475625	0.512551544527237	0.608046673738445	0.638006046751714	0.605423059395412	0.510021023125438	0.426956917475728	0.443967113547145										
69.4833333	0.628429145553032	0.511104680604789	0.585315956963176	0.651279404173733	0.632766216010937	0.496005606166784	0.422405946601942	0.452855344048589										
69.6666667	0.633671151493972	0.535701367286407	0.615623579330202	0.679300936509107	0.641880601549445	0.511422564821304	0.434541868932039	0.457299459299311										
69.85	0.628429145553032	0.527020183751718	0.618654341566904	0.667502396578423	0.643399665805864	0.50021023125438	0.437575849514563	0.4750759203022										
70.0333333	0.623187139612091	0.541488822976199	0.615623579330202	0.645380134208392	0.6464377943187	0.526839523475824	0.443643810679612	0.469150433301237										
70.2166667	0.617945133671151	0.55595746220068	0.62623124715866	0.689624658948455	0.652514051344372	0.536650315346882	0.448194781553398	0.466187689800756										
70.4	0.649397169316792	0.541488822976199	0.620169722685255	0.646854951699727	0.66162843688288	0.533847231955151	0.42088895631068	0.478038663802681										
70.5833333	0.624934474925738	0.545829414743543	0.617138960448553	0.691099476439791	0.670742822421388	0.543658023826209	0.463364684466019	0.534330790311829										
70.7666667	0.672112528394199	0.571872965347609	0.639869677223822	0.695523928913797	0.640361537293027	0.538051857042747	0.47094963592233	0.485445522553885										
70.95	0.651144504630438	0.561744917890472	0.611077435975148	0.710272103827151	0.672261886677806	0.549264190609671	0.436058859223301	0.51655432930894										
71.1333333	0.635418486807618	0.558851190045576	0.639869677223822	0.696998746405132	0.663147501139298	0.560476524176594	0.446677791262136	0.498777868306052										
71.3166667	0.642407828062205	0.564638645735368	0.658054250644037	0.68814984145712	0.657071244113626	0.550665732305536	0.458813713592233	0.504703355307014										
71.5	0.659881181198672	0.568979237502713	0.647446582815578	0.70732246884448	0.679857207959897	0.573090399439383	0.4921875	0.507666098807496										
71.6833333	0.654639175257732	0.600810243796571	0.639869677223822	0.704372833861809	0.65403311560079	0.567484232655922	0.490670509708738	0.532849418561588										
71.8666667	0.677354534335139	0.599363379874123	0.661085012880739	0.694049111422461	0.696566914780495	0.581499649614576	0.480051577669903	0.510628842307977										
72.05	0.663375851825965	0.621066338710844	0.692908016366116	0.748617358601873	0.685933464985569	0.598318149964962	0.496738470873786	0.526923931560625										
72.2333333	0.694827887471606	0.605150835563915	0.679269586300955	0.692574293931126	0.722391007139602	0.5927119831815	0.495221480582524	0.538774905562551										
72.4166667	0.715795911235366	0.606597699486363	0.688361873011062	0.744192906127867	0.693528786267659	0.582901191310442	0.4921875	0.53581216206207										
72.6	0.677354534335139	0.589235332416986	0.676238824064252	0.763365533515227	0.71631475011393	0.591310441485634	0.502806432038835	0.566920968817125										
72.7833333	0.696575222785252	0.599363379874123	0.68533111077436	0.758941081041221	0.702643171806167	0.612333566923616	0.51342536407767	0.529886675061107										
72.9666667	0.724532587803599	0.605150835563915	0.705031065312926	0.741243271145196	0.70871942883184	0.580098107918711	0.517976334951456	0.565439597066884										
73.15	0.652891839944085	0.615278883021052	0.7338233065616	0.798761153307278	0.725429135652438	0.601121233356693	0.510391383495146	0.580253314569291										
73.3333333	0.694827887471606	0.597916515951675	0.705031065312926	0.754516628567215	0.719352878626766	0.612333566923616	0.51342536407767	0.568402340567365										
73.5166667	0.724532587803599	0.642769297547566	0.705031065312926	0.747142541110537	0.72391007139602	0.619341275402943	0.528595266990291	0.587660173320495										
73.7	0.715795911235366	0.636981841857773	0.735338687679951	0.782538160902588	0.705681300319003	0.627750525578136	0.527078276699029	0.574327827568328										
73.8833333	0.708806569980779	0.64710988931491	0.695938778602818	0.751566993584544	0.729986328421692	0.601121233356693	0.519493325242719	0.587660173320495										
74.0666667	0.698322558098899	0.681834623453664	0.714123352023034	0.794336700833272	0.742138842473037	0.629152067274002	0.55590109223301	0.602473890822902										
74.25	0.754237288135593	0.648556753237358	0.739884831035005	0.784012978393924	0.752772292267963	0.605325858444289	0.554384101941748	0.586178801570254										
74.4333333	0.726279923117246	0.648556753237358	0.726246400969844	0.78843743086793	0.714795685857512	0.622144358794674	0.549833131067961	0.596548403821939										
74.6166667	0.759479294076533	0.664472256384287	0.723215638733141	0.806135240763955	0.749734163755127	0.633356692361598	0.566520024271845	0.603955262573143										
74.8	0.74025860562642	0.686175215221008	0.756554023336869	0.786962613376595	0.763405742062889	0.63896285914506	0.569554004854369	0.612843493074587										
74.9833333	0.715795911235366	0.657237936772046	0.698969540839521	0.798761153307278	0.749734163755127	0.678206026629292	0.569554004854369	0.593585660321458										
75.1666667	0.754237288135593	0.683281487376112	0.729277163206546	0.794336700833272	0.745176970985873	0.644569025928521	0.581689927184466	0.59802977557218										
75.35	0.722785252489953	0.671706575996527	0.730792544324898	0.823833050659981	0.737581649703782	0.655781359495445	0.586240898058252	0.623213095326272										
75.5333333	0.76122662939018	0.667365984229183	0.735338687679951	0.825307868151316	0.737581649703782	0.666993693062369	0.587757888349515	0.629138582327235										
75.7166667	0.7507426175083	0.689068943065905	0.747461736626762	0.823833050659981	0.777077320370652	0.68801681850035	0.560452063106796	0.624694467076513										
75.9	0.785689323781234	0.691962670910801	0.783830883467192	0.80466042327262	0.766443870575725	0.675402943237561	0.596859830097087	0.651359158580846										
76.0833333	0.78219465315394	0.702090718367937	0.767161691165328	0.844480495538677	0.758848549293635	0.706236860546601	0.612029733009709	0.65876601733205										
76.2666667	0.790931329722174	0.736815452506692	0.765646310046977	0.832681955607993	0.772520127601398	0.68801681850035	0.613546723300971	0.649877786830605										
76.45	0.77171064127206	0.709325037980178	0.755038642218518	0.832681955607993	0.784672641652742	0.699229152067274	0.581689927184466	0.646915043330124										
76.6333333	0.769963305958413	0.702090718367937	0.780800121230489	0.848904948012683	0.758848549293635	0.707638402242467	0.630233616504854	0.642470928079402										
76.8166667	0.77171064127206	0.719453085437315	0.791407789058948	0.819408598185974	0.78619170590916	0.70063069376314	0.618097694174757	0.673579734834457										
77	0.79267866503582	0.728134268972003	0.762615547810274	0.835631590590664	0.766443870575725	0.70063069376314	0.622648665048544	0.673579734834457										
77.1833333	0.794426000349467	0.719453085437315	0.802015456887407	0.850379765504019	0.798344219960504	0.713244569025929	0.662090412621359	0.686912080586623										
77.3666667	0.815394024113227	0.74549663604138	0.785346264585543	0.872502027874051	0.822649248063193	0.678206026629292	0.622648665048544	0.670616991333975										
77.55	0.836362047876988	0.742602908196484	0.818684649189271	0.85332940048669	0.802901412729758	0.710441485634198	0.616580703883495	0.663210132582772										
77.7333333	0.796173335663114	0.718006221514866	0.776253977875436	0.862178305434702	0.810496734011849	0.720252277505256	0.618097694174757	0.657284645581809										
77.9166667	0.817141359426874	0.728134268972003	0.797469313532353	0.868077575400044	0.780115448883488	0.7468815697267	0.621131674757282	0.713576772090956										
78.1	0.820636030054167	0.774433914490342	0.794438551295651	0.872502027874051	0.84087801914021	0.735669236159776	0.630233616504854	0.72098363084216										
78.2833333	0.822383365367814	0.719453085437315	0.811107743597515	0.88577538529607	0.816572991037521	0.7468815697267	0.671192354368932	0.678023850085179										
78.4666667	0.818888694740521	0.732474860739347	0.823230792544325	0.865127940417373	0.80138234847334	0.762298528381219	0.639335558252427	0.67950522183542										
78.65	0.825878035995107	0.774433914490342	0.814138505834217	0.875451662856721	0.819611119550357	0.71885073580939	0.681811286407767	0.670616991333975										
78.8333333	0.850340730386161	0.751284091731173	0.827776935899379	0.86955239289138	0.807458605499013	0.753889278206027	0.649954490291262	0.701725798089031										
79.0166667	0.876550760090861	0.765752730955654	0.788377026822246	0.887250202787405	0.824168312319611	0.772109320252278	0.668158373786408	0.722465002592401										
79.2	0.878298095404508	0.73826231642914	0.818684649189271	0.876926480348057	0.833282697858119	0.78051857042747	0.66967536407767	0.731353233093845										
79.3833333	0.824130700681461	0.74549663604138	0.842930747082891	0.901998377700759	0.813534862524685	0.766503153468816	0.672709344660194	0.728390489593364										
79.5666667	0.859077406954394	0.757071547420965	0.809592362479163	0.876926480348057	0.818092055293939	0.756692361597758	0.62719963592233	0.753573809347456										
79.75	0.878298095404508	0.791796281559719	0.842930747082891	0.88577538529607	0.834801762114537	0.767904695164681	0.665124393203884	0.726909117843123										
79.9333333	0.836362047876988	0.772987050567894	0.823230792544325	0.884300567804734	0.84087801914021	0.762298528381219	0.689396237864078	0.749129694096734										
80.1166667	0.846846059758868	0.791796281559719	0.868692226094863	0.871027210382715	0.818092055293939	0.794533987386125	0.680294296116505	0.743204207095771										
80.3	0.881792766031801	0.786008825869927	0.830807698136081	0.878401297839392	0.828725505088865	0.783321653819201	0.721253033980582	0.737278720094808										
80.4833333	0.866066748208981	0.809158648629096	0.871722988331565	0.906422830174766	0.822649248063193	0.788927820602663	0.706083131067961	0.78320124435227										
80.6666667	0.871308754149921	0.832308471388266	0.870207607213214	0.909372465157437	0.84087801914021	0.798738612473721	0.666641383495146	0.747648322346493										
80.85	0.883540101345448	0.77588077841279	0.867176844976511	0.893149472752747	0.84087801914021	0.779117028731605	0.700015169902913	0.743204207095771										
81.0333333	0.890529442600035	0.810605512551544	0.883846037278375	0.912322100140108	0.853030533191554	0.808549404344779	0.706083131067961	0.735797348344567										
81.2166667	0.885287436659095	0.8062649207842	0.876269131686619	0.927070275053462	0.825687376576029	0.82676944639103	0.701532160194175	0.759499296348419										
81.4	0.871308754149921	0.803371192939304	0.88990756175178	0.910847282648772	0.868221175755734	0.832375613174492	0.660573422330097	0.78320124435227										
81.5833333	0.869561418836275	0.820733560008681	0.874753750568268	0.932969545018804	0.860625854473644	0.825367904695165	0.718219053398058	0.784682616102511										
81.7666667	0.855582736327101	0.820733560008681	0.848992271556296	0.918221370105449	0.872778368524989	0.804344779257183	0.709117111650485	0.744685578846011										
81.95	0.880045430718155	0.83664906315561	0.867176844976511	0.941818449966817	0.842397083396628	0.82676944639103	0.731871966019418	0.799496333604918										
82.1333333	0.901013454481915	0.835202199233162	0.859599939384755	0.960991077354177	0.862144918730062	0.829572529782761	0.725804004854369	0.80394044885564										
82.3166667	0.887034771972741	0.822180423931129	0.882330656160024	0.9536169898975	0.868221175755734	0.832375613174492	0.716702063106796	0.805421820605881										
82.5	0.904508125109208	0.82941474354337	0.871722988331565	0.931494727527468	0.859106790217226	0.829572529782761	0.736422936893204	0.786163987852752										
82.6833333	0.890529442600035	0.838095927078058	0.911122897408698	0.938868814984146	0.878854625550661	0.812754029432376	0.748558859223301	0.80394044885564										
82.8666667	0.927223484186615	0.825074151776025	0.895969086225186	0.919696187596785	0.887969011089169	0.839383321653819	0.731871966019418	0.808384564106363										
83.05	0.881792766031801	0.843883382767851	0.912638278527049	0.910847282648772	0.85606866170439	0.863209530483532	0.74097390776699	0.809865935856603										
83.2333333	0.890529442600035	0.864139477682124	0.900515229580239	0.93739399749281	0.897083396627677	0.849194113524878	0.76221177184466	0.806903192356122										
83.4166667	0.913244801677442	0.86703320552702	0.883846037278375	0.955091807388836	0.887969011089169	0.864611072179397	0.74097390776699	0.845418857862381										
83.6	0.921981478245675	0.85979888591478	0.894453705106834	0.910847282648772	0.878854625550661	0.81135248773651	0.766762742718447	0.827642396859492										
83.7833333	0.927223484186615	0.882948708673949	0.874753750568268	0.98606297470688	0.889488075345587	0.84218640504555	0.737939927184466	0.809865935856603										
83.9666667	0.920234142932029	0.846777110612747	0.886876799515078	0.947717719932158	0.894045268114841	0.844989488437281	0.763728762135922	0.854307088363825										
84.15	0.930718154813909	0.893076756131086	0.917184421882103	0.990487427180886	0.901640589396931	0.846391030133147	0.777381674757282	0.821716909858529										
84.3333333	0.908002795736502	0.849670838457643	0.886876799515078	0.947717719932158	0.878854625550661	0.846391030133147	0.771313713592233	0.863195318865269										
84.5166667	0.927223484186615	0.878608116906605	0.895969086225186	0.966890347319519	0.906197782166186	0.856201822004205	0.745524878640777	0.818754166358048										
84.7	0.939454831382142	0.893076756131086	0.894453705106834	0.9536169898975	0.909235910679022	0.863209530483532	0.795585558252427	0.860232575364788										
84.8833333	0.904508125109208	0.871373797294364	0.906576754053644	0.965415529828184	0.927464681756038	0.887035739313245	0.756143810679612	0.86467669061551										
85.0666667	0.963917525773196	0.89741734789843	0.921730565237157	0.950667354914829	0.912274039191858	0.856201822004205	0.766762742718447	0.835049255610696										
85.25	0.911497466363795	0.861245749837228	0.892938323988483	0.975739252267532	0.903159653653349	0.856201822004205	0.798619538834952	0.855788460114066										
85.4333333	0.923728813559322	0.907545395355567	0.900515229580239	0.960991077354177	0.887969011089169	0.887035739313245	0.806204490291262	0.873564921116954										
85.6166667	0.946444172636729	0.907545395355567	0.920215184118806	0.987537792198215	0.895564332371259	0.882831114225648	0.795585558252427	0.900229612621287										
85.8	0.930718154813909	0.875714389061709	0.909607516290347	0.987537792198215	0.898602460884095	0.870217238962859	0.789517597087379	0.870602177616473										
85.9833333	0.953433513891316	0.893076756131086	0.905061372935293	0.977214069758867	0.900121525140513	0.887035739313245	0.828959344660194	0.867639434115992										
86.1666667	0.939454831382142	0.911885987122911	0.906576754053644	0.965415529828184	0.906197782166186	0.887035739313245	0.786483616504854	0.907636471372491										
86.35	0.942949502009436	0.930695218114736	0.908092135171996	0.966890347319519	0.904678717909768	0.894043447792572	0.766762742718447	0.88393452336864										
86.5333333	0.951686178577669	0.878608116906605	0.921730565237157	0.981638522232874	0.901640589396931	0.913665031534688	0.821374393203884	0.866158062365751										
86.7166667	0.963917525773196	0.919120306735151	0.906576754053644	0.959516259862842	0.909235910679022	0.889838822704976	0.830476334951456	0.888378638619362										
86.9	0.960422855145902	0.916226578890255	0.902030610698591	1.00671041958558	0.903159653653349	0.91927119831815	0.831993325242718	0.870602177616473										
87.0833333	0.990127555477896	0.894523620053534	0.964161236550992	0.999336332128899	0.922907488986784	0.885634197617379	0.845646237864078	0.88541589511888										
87.2666667	0.990127555477896	0.898864211820878	0.939915138657372	0.972789617284861	0.912274039191858	0.894043447792572	0.857782160194175	0.895785497370565										
87.45	0.99886423204613	0.907545395355567	0.926276708592211	0.977214069758867	0.936579067294547	0.908058864751226	0.828959344660194	0.889860010369602										
87.6333333	0.944696837323082	0.953845040873906	0.914153659645401	0.977214069758867	0.907716846422604	0.902452697967765	0.813789441747573	0.928375675875861										
87.8166667	0.967412196400489	0.917673442812703	0.92476132747386	1.01260968955092	0.897083396627677	0.885634197617379	0.86840109223301	0.912080586623213										
88	0.983138214223309	0.901757939665774	0.929307470828913	0.98606297470688	0.939617195807383	0.936089698668536	0.815306432038835	0.895785497370565										
88.1833333	0.976148872968723	0.943716993416769	0.942945900894075	0.984588157215544	0.92594561749962	0.93468815697267	0.836544296116505	0.922450188874898										
88.3666667	0.949938843264022	0.922014034580048	0.964161236550992	0.975739252267532	0.897083396627677	0.930483531885074	0.838061286407767	0.934301162876824										
88.55	0.984885549536956	0.930695218114736	0.906576754053644	0.968365164810855	0.916831231961112	0.944498948843728	0.850197208737864	0.920968817124658										
88.7333333	0.967412196400489	0.903204803588222	0.959615093195939	1.01850895951626	0.927464681756038	0.933286615276805	0.84716322815534	0.919487445374417										
88.9166667	0.939454831382142	0.972654271865731	0.944461282012426	1.00818523707691	0.916831231961112	0.940294323756132	0.877503033980582	0.938745278127546										
89.1	0.962170190459549	0.926354626347392	0.959615093195939	0.983113339724209	0.930502810268874	0.944498948843728	0.886604975728155	0.969854084882601										
89.2833333	1.00410623798707	0.933588945959632	0.96113047431429	1.00523560209424	0.889488075345587	0.933286615276805	0.844129247572816	0.90615509962225										
89.4666667	0.965664861086842	0.949504449106561	0.941430519775723	1.00081114962023	0.936579067294547	0.940294323756132	0.866884101941748	0.955040367380194										
89.65	0.974401537655076	0.975547999710627	0.926276708592211	1.0450556743603	0.86366398298648	0.936089698668536	0.845646237864078	0.922450188874898										
89.8333333	0.970906867027783	0.969760544020835	0.967191998787695	1.00523560209424	0.954807838371563	0.937491240364401	0.865367111650485	0.915043330123695										
90.0166667	0.937707496068495	0.955291904796354	0.947492044249128	0.990487427180886	0.941136260063801	0.936089698668536	0.865367111650485	0.918006073624176										
90.2	0.977896208282369	0.932142082037184	0.942945900894075	0.989012609689551	0.950250645602309	0.976734407848634	0.869918082524272	0.901710984371528										
90.3833333	0.969159531714136	0.990016638935108	0.96113047431429	1.0244082294816	0.954807838371563	0.969726699369306	0.872952063106796	0.934301162876824										
90.5666667	1.00061156735978	0.953845040873906	0.956584330959236	1.02735786446427	0.921388424730366	0.952908199018921	0.872952063106796	0.934301162876824										
90.75	0.972654202341429	0.981335455400419	0.932338233065616	0.981638522232874	0.989746316269178	0.961317449194114	0.892672936893204	0.953558995629953										
90.9333333	0.991874890791543	0.946610721261665	0.983861191089559	0.999336332128899	0.907716846422604	1.00756832515767	0.892672936893204	0.953558995629953										
91.1166667	0.956928184518609	0.981335455400419	0.929307470828913	0.991962244672222	0.960884095397235	0.966923615977575	0.910876820388349	0.931338419376343										
91.3	0.949938843264022	0.948057585184113	0.939915138657372	1.02735786446427	0.953288774115145	0.987946741415557	0.901774878640777	0.977260943633805										
91.4833333	0.974401537655076	0.972654271865731	0.942945900894075	1.00376078460291	0.909235910679022	0.999159074982481	0.895706917475728	0.968372713132361										
91.6666667	0.988380220164249	0.981335455400419	0.96113047431429	1.00671041958558	0.962403159653653	0.997757533286615	0.898740898058252	0.959484482630916										
91.85	0.944696837323082	0.969760544020835	0.935368995302318	0.993437062163557	0.944174388576637	0.966923615977575	0.903291868932039	0.977260943633805										
92.0333333	0.963917525773196	0.95818563264125	0.941430519775723	1.01555932453359	0.976074737961416	0.955711282410652	0.892672936893204	0.953558995629953										
92.2166667	0.965664861086842	0.963973088331042	0.970222761024398	0.990487427180886	0.965441288166489	0.978135949544499	0.88963895631068	0.965409969631879										
92.4	0.972654202341429	0.990016638935108	1.00356114562813	1.01113487205958	0.97303660944858	0.989348283111423	0.921495752427185	0.952077623879713										
92.5833333	1.03381093831906	0.987122911090212	0.956584330959236	0.991962244672222	0.982150994987088	1.01177295024527	0.913910800970874	0.992074661136212										
92.7666667	0.984885549536956	0.984229183245316	0.988407334444613	0.993437062163557	0.962403159653653	0.952908199018921	0.919978762135922	0.974298200133324										
92.95	0.946444172636729	0.971207407943283	0.962645855432641	1.02588304697294	0.951769709858727	1.02018220042046	0.901774878640777	0.947633508628991										
93.1333333	0.965664861086842	0.950951313029009	0.932338233065616	0.991962244672222	0.983670059243506	0.972529782761037	0.926046723300971	0.983186430634768										
93.3166667	0.995369561418836	0.985676047167764	0.977799666616154	1.01850895951626	0.945693452833055	0.983742116327961	0.924529733009709	0.974298200133324										
93.5	1.00760090861436	0.98856977501266	0.979315047734505	1.02883268195561	0.959365031140817	1.014576033637	0.906325849514563	0.959484482630916										
93.6833333	0.984885549536956	0.990016638935108	0.958099712077587	1.04653049185163	0.957845966884399	1.00336370007008	0.935148665048544	0.980223687134287										
93.8666667	0.988380220164249	0.994357230702452	0.994468858918018	1.00376078460291	0.966960352422907	0.978135949544499	0.916944781553398	0.965409969631879										
94.05	0.991874890791543	0.96541995225349	0.939915138657372	1.0199837770076	0.927464681756038	1.00336370007008	0.894189927184466	0.96689134138212										
94.2333333	0.974401537655076	0.963973088331042	0.968707379906046	1.00376078460291	0.977593802217834	0.994954449894884	0.912393810679612	0.972816828383083										
94.4166667	0.956928184518609	0.975547999710627	0.944461282012426	1.02735786446427	0.938098131550965	0.993552908199019	0.907842839805825	0.958003110880676										
94.6	1.01808492049624	0.985676047167764	0.953553568722534	1.0450556743603	0.965441288166489	0.975332866152768	0.941216626213592	0.992074661136212										
94.7833333	0.990127555477896	0.979888591477971	0.992953477799666	1.03768158690362	0.947212517089473	1.03700070077085	0.929080703883495	1.00540700688838										
94.9666667	0.974401537655076	0.961079360486146	0.971738142142749	1.02588304697294	0.97303660944858	1.014576033637	0.888121966019418	0.974298200133324										
95.15	0.983138214223309	0.974101135788179	0.956584330959236	0.987537792198215	0.971517545192162	1.04540995094604	0.948801577669903	0.956521739130435										
95.3333333	0.977896208282369	0.991463502857556	0.980830428852856	1.0199837770076	0.956326902627981	1.014576033637	0.912393810679612	0.962447226131398										
95.5166667	0.962170190459549	1.01027273384938	1.02174571904834	1.02735786446427	1.0170894728847	0.990749824807288	0.971556432038835	0.989111917635731										
95.7	1.00760090861436	0.975547999710627	0.970222761024398	1.00966005456825	0.983670059243506	1.02158374211633	0.91846177184466	0.992074661136212										
95.8833333	0.963917525773196	1.01461332561673	0.99749962115472	1.00523560209424	0.974555673704998	1.02999299229152	0.926046723300971	0.983186430634768										
96.0666667	0.965664861086842	0.98856977501266	0.979315047734505	1.04800530934297	0.966960352422907	1.02718990889979	0.950318567961165	0.96689134138212										
96.25	0.990127555477896	0.984229183245316	0.945976663130777	1.04800530934297	0.959365031140817	1.02018220042046	0.959420509708738	0.986149174135249										
96.4333333	1.03031626769177	0.9958040946249	0.955068949840885	1.04653049185163	0.979112866474252	0.993552908199019	0.953352548543689	0.990593289385972										
96.6166667	0.986632884850603	0.990016638935108	0.9732535232611	1.02883268195561	0.991265380525596	1.00896986685354	0.973073422330097	0.999481519887416										
96.8	1.02856893237812	0.997250958547348	0.991438096681315	1.01113487205958	0.963922223910071	0.999159074982481	0.948801577669903	1.01281386563958										
96.9833333	0.979643543596016	0.978441727555523	0.995984240036369	0.999336332128899	0.989746316269178	0.989348283111423	0.948801577669903	0.969854084882601										
97.1666667	0.979643543596016	1.00448527815959	0.98537657220791	1.02293341199027	0.954807838371563	0.982340574632095	0.963971480582524	1.01281386563958										
97.35	0.969159531714136	1.00882586992693	0.970222761024398	1.00966005456825	0.97303660944858	1.00056061667835	0.971556432038835	0.990593289385972										
97.5333333	1.01109557924166	1.00882586992693	1.00356114562813	1.03768158690362	0.951769709858727	0.983742116327961	0.979141383495146	0.984667802385009										
97.7166667	1.03555827363271	0.972654271865731	1.00507652674648	1.0244082294816	1.00493695883336	0.96552207428171	0.967005461165049	0.977260943633805										
97.9	1.02856893237812	0.978441727555523	0.952038187604182	1.0244082294816	0.974555673704998	0.987946741415557	0.963971480582524	0.983186430634768										
98.0833333	0.995369561418836	0.990016638935108	1.02477648128504	1.04653049185163	0.968479416679326	0.983742116327961	0.944250606796116	0.986149174135249										
98.2666667	0.977896208282369	1.00593214208204	1.01719957569329	1.04800530934297	0.977593802217834	1.0103714085494	0.957903519417476	1.01281386563958										
98.45	1.04604228551459	0.984229183245316	0.977799666616154	1.01260968955092	1.00189883032052	0.990749824807288	0.965488470873786	1.00392563513814										
98.6333333	0.995369561418836	1.01461332561673	0.988407334444613	1.01703414202492	0.954807838371563	0.989348283111423	0.965488470873786	0.990593289385972										
98.8166667	1.02507426175083	0.961079360486146	1.00507652674648	1.01850895951626	0.989746316269178	1.01177295024527	0.967005461165049	0.960965854381157										
99	0.995369561418836	0.984229183245316	1.00962267010153	0.991962244672222	0.922907488986784	1.00056061667835	0.965488470873786	0.999481519887416										
99.1833333	0.993622226105189	0.992910366780004	0.995984240036369	1.03030749944694	0.976074737961416	1.00896986685354	0.932114684466019	0.983186430634768										
99.3666667	0.990127555477896	1.00593214208204	1.00204576450977	1.02588304697294	0.945693452833055	1.00196215837421	0.956386529126214	0.969854084882601										
99.55	1.00061156735978	1.04644433191058	1.00810728898318	1.0244082294816	1.00341789457694	0.969726699369306	0.950318567961165	0.977260943633805										
99.7333333	1.02332692643718	0.98856977501266	1.0353841491135	0.989012609689551	0.982150994987088	0.983742116327961	0.93969963592233	1.01873935264055										
99.9166667	0.963917525773196	1.01171959777183	0.983861191089559	1.0244082294816	1.00797508734619	1.0103714085494	0.942733616504854	1.00392563513814										
100.1	0.99886423204613	1.01895391738407	1.00053038339142	1.01555932453359	1.00949415160261	0.990749824807288	0.948801577669903	0.993556032886453										
100.283333	1.00410623798707	1.01750705346162	0.983861191089559	0.996386697146228	0.976074737961416	1.02018220042046	0.98217536407767	1.00540700688838										
100.466667	0.983138214223309	0.997250958547348	0.98537657220791	0.990487427180886	0.960884095397235	0.987946741415557	0.933631674757282	1.00392563513814										
100.65	0.960422855145902	0.98856977501266	0.976284285497803	1.0199837770076	0.971517545192162	1.0103714085494	0.962454490291262	0.972816828383083										
100.833333	0.991874890791543	0.987122911090212	0.991438096681315	1.00376078460291	0.969998480935744	0.968325157673441	0.965488470873786	0.981705058884527										
101.016667	0.977896208282369	0.991463502857556	0.999015002273071	1.01850895951626	0.991265380525596	0.979537491240364	0.989760315533981	1.00392563513814										
101.2	0.970906867027783	1.00159155031469	0.974768904379451	1.01850895951626	1.00949415160261	1.014576033637	0.986726334951456	1.00096289163766										
101.383333	0.969159531714136	1.01171959777183	0.99749962115472	0.990487427180886	1.02620385842321	0.985143658023826	0.976107402912621	0.993556032886453										
101.566667	1.00410623798707	1.02618823699631	0.974768904379451	1.04653049185163	0.985189123499924	1.01177295024527	1.00341322815534	1.0098511221391										
101.75	0.990127555477896	0.987122911090212	0.994468858918018	1.01113487205958	0.945693452833055	0.978135949544499	1.0049302184466	1.01281386563958										
101.933333	1.0163375851826	1.01461332561673	1.01416881345658	1.02145859449893	1.02012760139754	1.00616678346181	0.991277305825243	0.980223687134287										
102.116667	1.00061156735978	1.00737900600449	1.01113805121988	1.00523560209424	0.971517545192162	1.01597757533287	0.994311286407767	0.996518776386934										
102.3	0.991874890791543	1.01027273384938	1.01416881345658	1.04800530934297	0.986708187756342	1.03559915907498	0.986726334951456	1.02762758314199										
102.483333	0.976148872968723	1.00014468639224	1.00356114562813	1.00523560209424	1.01253228011545	1.02158374211633	0.998862257281553	1.00392563513814										
102.666667	1.00585357330072	1.00014468639224	0.982345809971208	0.997861514637564	0.982150994987088	0.986545199719692	0.970039441747573	0.986149174135249										
102.85	0.991874890791543	1.00882586992693	0.976284285497803	1.02293341199027	1.00797508734619	1.02578836720392	1.01403216019417	1.00540700688838										
103.033333	0.988380220164249	0.953845040873906	0.983861191089559	1.01555932453359	0.966960352422907	1.00896986685354	0.998862257281553	0.996518776386934										
103.216667	1.00585357330072	1.01027273384938	0.979315047734505	0.987537792198215	0.98822725201276	1.01597757533287	0.995828276699029	0.993556032886453										
103.4	1.00585357330072	1.01027273384938	1.00659190786483	0.984588157215544	0.966960352422907	1.02578836720392	1.00189623786408	0.937263906377306										
103.583333	1.00410623798707	0.981335455400419	0.983861191089559	1.00081114962023	0.992784444782014	0.973931324456903	0.983692354368932	0.992074661136212										
103.766667	1.01983225580989	1.00303841423714	1.01568419457494	1.02293341199027	0.976074737961416	1.01737911702873	1.03527002427184	0.978742315384046										
103.95	0.990127555477896	1.02763510091876	0.970222761024398	0.991962244672222	0.997341637551268	0.999159074982481	0.995828276699029	0.993556032886453										
104.133333	1.05477896208282	0.981335455400419	0.989922715562964	1.00228596711157	0.98822725201276	0.983742116327961	1.01858313106796	0.989111917635731										
104.316667	1.03031626769177	0.976994863633075	0.994468858918018	1.02735786446427	0.983670059243506	0.997757533286615	1.02161711165049	0.968372713132361										
104.5	0.986632884850603	0.9958040946249	1.00053038339142	1.00818523707691	0.969998480935744	1.00616678346181	1.00037924757282	1.01133249388934										
104.683333	0.967412196400489	1.02184764522897	0.986891953326261	1.00376078460291	0.989746316269178	0.979537491240364	1.00644720873786	1.03503444189319										
104.866667	1.05128429145553	0.98856977501266	0.983861191089559	0.987537792198215	1.01557040862829	0.99635599159075	0.980658373786408	1.02022072439079										
105.05	1.00235890267342	1.01461332561673	0.99749962115472	0.996386697146228	0.994303509038432	1.00896986685354	0.986726334951456	1.04540404414488										
105.233333	1.03730560894636	1.00303841423714	0.980830428852856	1.02735786446427	1.0003797660641	1.02999299229152	1.0049302184466	1.00392563513814										
105.416667	1.00061156735978	1.02184764522897	1.02326110016669	0.977214069758867	1.01101321585903	0.993552908199019	0.989760315533981	0.995037404636694										
105.6	1.00061156735978	0.971207407943283	0.968707379906046	1.00671041958558	0.98063193073067	1.00896986685354	0.983692354368932	0.993556032886453										
105.783333	0.981390878909663	0.987122911090212	0.980830428852856	1.02145859449893	0.994303509038432	1.01597757533287	0.976107402912621	1.03059032664247										
105.966667	0.986632884850603	0.971207407943283	1.00204576450977	0.989012609689551	0.963922223910071	0.990749824807288	1.0049302184466	0.995037404636694										
106.15	1.00934824392801	1.01027273384938	1.03689953023185	0.968365164810855	1.00645602308978	0.98093903293623	0.968522451456311	0.998000148137175										
106.333333	1.02332692643718	1.02329450915141	1.00962267010153	1.03620676941229	1.00645602308978	1.01177295024527	1.02768507281553	1.00688837863862										
106.516667	1.0163375851826	1.01750705346162	1.01568419457494	1.00818523707691	0.989746316269178	1.02018220042046	0.998862257281553	1.00836975038886										
106.7	0.956928184518609	0.991463502857556	0.983861191089559	0.981638522232874	1.02164666565396	1.00196215837421	0.988243325242718	0.983186430634768										
106.883333	1.01109557924166	1.01027273384938	1.00356114562813	0.974264434776196	0.976074737961416	0.994954449894884	0.980658373786408	0.971335456632842										
107.066667	0.979643543596016	1.00159155031469	0.9732535232611	0.968365164810855	0.992784444782014	0.993552908199019	0.992794296116505	0.975779571883564										
107.25	0.976148872968723	0.997250958547348	0.999015002273071	1.03325713442961	1.03228011544888	0.978135949544499	0.986726334951456	0.978742315384046										
107.433333	0.960422855145902	1.00159155031469	1.01871495681164	1.00081114962023	1.01405134437187	0.99635599159075	1.0489229368932	1.01133249388934										
107.616667	1.03905294426	1.02184764522897	1.01265343233823	1.00523560209424	1.00797508734619	0.992151366503154	1.0049302184466	1.00688837863862										
107.8	0.990127555477896	1.00737900600449	0.983861191089559	1.02293341199027	1.00189883032052	0.968325157673441	0.985209344660194	0.983186430634768										
107.983333	1.07225231521929	1.00303841423714	1.01113805121988	0.987537792198215	1.02620385842321	0.975332866152768	1.0049302184466	1.0172579808903										
108.166667	0.962170190459549	0.990016638935108	0.979315047734505	0.991962244672222	0.98822725201276	1.00616678346181	1.00644720873786	1.00836975038886										
108.35	0.948191507950376	0.997250958547348	0.994468858918018	1.0199837770076	0.992784444782014	1.01597757533287	1.02616808252427	1.01281386563958										
108.533333	1.00410623798707	0.978441727555523	1.01871495681164	0.984588157215544	0.98822725201276	1.02718990889979	1.01403216019417	1.02170209614103										
108.716667	1.04429495020094	0.994357230702452	1.00356114562813	0.994911879654893	1.00493695883336	0.997757533286615	1.00644720873786	0.998000148137175										
																		
																		
																		
0									0.0173160173160173	0.0307076101468625	0.0237020316027088	0.0383912248628885	0.039039039039039	0.0288624787775891	0.0134770889487871	0.0121065375302663		
15									-0.0317460317460317	-0.0173564753004005	-0.0214446952595937	-0.0152346130408288	-0.021021021021021	-0.0186757215619694	-0.00539083557951483	-0.00726392251815981		
30									0.051948051948052	-0.00400534045393859	-0.00112866817155756	-0.0103595368677636	0	-0.0141482739105829	0.00269541778975741	-0.00968523002421308		
45									-0.0375180375180375	-0.00934579439252336	-0.00112866817155756	-0.0127970749542962	-0.018018018018018	0.00396151669496321	-0.0107816711590297	0.00484261501210654		
60									-0.0202020202020202	-0.0120160213618158	-0.0304740406320542	-0.0103595368677636	-0.039039039039039	-0.00509337860780985	-0.0188679245283019	0		
75									-0.0115440115440115	0.0120160213618158	0.00790067720090293	0.0188909201706277	-0.03003003003003	0.0265987549518959	-0.00269541778975741	-0.0145278450363196		
90									0.0173160173160173	0.0761014686248331	0.0327313769751693	0.0627666057282145	-0.00900900900900901	0.0469722693831353	0.078167115902965	0.0750605326876513		
105									0.121212121212121	0.142857142857143	0.082392776523702	0.121267519804997	0.018018018018018	0.101301641199774	0.148247978436658	0.14043583535109		
120									0.230880230880231	0.249666221628838	0.195259593679458	0.260207190737355	0.0900900900900901	0.22354272778721	0.253369272237197	0.23728813559322		
135									0.401154401154401	0.409879839786382	0.335214446952596	0.401584399756246	0.231231231231231	0.375212224108659	0.38544474393531	0.358353510895884		
150									0.545454545454545	0.551401869158878	0.497742663656885	0.540524070688605	0.369369369369369	0.486134691567629	0.525606469002695	0.513317191283293		
165									0.701298701298701	0.682242990654206	0.635440180586907	0.659963436928702	0.54954954954955	0.65365025466893	0.638814016172507	0.585956416464891		
180									0.715728715728716	0.818424566088118	0.707674943566591	0.689213893967093	0.675675675675676	0.728353140916808	0.749326145552561	0.73365617433414		
195									0.825396825396825	0.93324432576769	0.802483069977427	0.823278488726386	0.807807807807808	0.782682512733446	0.808625336927224	0.782082324455206		
210									0.888888888888889	1	0.863431151241535	0.830591102985984	0.867867867867868	0.818902093944539	0.900269541778976	0.886198547215496		
225									0.963924963924964		0.946952595936795	0.937842778793419	1	0.891341256366723	0.913746630727763	0.854721549636804		
240									0.909090909090909		0.942437923250564	0.942717854966484		0.934352009054895	0.98921832884097	0.917675544794189		
255									0.987012987012987		0.980812641083521	1.00609384521633		0.968307866440294	1.00269541778976	0.99273607748184		
270									1.01298701298701		1.01918735891648	0.993906154783669		1	0.997304582210243	1		
																		
																		
																		
																		
																		
																		
																		
																		
																		
																		
																		
																		
																		
																		
0																	1.11022E-16	0
1.35678392																	0.00000417106	0.000000346804
2.71356784																	0.0000168353	0.00000139022
4.07035176																	0.0000384523	0.0000031393
5.42713568																	0.0000698073	0.00000560923
6.7839196																	0.00011204	0.00000882146
8.14070352																	0.000166683	0.0000128039
9.49748744																	0.000235723	0.0000175911
10.8542714																	0.000321664	0.0000232247
12.2110553																	0.000427625	0.0000297536
13.5678392																	0.000557447	0.0000372346
14.9246231																	0.000715832	0.0000457325
16.281407																	0.000908509	0.0000553213
17.638191																	0.001142437	0.0000660842
18.9949749																	0.001426053	0.0000781146
20.3517588																	0.00176956	0.0000915171
21.7085427																	0.002185289	0.000106408
23.0653266																	0.002688112	0.000122917
24.4221106																	0.003295952	0.000141186
25.7788945																	0.004030374	0.000161376
27.1356784																	0.004917288	0.00018366
28.4924623																	0.005987778	0.000208232
29.8492462																	0.007279049	0.000235305
31.2060302																	0.00883554	0.000265115
32.5628141																	0.010710175	0.000297919
33.919598																	0.01296577	0.000334003
35.2763819																	0.015676575	0.000373678
36.6331658																	0.018929918	0.000417289
37.9899498																	0.022827887	0.000465213
39.3467337																	0.027488944	0.000517865
40.7035176																	0.033049307	0.000575701
42.0603015																	0.039663883	0.000639222
43.4170854																	0.047506422	0.000708976
44.7738694																	0.056768515	0.000785566
46.1306533																	0.067656928	0.000869654
47.4874372																	0.080388765	0.000961966
48.8442211																	0.09518392	0.001063297
50.201005																	0.11225445	0.001174522
51.557789																	0.131790751	0.001296597
52.9145729																	0.153944914	0.001430573
54.2713568																	0.178812297	0.001577601
55.6281407																	0.206413084	0.001738943
56.9849246																	0.236676297	0.001915983
58.3417086																	0.269429085	0.002110236
59.6984925																	0.30439393	0.002323363
61.0552764																	0.341195536	0.002557182
62.4120603																	0.379377662	0.002813684
63.7688442																	0.418428397	0.003095052
65.1256281																	0.45781074	0.00340367
66.4824121																	0.496994466	0.003742152
67.839196																	0.535485214	0.004113352
69.1959799																	0.572847596	0.004520395
70.5527638																	0.608720508	0.004966695
71.9095477																	0.642824334	0.005455981
73.2663317																	0.674960921	0.005992328
74.6231156																	0.705007985	0.006580182
75.9798995																	0.732909843	0.007224393
77.3366834																	0.758666287	0.00793025
78.6934673																	0.782321018	0.008703514
80.0502513																	0.803950684	0.009550458
81.4070352																	0.823655143	0.010477906
82.7638191																	0.841549233	0.011493274
84.120603																	0.85775611	0.012604614
85.4773869																	0.872402066	0.01382066
86.8341709																	0.885612643	0.015150873
88.1909548																	0.897509845	0.01660549
89.5477387																	0.908210231	0.018195569
90.9045226																	0.917823708	0.019933039
92.2613065																	0.926452844	0.021830741
93.6180905																	0.93419259	0.02390248
94.9748744																	0.941130265	0.026163054
96.3316583																	0.94734576	0.0286283
97.6884422																	0.95291185	0.031315113
99.0452261																	0.957894608	0.034241469
100.40201																	0.962353849	0.037426435
101.758794																	0.966343599	0.040890157
103.115578																	0.969912565	0.044653845
104.472362																	0.973104591	0.048739721
105.829146																	0.975959092	0.053170961
107.18593																	0.978511464	0.057971596
108.542714																	0.980793469	0.063166391
109.899497																	0.982833587	0.068780683
111.256281																	0.984657338	0.074840187
112.613065																	0.986287582	0.081370755
113.969849																	0.987744786	0.088398098
115.326633																	0.98904727	0.095947457
116.683417																	0.990211426	0.104043235
118.040201																	0.991251918	0.112708582
119.396985																	0.992181864	0.121964939
120.753769																	0.993012994	0.131831551
122.110553																	0.993755799	0.142324954
123.467337																	0.994419656	0.153458443
124.824121																	0.99501295	0.16524154
126.180905																	0.995543179	0.177679476
127.537688																	0.996017041	0.190772704
128.894472																	0.996440528	0.204516462
130.251256																	0.996818993	0.21890041
131.60804																	0.99715722	0.233908351
132.964824																	0.997459488	0.249518068
134.321608																	0.997729617	0.265701277
135.678392																	0.997971026	0.28242372
137.035176																	0.998186767	0.299645401
138.39196																	0.998379569	0.317320954
139.748744																	0.99855187	0.335400158
141.105528																	0.998705852	0.353828573
142.462312																	0.99884346	0.372548277
143.819095																	0.998966437	0.391498693
145.175879																	0.999076337	0.410617471
146.532663																	0.999174552	0.429841395
147.889447																	0.999262324	0.449107293
149.246231																	0.999340762	0.468352918
150.603015																	0.99941086	0.487517767
151.959799																	0.999473505	0.506543832
153.316583																	0.999529488	0.525376249
154.673367																	0.999579519	0.543963846
156.030151																	0.99962423	0.562259572
157.386935																	0.999664186	0.580220817
158.743719																	0.999699894	0.597809615
160.100503																	0.999731805	0.61499274
161.457286																	0.999760323	0.631741711
162.81407																	0.999785808	0.648032707
164.170854																	0.999808584	0.663846411
165.527638																	0.999828938	0.679167799
166.884422																	0.999847127	0.693985876
168.241206																	0.999863382	0.708293386
169.59799																	0.999877909	0.722086498
170.954774																	0.999890892	0.73536448
172.311558																	0.999902493	0.74812937
173.668342																	0.999912861	0.760385651
175.025126																	0.999922127	0.772139939
176.38191																	0.999930407	0.783400686
177.738694																	0.999937807	0.794177892
179.095477																	0.999944421	0.804482851
180.452261																	0.99995033	0.814327909
181.809045																	0.999955612	0.823726244
183.165829																	0.999960332	0.832691675
184.522613																	0.99996455	0.841238482
185.879397																	0.999968319	0.849381256
187.236181																	0.999971688	0.857134762
188.592965																	0.999974699	0.864513822
189.949749																	0.999977389	0.871533215
191.306533																	0.999979793	0.878207592
192.663317																	0.999981942	0.884551402
194.020101																	0.999983862	0.890578835
195.376885																	0.999985578	0.896303771
196.733668																	0.999987112	0.901739744
198.090452																	0.999988482	0.906899906
199.447236																	0.999989707	0.91179701
200.80402																	0.999990801	0.916443389
202.160804																	0.999991779	0.920850946
203.517588																	0.999992653	0.925031148
204.874372																	0.999993435	0.92899502
206.231156																	0.999994133	0.932753152
207.58794																	0.999994757	0.936315699
208.944724																	0.999995314	0.939692383
210.301508																	0.999995812	0.942892511
211.658292																	0.999996258	0.945924972
213.015075																	0.999996656	0.948798259
214.371859																	0.999997011	0.951520473
215.728643																	0.999997329	0.954099338
217.085427																	0.999997613	0.956542213
218.442211																	0.999997867	0.958856106
219.798995																	0.999998094	0.961047685
221.155779																	0.999998296	0.963123294
222.512563																	0.999998478	0.965088965
223.869347																	0.999998639	0.966950429
225.226131																	0.999998784	0.968713132
226.582915																	0.999998913	0.970382247
227.939699																	0.999999029	0.971962684
229.296482																	0.999999132	0.973459104
230.653266																	0.999999224	0.974875929
232.01005																	0.999999307	0.976217356
233.366834																	0.999999381	0.977487365
234.723618																	0.999999446	0.97868973
236.080402																	0.999999505	0.97982803
237.437186																	0.999999558	0.980905657
238.79397																	0.999999605	0.981925828
240.150754																	0.999999647	0.98289159
241.507538																	0.999999684	0.983805833
242.864322																	0.999999718	0.984671292
244.221106																	0.999999748	0.98549056
245.57789																	0.999999775	0.986266096
246.934673																	0.999999799	0.987000225
248.291457																	0.99999982	0.987695152
249.648241																	0.999999839	0.988352965
251.005025																	0.999999856	0.988975641
252.361809																	0.999999872	0.989565053
253.718593																	0.999999885	0.990122975
255.075377																	0.999999897	0.990651085
256.432161																	0.999999908	0.991150975
257.788945																	0.999999918	0.991624149
259.145729																	0.999999927	0.992072035
260.502513																	0.999999935	0.99249598
261.859297																	0.999999942	0.992897265
263.21608																	0.999999948	0.993277098
264.572864																	0.999999953	0.993636626
265.929648																	0.999999958	0.993976932
267.286432																	0.999999963	0.994299045
268.643216																	0.999999967	0.994603935
270																	0.99999997	0.994892523
