X	slow 20 uM	slow 15 uM	slow 10 uM	slow 7.5 uM	slow 5 uM	slow 3.75 uM	slow 2.5 uM	slow 1.9 uM	slow 1.25 uM	slow 0.9 uM	fast 20 uM	fast 15 uM	fast 10 uM	fast 7.5 uM	fast 5 uM	fast 3.75 uM	fast 2.5 uM	fast 1.9 uM	fast 1.25 uM	fast 0.9 uM
0.0	0.0	0.0	0.0	0.0	0.0	0.0	0.0	0.0	0.0	0.0	0.0	0.0	0.0	0.0	0.0	0.0	0.0	0.0	0.0	0.0
0.11055276381909548	0.000562719182410798	0.00027895748792328146	0.00010844760777728446	5.687849617330709e-05	2.359827469300413e-05	1.2878548062422723e-05	5.594110461415447e-06	3.20809690679269e-06	1.3821338442632225e-06	7.155878555265005e-07	0.07098706080367356	0.035928796555416254	0.014122067306884922	0.007425862138786488	0.003084134734779642	0.001683209425186738	0.0007309584223230692	0.00041909036528819943	0.00018049197788039262	9.342590329186606e-05
0.22110552763819097	0.007471094062674544	0.0027636383742608572	0.0007694113593968988	0.0003351271121114774	0.00011482195735634804	5.743203771024774e-05	2.332103977897848e-05	1.3092070690667867e-05	5.562903475642145e-06	2.869193860277619e-06	0.5793025620730643	0.2947000526065857	0.0959531830723711	0.04323869614536857	0.015036964010260667	0.0075392861615175555	0.0030611980253364424	0.0017171814981860045	0.0007286650311707499	0.0003754715952890564
0.3316582914572864	0.0808340596491176	0.021870407008097503	0.004020852531200436	0.0013604462904326375	0.0003526082261463559	0.00015412893606958633	5.617381932598864e-05	3.0451950789323057e-05	1.264626552810455e-05	6.4814105225075025e-06	0.9880369160139001	0.8591513420411551	0.3856159472500925	0.16144019439880175	0.045730333170401316	0.020295931449886728	0.007423766974057666	0.004019938485122054	0.0016648099295724084	0.0008514684176699205
0.44221105527638194	0.5574845431831963	0.15411274291434784	0.019700605839562124	0.005059398682817684	0.0009424593423129624	0.00034736966242820966	0.00010969828515272617	5.66927355349911e-05	2.2808343095981343e-05	1.1586776615057914e-05	0.9999587925701959	0.9963054869652612	0.818266410963171	0.4422293455474735	0.11647887453743622	0.0454863862257906	0.014609670801659647	0.007547429136715467	0.003023407799778388	0.0015303932123333919
0.5527638190954774	0.9844584589948666	0.6521953088377437	0.09109823600834799	0.018245215076182597	0.0023925374661540877	0.0007257887227185567	0.0001929268909731663	9.393783274536105e-05	3.630179247449128e-05	1.8234106213710355e-05	0.9999999013837854	0.9999573918423187	0.9801815182059791	0.7819278812692085	0.2577041657238508	0.09248269392913344	0.025866607310773504	0.012629730096126113	0.0048541183140144994	0.0024250050317065064
0.6633165829145728	0.9999376128125528	0.9790152159075977	0.34567567745348293	0.06352229330192016	0.005942404844085147	0.001462586607595906	0.0003198975302963758	0.00014520038814558323	5.3462065735310205e-05	2.6486953663473756e-05	0.9999999997718961	0.9999995714745223	0.9986539725046765	0.9500469334717581	0.47506887941204623	0.1738281454473405	0.04301439866105705	0.019727597794523044	0.007223145406236364	0.003552035990479152
0.7738693467336684	0.9999998338981405	0.9996686315887836	0.7732117853626541	0.2008215972160211	0.014568916743270877	0.0028935871229747168	0.0005120089374893722	0.00021462616095369036	7.471572245709712e-05	3.6424218839870015e-05	0.9999999999994739	0.9999999957654417	0.9999192086542056	0.9913530551020021	0.7034909317880086	0.2987958673918605	0.06852134482031402	0.02945571603099073	0.010214951568949693	0.004932435366349575
0.8844221105527639	0.9999999995754576	0.9999961449765518	0.9701839428617528	0.4943914058120442	0.035172034254576934	0.005665737844240515	0.0008015992236442004	0.0003078272302374785	0.00010059099377623948	4.8140898374793295e-05	0.9999999999999988	0.9999999999582465	0.9999952751720844	0.998640977493446	0.8629547813489358	0.46002111426776127	0.10542032733296647	0.04260320827339925	0.01393426632276884	0.006591665279698455
0.9949748743718594	0.9999999999989189	0.9999999570644036	0.9976631350789065	0.8092372429521755	0.08241009095475138	0.01101259145223088	0.0012373264597959066	0.0004323328741940857	0.0001317308564779962	6.174898988109412e-05	1.0	0.9999999999995884	0.9999997251142447	0.9997922836838603	0.9441843824240843	0.6275792925800561	0.1568661517125689	0.06014150488432779	0.018508294177341122	0.00856004507262298
1.105527638190955	0.9999999999999972	0.9999999995245061	0.9998418715483793	0.9550042790748976	0.18125585044644588	0.02124085316424129	0.001892202564459211	0.0005981929313334522	0.00016890893527798934	7.737855763567669e-05	1.0	0.9999999999999959	0.9999999840238222	0.9999684933193327	0.9786510980481338	0.767521900119899	0.22513861596150586	0.08320333574124439	0.02408896732727106	0.010873139727782699
1.2160804020100504	1.0	0.999999999994738	0.9999896427107949	0.9915957226554075	0.3534946341773002	0.04050341271194369	0.002875508096770951	0.0008187803831438689	0.00021304861908755246	9.517896967170536e-05	1.0	1.0	0.9999999990716629	0.9999952308184282	0.9920548615410846	0.8651418808818936	0.3101640194344121	0.11301015735653752	0.030855003299594563	0.013572185155814598
1.3266331658291457	1.0	0.9999999999999418	0.9999993261825267	0.9985513572435848	0.5754618985278644	0.07573740520304828	0.004350310885427033	0.0011118544192714186	0.0002652458533016766	0.00011532031781569252	1.0	1.0	0.9999999999460587	0.9999992784831565	0.9970762468555966	0.9252910905775066	0.4082389126366187	0.15072334239070562	0.039013413647091655	0.01670453975320174
1.4371859296482412	1.0	0.9999999999999993	0.9999999562240506	0.9997561597756968	0.7715767079831828	0.13689245303465059	0.006558903386086223	0.0015009635134703991	0.00032679615652464467	0.0001379950338851188	1.0	1.0	0.9999999999968657	0.9999998908596697	0.9989289194959223	0.9596775710669487	0.5121101134894634	0.19720547807151945	0.048799965678720914	0.020324147089145317
1.5477386934673367	1.0	1.0	0.9999999971568118	0.9999592299727142	0.8943186823205789	0.23404215189836608	0.009859035299829344	0.002017290624412915	0.0003992265083206936	0.00016341971705458036	1.0	1.0	0.9999999999998179	0.999999983491524	0.9996083238714801	0.9785370346896742	0.6129626303022979	0.2527115979688308	0.06047793126990042	0.02449198871231406
1.6582914572864322	1.0	1.0	0.9999999998153495	0.9999931959395217	0.9551381710268702	0.3688552715348046	0.014773972836939486	0.002702069799246809	0.0004843328662600399	0.00019183718931525817	1.0	1.0	0.9999999999999895	0.9999999975029679	0.9998568717269106	0.9886571045352328	0.7032852619949095	0.31658594694304865	0.0743342836937515	0.0292764986828985
1.7688442211055277	1.0	1.0	0.999999999988008	0.9999988650637673	0.9817231864888991	0.5253043090588291	0.022058258219528892	0.0036097346980296097	0.0005842241976208307	0.00022351879801452146	1.0	1.0	0.9999999999999993	0.999999999622306	0.9999477119033723	0.9940271304712605	0.7787904389660532	0.38709300673235514	0.09067236336031581	0.0347539023883382
1.8793969849246233	1.0	1.0	0.9999999999992212	0.9999998107164657	0.9926863831251753	0.6742858171082443	0.03277668278075285	0.004811992793990694	0.0007013740554255854	0.0002587669866764841	1.0	1.0	1.0	0.9999999999428711	0.9999809000346186	0.9968605681149685	0.838556349222426	0.4615117367379846	0.10979999067281943	0.04100843145240929
1.9899497487437188	1.0	1.0	0.9999999999999494	0.9999999684327252	0.9970953067151147	0.7927389585147114	0.04838306774178769	0.006403049153199003	0.0008386808919570443	0.0002979181576853174	1.0	1.0	1.0	0.9999999999913589	0.9999930234043642	0.9983513686183497	0.8839772353258161	0.5365315532659675	0.1320121515528846	0.048132354239157515
2.100502512562814	1.0	1.0	0.9999999999999967	0.9999999947355063	0.9988499279692905	0.8748220799320972	0.07076346380807674	0.008506220288052813	0.0009995384871493984	0.00034134585299006037	1.0	1.0	1.0	0.9999999999986929	0.9999974517201071	0.9991346361995074	0.9175100201838315	0.6088397684098192	0.15756783017618625	0.05622574801570779
2.21105527638191	1.0	1.0	0.9999999999999998	0.9999999991220399	0.9995452204866699	0.9267763114053758	0.10217325821159995	0.011282161993148132	0.0011879180757138341	0.0003894642817656724	1.0	1.0	1.0	0.9999999999998023	0.9999990692184002	0.9995458748619126	0.9417767986779689	0.6756860951136128	0.18666141477434695	0.0653959251244578
2.321608040201005	1.0	1.0	1.0	0.9999999998535826	0.999820256534139	0.957936385902068	0.14496092283414852	0.014938851010135257	0.0014084639862635973	0.0004427322269532352	1.0	1.0	1.0	0.9999999999999701	0.9999996600247487	0.9997617113375448	0.9591036077105571	0.7352326250416463	0.21939038873732597	0.07575641295747326
2.432160804020101	1.0	1.0	1.0	0.999999999975582	0.9999289744948676	0.9760723775724223	0.20097686601341036	0.01974325264844401	0.0016666048579003778	0.000501657365839181	1.0	1.0	1.0	0.9999999999999954	0.9999998758215126	0.9998749721319167	0.9713655439594061	0.7866228680107531	0.2557226270373997	0.08742537829335284
2.542713567839196	1.0	1.0	1.0	0.9999999999959278	0.9999719367128795	0.986459311042895	0.27069344268529527	0.02603418980844796	0.0019686827729776812	0.0005668010433159676	1.0	1.0	1.0	0.9999999999999993	0.9999999546429031	0.9999344008625524	0.9799926568524049	0.8298308991317445	0.2954682166517758	0.10052338367882507
2.6532663316582914	1.0	1.0	1.0	0.9999999999993209	0.9999889121409057	0.9923579834158006	0.35234835147208843	0.03423518687064697	0.0023221029351443434	0.0006387835402112962	1.0	1.0	1.0	0.9999999999999999	0.9999999834329927	0.9999655821778045	0.9860394130451486	0.8654076125444939	0.3382617565227978	0.11517037092792093
2.763819095477387	1.0	1.0	1.0	0.9999999999998868	0.9999956192271233	0.9956930747784609	0.441691979342555	0.04486486345903784	0.002735506822071132	0.0007182898831104012	1.0	1.0	1.0	1.0	0.9999999939487813	0.9999819421668941	0.9902671762225965	0.8942254628156899	0.3835609178776809	0.13148178910499286
2.8743718592964824	1.0	1.0	1.0	0.9999999999999811	0.9999982691824554	0.997574434030991	0.5327760632934258	0.058540711218986186	0.003218972040626489	0.0008060762464190407	1.0	1.0	1.0	1.0	0.9999999977897489	0.9999905257163064	0.9932184422378223	0.9172770087268095	0.43066518758334493	0.14956382644328714
2.984924623115578	1.0	1.0	1.0	0.9999999999999969	0.9999993161657819	0.9986344822003522	0.6195435896282242	0.0759698974507671	0.00378424239035402	0.0009029770020418937	1.0	1.0	1.0	1.0	0.9999999991926899	0.9999950291988616	0.9952765154618574	0.9355414584817634	0.4787552195175039	0.16950777179454846
3.0954773869346734	1.0	1.0	1.0	0.9999999999999994	0.9999997298220159	0.9992314032130863	0.6973592541316425	0.09791863023631087	0.0044449918716915615	0.0010099124769948897	1.0	1.0	1.0	1.0	0.9999999997051242	0.999997392009398	0.9967107710277108	0.9499101908156699	0.5269488407915537	0.1913836236950177
3.206030150753769	1.0	1.0	1.0	0.9999999999999999	0.9999998932546617	0.9995674293528208	0.7637354798911107	0.12515086843049383	0.005217126519198034	0.001127897484509699	1.0	1.0	1.0	1.0	0.9999999998922945	0.9999986316869461	0.9977098682291733	0.9611544633348612	0.5743658288432003	0.21523318249635193
3.3165829145728645	1.0	1.0	1.0	1.0	0.9999999578257069	0.9997565590867709	0.8181727940618153	0.15832994785139365	0.00611912794186531	0.0012580506997528218	1.0	1.0	1.0	1.0	0.9999999999606598	0.9999992820985569	0.9984056455352196	0.9699193599347504	0.620191465155681	0.24106299606059356
3.42713567839196	1.0	1.0	1.0	1.0	0.99999998333725	0.9998630005563157	0.8615247366560931	0.19788554847429118	0.007172442236246468	0.0014016049571138334	1.0	1.0	1.0	1.0	0.9999999999856307	0.9999996233446533	0.9988901039096594	0.9767319852122563	0.6637293478274899	0.26883766776489015
3.5376884422110555	1.0	1.0	1.0	1.0	0.9999999934166715	0.9999229028653687	0.8953225428036857	0.2438642867806684	0.008401917400704728	0.0015599185521372183	1.0	1.0	1.0	1.0	0.9999999999947515	0.9999998023833995	0.9992273862650202	0.9820160495472084	0.7044367831134759	0.29847415477415784
3.648241206030151	1.0	1.0	1.0	1.0	0.9999999973989758	0.9999566134927098	0.9212801578197123	0.2958013069305945	0.009836291384166307	0.0017344876374996154	1.0	1.0	1.0	1.0	0.999999999998083	0.9999998963181589	0.9994621868893511	0.9861082191494063	0.7419401928791192	0.3298377563963195
3.7587939698492465	1.0	1.0	1.0	1.0	0.9999999989723547	0.9999755842758322	0.941010854973283	0.35266220004615056	0.011508731273314643	0.0019269598089435291	1.0	1.0	1.0	1.0	0.9999999999992998	0.9999999456021205	0.9996256367705468	0.989273788060694	0.7760319849455588	0.36274048684414617
3.869346733668342	1.0	1.0	1.0	1.0	0.999999999593985	0.9999862600946028	0.9559026747595917	0.4128962559445202	0.013457421633779054	0.0021391489836758426	1.0	1.0	1.0	1.0	0.9999999999997442	0.9999999714595222	0.9997394144177446	0.9917205674681069	0.806653160749434	0.3969424194113752
3.9798994974874375	1.0	1.0	1.0	1.0	0.9999999998395865	0.9999922678998543	0.9670886333752644	0.4746083770311671	0.015726196397161663	0.002373051680321203	1.0	1.0	1.0	1.0	0.9999999999999066	0.9999999850259077	0.9998186136405355	0.9936106439618466	0.8338671503348243	0.43215636970106597
4.090452261306533	1.0	1.0	1.0	1.0	0.9999999999366218	0.999995648780519	0.9754639056702359	0.5358108104487238	0.018365203598356028	0.0026308648159526493	1.0	1.0	1.0	1.0	0.9999999999999659	0.9999999921436691	0.9998737425641377	0.9950700492852578	0.8578301512287041	0.46805596593711396
4.201005025125628	1.0	1.0	1.0	1.0	0.9999999999749598	0.999997551363025	0.9817211985101091	0.5946834516299071	0.021431585345485504	0.0029150051418288525	1.0	1.0	1.0	1.0	0.9999999999999876	0.999999995878085	0.9999121163502296	0.9961965611606471	0.8787621305968526	0.5042867719632029
4.311557788944724	1.0	1.0	1.0	1.0	0.9999999999901068	0.9999986220363503	0.9863893708768078	0.6497726477989794	0.024990146258680568	0.0032281304450041404	1.0	1.0	1.0	1.0	0.9999999999999954	0.9999999978373896	0.9999388271915307	0.9970659143966698	0.8969211996137727	0.5404797427997725
4.42211055276382	1.0	1.0	1.0	1.0	0.9999999999960912	0.9999992245548377	0.989868646394033	0.7000900106316399	0.029113971885250778	0.0035731626476865896	1.0	1.0	1.0	1.0	0.9999999999999983	0.9999999988653614	0.999957419745755	0.9977367013266709	0.9125827104538865	0.5762659738109096
4.532663316582915	1.0	1.0	1.0	1.0	0.9999999999984557	0.9999995636204339	0.9924601503158242	0.7451129719333108	0.03388494404403675	0.003953312939712794	1.0	1.0	1.0	1.0	0.9999999999999994	0.9999999994046987	0.9999703613951326	0.9982542133828073	0.9260233830662046	0.6112915165778064
4.64321608040201	1.0	1.0	1.0	1.0	0.9999999999993898	0.9999997544286408	0.994389581097116	0.7847163954523552	0.03939408267498645	0.004372109081370756	1.0	1.0	1.0	1.0	0.9999999999999998	0.9999999996876683	0.9999793696281783	0.9986534388744205	0.9375100958138709	0.6452310176997449
4.7537688442211055	1.0	1.0	1.0	1.0	0.999999999999759	0.9999998618054176	0.995825675299587	0.8190721324714145	0.045741624015911975	0.004833425013467285	1.0	1.0	1.0	1.0	0.9999999999999999	0.9999999998361315	0.9999856399411415	0.99896139467993	0.9472926242275725	0.6777990956456387
4.864321608040202	1.0	1.0	1.0	1.0	0.9999999999999047	0.999999922231393	0.9968943718727528	0.848546341910603	0.053036723939907104	0.0053415129083695945	1.0	1.0	1.0	1.0	1.0	0.9999999999140246	0.9999900044821597	0.9991989356026625	0.9555994977503784	0.7087586730166359
4.974874371859297	1.0	1.0	1.0	1.0	0.9999999999999624	0.9999999562359384	0.9976895624083445	0.8736120280454155	0.061396655217372365	0.00590103778893436	1.0	1.0	1.0	1.0	1.0	0.999999999954892	0.9999930424822648	0.99938215603152	0.9626361765514446	0.7379258668077764
5.085427135678392	1.0	1.0	1.0	1.0	0.9999999999999851	0.9999999753718992	0.9982811943425515	0.894783293035575	0.07094535180415817	0.006517114830834059	1.0	1.0	1.0	1.0	1.0	0.9999999999763336	0.999995157124438	0.9995234744469281	0.9685848581711423	0.7651714358592446
5.1959798994974875	1.0	1.0	1.0	1.0	0.9999999999999941	0.9999999861406066	0.9987213515525155	0.9125707997769539	0.08181114707212711	0.00719534944664646	1.0	1.0	1.0	1.0	1.0	0.9999999999875832	0.9999966290502778	0.9996324717949532	0.9736053582861768	0.7904191278258021
5.306532663316583	1.0	1.0	1.0	1.0	0.9999999999999977	0.9999999922006659	0.9990488037776146	0.9274546577758908	0.09412356285828505	0.007941880225873055	1.0	1.0	1.0	1.0	1.0	0.9999999999934853	0.9999976536044545	0.9997165391761742	0.9778366423165251	0.8136415132487377
5.417085427135679	1.0	1.0	1.0	1.0	0.9999999999999991	0.999999995610947	0.9992924038288005	0.9398701328263902	0.10800904014143442	0.008763424772200268	1.0	1.0	1.0	1.0	1.0	0.999999999996582	0.999998366759403	0.9997813779885363	0.9813987004602344	0.8348540235850169
5.527638190954774	1.0	1.0	1.0	1.0	0.9999999999999997	0.999999997530073	0.9994736211442898	0.9502020332013043	0.12358556789891739	0.009667328436011924	1.0	1.0	1.0	1.0	1.0	0.9999999999982067	0.9999988631606399	0.9998313860062173	0.9843945528627904	0.8541079296042833
5.63819095477387	1.0	1.0	1.0	1.0	0.9999999999999999	0.9999999986100556	0.9996084296458299	0.9587845288658119	0.14095627002405875	0.010661615884318243	1.0	1.0	1.0	1.0	1.0	0.9999999999990591	0.9999992086874883	0.9998699553357732	0.9869122441086585	0.8714829297432942
5.748743718592965	1.0	1.0	1.0	1.0	0.9999999999999999	0.9999999992178128	0.9997087136638306	0.9659040844430481	0.16020215180286668	0.011755045379497786	1.0	1.0	1.0	1.0	1.0	0.9999999999995064	0.9999994491961577	0.9998997023230451	0.9890267397111403	0.8870798959905377
5.859296482412061	1.0	1.0	1.0	1.0	1.0	0.9999999995598263	0.9997833145662012	0.971803954672145	0.18137437947380808	0.012957165549938976	1.0	1.0	1.0	1.0	1.0	0.999999999999741	0.9999996166054914	0.9999226449296594	0.990801675300368	0.9010141785157423
5.969849246231156	1.0	1.0	1.0	1.0	1.0	0.9999999997522936	0.9998388097182347	0.976689263705942	0.2044866493379347	0.014278374326879617	1.0	1.0	1.0	1.0	1.0	0.9999999999998641	0.9999997331330366	0.9999403395688389	0.9922909352734254	0.9134097246426893
6.080402010050252	1.0	1.0	1.0	1.0	1.0	0.999999999860604	0.9998800921323755	0.9807320876949042	0.22950836475755654	0.015729979589355736	1.0	1.0	1.0	1.0	1.0	0.9999999999999287	0.9999998142436198	0.9999539866592763	0.9935400548415617	0.9243941398097351
6.190954773869347	1.0	1.0	1.0	1.0	1.0	0.9999999999215552	0.9999108017573458	0.9840762228430174	0.25635943875270806	0.0173242608999018	1.0	1.0	1.0	1.0	1.0	0.9999999999999626	0.9999998707017449	0.9999645120444235	0.9945874501787856	0.9340947166951095
6.301507537688442	1.0	1.0	1.0	1.0	1.0	0.9999999999558554	0.9999336463559119	0.9868414869532405	0.2849075341200442	0.01907453152415406	1.0	1.0	1.0	1.0	1.0	0.9999999999999803	0.9999999100001908	0.9999726297932656	0.9954654876707238	0.9426353859817647
6.412060301507538	1.0	1.0	1.0	1.0	1.0	0.9999999999751578	0.9999506402253531	0.9891275025400877	0.31496841089841165	0.020995199704627265	1.0	1.0	1.0	1.0	1.0	0.9999999999999897	0.9999999373544086	0.99997889063891	0.9962014065196179	0.9501344961421674
6.522613065326634	1.0	1.0	1.0	1.0	1.0	0.9999999999860201	0.9999632817903906	0.9910169667650158	0.34630976690965176	0.023101827899819072	1.0	1.0	1.0	1.0	1.0	0.9999999999999946	0.9999999563946841	0.9999837193388416	0.9968181102218383	0.9567033055619283
6.633165829145729	1.0	1.0	1.0	1.0	1.0	0.9999999999921328	0.999972685718259	0.9925784436126458	0.37865856054022573	0.025411188402368667	1.0	1.0	1.0	1.0	1.0	0.9999999999999971	0.9999999696479267	0.9999874434901651	0.9973348424340017	0.9624450628806016
6.743718592964824	1.0	1.0	1.0	1.0	1.0	0.9999999999955728	0.9999796812004513	0.993868727433689	0.4117113603667475	0.02794131341324879	1.0	1.0	1.0	1.0	1.0	0.9999999999999986	0.9999999788730266	0.9999903157540243	0.9977677619905081	0.9674545554079215
6.85427135678392	1.0	1.0	1.0	1.0	1.0	0.9999999999975085	0.9999848850648163	0.9949348310496277	0.44514686001490433	0.030711537273654055	1.0	1.0	1.0	1.0	1.0	0.9999999999999992	0.9999999852942828	0.9999925309965748	0.9981304306713925	0.9718180164558197
6.964824120603016	1.0	1.0	1.0	1.0	1.0	0.999999999998598	0.9999887561635318	0.9958156503285951	0.47863941382543573	0.033742528145450645	1.0	1.0	1.0	1.0	1.0	0.9999999999999996	0.9999999897638855	0.9999942395091903	0.9984342259694184	0.9756132969880543
7.075376884422111	1.0	1.0	1.0	1.0	1.0	0.999999999999211	0.9999916358320635	0.9965433531255249	0.5118723479527565	0.037056305991092664	1.0	1.0	1.0	1.0	1.0	0.9999999999999998	0.9999999928750133	0.9999955572046875	0.9986886897119374	0.9789102226881137
7.185929648241206	1.0	1.0	1.0	1.0	1.0	0.999999999999556	0.999993777986311	0.9971445352939622	0.5445498969462318	0.04067624324527763	1.0	1.0	1.0	1.0	1.0	0.9999999999999999	0.9999999950405561	0.999996573481249	0.9989018220426543	0.9817710727847245
7.296482412060302	1.0	1.0	1.0	1.0	1.0	0.9999999999997501	0.999995371511628	0.9976411810171412	0.5764068756622508	0.044627044109017744	1.0	1.0	1.0	1.0	1.0	0.9999999999999999	0.9999999965479116	0.9999973572875306	0.9990803290098934	0.9842511308180325
7.407035175879398	1.0	1.0	1.0	1.0	1.0	0.9999999999998594	0.9999965569178139	0.9980514594575409	0.6072155546885774	0.048934697954308604	1.0	1.0	1.0	1.0	1.0	1.0	0.9999999975971269	0.9999979618004085	0.9992298308653784	0.9863992695254907
7.517587939698493	1.0	1.0	1.0	1.0	1.0	0.9999999999999208	0.9999974387285986	0.9983903849262773	0.6367895864063431	0.05362640193367263	1.0	1.0	1.0	1.0	1.0	1.0	0.9999999983274476	0.9999984280327165	0.9993550371593112	0.9882585420473795
7.628140703517588	1.0	1.0	1.0	1.0	1.0	0.9999999999999555	0.999998094698058	0.9986703635212995	0.6649851601794627	0.05873044758131296	1.0	1.0	1.0	1.0	1.0	1.0	0.999999998835797	0.999998787615729	0.9994598938223672	0.9898667597727641
7.738693467336684	1.0	1.0	1.0	1.0	1.0	0.9999999999999749	0.9999985826666073	0.9989016454901245	0.6916998049840273	0.06427606601805957	1.0	1.0	1.0	1.0	1.0	1.0	0.9999999991896408	0.9999990649451616	0.9995477066462652	0.9912570435545962
7.84924623115578	1.0	1.0	1.0	1.0	1.0	0.9999999999999859	0.9999989456611053	0.9990926994094246	0.7168693905635546	0.07029322638602975	1.0	1.0	1.0	1.0	1.0	1.0	0.9999999994359384	0.9999992788362823	0.999621244902005	0.9924583399545681
7.959798994974875	1.0	1.0	1.0	1.0	1.0	0.9999999999999921	0.9999992156887646	0.9992505215904218	0.7404639123792348	0.0768123824039243	1.0	1.0	1.0	1.0	1.0	1.0	0.9999999996073773	0.9999994438004219	0.9996828282577056	0.9934958978812347
8.07035175879397	1.0	1.0	1.0	1.0	1.0	0.9999999999999956	0.9999994165594034	0.9993808918587116	0.7624826045001928	0.08386416251840101	1.0	1.0	1.0	1.0	1.0	1.0	0.9999999997267096	0.9999995710294868	0.999734399665038	0.9943917036924509
8.180904522613066	1.0	1.0	1.0	1.0	1.0	0.9999999999999974	0.9999995659848868	0.9994885849627437	0.7829488366352525	0.09147900010057364	1.0	1.0	1.0	1.0	1.0	1.0	0.9999999998097725	0.9999996691552668	0.9997775864638347	0.9951648747533195
8.291457286432161	1.0	1.0	1.0	1.0	1.0	0.9999999999999986	0.9999996771408786	0.9995775452833625	0.8019051431086444	0.09968670156430504	1.0	1.0	1.0	1.0	1.0	1.0	0.9999999998675896	0.999999744835055	0.9998137515986938	0.9958320127512392
8.402010050251256	1.0	1.0	1.0	1.0	1.0	0.9999999999999992	0.9999997598286117	0.9996510311995811	0.8194086229054401	0.10851595221685117	1.0	1.0	1.0	1.0	1.0	1.0	0.999999999907834	0.9999998032033078	0.9998440365403354	0.9964075189173086
8.512562814070352	1.0	1.0	1.0	1.0	1.0	0.9999999999999996	0.9999998213391168	0.9997117343711018	0.8355268537982625	0.11799376212205381	1.0	1.0	1.0	1.0	1.0	1.0	0.9999999999358465	0.9999998482199896	0.9998693972502132	0.9969038738069627
8.623115577889449	1.0	1.0	1.0	1.0	1.0	0.9999999999999998	0.9999998670961125	0.9997618782897548	0.8503343862932694	0.1281448572567584	1.0	1.0	1.0	1.0	1.0	1.0	0.9999999999553452	0.9999998829392338	0.9998906343124832	0.9973318845461208
8.733668341708544	1.0	1.0	1.0	1.0	1.0	0.9999999999999999	0.9999999011342439	0.9998032996991537	0.8639098260962226	0.13899102472089364	1.0	1.0	1.0	1.0	1.0	1.0	0.9999999999689173	0.9999999097165501	0.9999084181768817	0.9977009025251266
8.84422110552764	1.0	1.0	1.0	1.0	1.0	0.9999999999999999	0.9999999264548395	0.9998375158583703	0.8763334753308841	0.1505504246110022	1.0	1.0	1.0	1.0	1.0	1.0	0.9999999999783645	0.9999999303686317	0.9999233103041671	0.9980190144769473
8.954773869346734	1.0	1.0	1.0	1.0	1.0	1.0	0.9999999452905551	0.9998657801094094	0.8876854796427671	0.1628368852098151	1.0	1.0	1.0	1.0	1.0	1.0	0.9999999999849403	0.9999999462966085	0.9999357808781055	0.9982932097501472
9.06532663316583	1.0	1.0	1.0	1.0	1.0	1.0	0.9999999593022392	0.999889127781389	0.8980444169498502	0.17585920213497697	1.0	1.0	1.0	1.0	1.0	1.0	0.9999999999895175	0.999999958581106	0.9999462236407335	0.9985295264118464
9.175879396984925	1.0	1.0	1.0	1.0	1.0	1.0	0.9999999697253784	0.9999084141113361	0.9074862605359733	0.1896204657180537	1.0	1.0	1.0	1.0	1.0	1.0	0.9999999999927035	0.9999999680555599	0.9999549683175998	0.9987331786134911
9.28643216080402	1.0	1.0	1.0	1.0	1.0	1.0	0.9999999774790383	0.9999243455696736	0.9160836515453235	0.20411744379112584	1.0	1.0	1.0	1.0	1.0	1.0	0.9999999999949212	0.9999999753627594	0.999962291024136	0.9989086674385655
9.396984924623116	1.0	1.0	1.0	1.0	1.0	1.0	0.9999999832469016	0.9999375057372599	0.9239054214960322	0.2193400488610403	1.0	1.0	1.0	1.0	1.0	1.0	0.9999999999964648	0.9999999809984579	0.9999684229809374	0.999059877237274
9.507537688442211	1.0	1.0	1.0	1.0	1.0	1.0	0.9999999875375524	0.999948376681498	0.9310163125691435	0.23527091898513097	1.0	1.0	1.0	1.0	1.0	1.0	0.9999999999975393	0.9999999853450064	0.9999735578125928	0.9991901592459254
9.618090452261308	1.0	1.0	1.0	1.0	1.0	1.0	0.9999999907293208	0.9999573566142983	0.9374768510463879	0.2518851402237534	1.0	1.0	1.0	1.0	1.0	1.0	0.9999999999982871	0.9999999886972945	0.9999778576601571	0.9993024040928441
9.728643216080403	1.0	1.0	1.0	1.0	1.0	1.0	0.9999999931036425	0.9999647744785786	0.9433433366716849	0.2691501351436666	1.0	1.0	1.0	1.0	1.0	1.0	0.9999999999988077	0.9999999912827561	0.9999814583000152	0.9993991046107276
9.839195979899499	1.0	1.0	1.0	1.0	1.0	1.0	0.9999999948698747	0.9999709019975229	0.94866791749955	0.28702573644987195	1.0	1.0	1.0	1.0	1.0	1.0	0.9999999999991701	0.9999999932768008	0.9999844734305979	0.9994824102087422
9.949748743718594	1.0	1.0	1.0	1.0	1.0	1.0	0.9999999961837556	0.9999759636279196	0.9534987257770146	0.3054644575915586	1.0	1.0	1.0	1.0	1.0	1.0	0.9999999999994224	0.9999999948147134	0.9999869982621917	0.9995541739066208
10.06030150753769	1.0	1.0	1.0	1.0	1.0	1.0	0.9999999971611373	0.9999801447821427	0.9578800555274907	0.32441196348417756	1.0	1.0	1.0	1.0	1.0	1.0	0.9999999999995979	0.9999999960008329	0.9999891125231118	0.9996159929972684
10.170854271356784	1.0	1.0	1.0	1.0	1.0	1.0	0.9999999978882009	0.9999835986199338	0.961852566790746	0.34380773486803073	1.0	1.0	1.0	1.0	1.0	1.0	0.9999999999997201	0.999999996915631	0.9999908829771111	0.9996692441831933
10.28140703517588	1.0	1.0	1.0	1.0	1.0	1.0	0.9999999984290556	0.9999864516587603	0.9654535049938806	0.3635859099840193	1.0	1.0	1.0	1.0	1.0	1.0	0.9999999999998052	0.9999999976211716	0.9999923655314795	0.9997151139244839
10.391959798994975	1.0	1.0	1.0	1.0	1.0	1.0	0.9999999988313916	0.9999888084082553	0.9687169267760499	0.38367627796608783	1.0	1.0	1.0	1.0	1.0	1.0	0.9999999999998644	0.9999999981653218	0.9999936070023736	0.9997546246409712
10.50251256281407	1.0	1.0	1.0	1.0	1.0	1.0	0.9999999991306849	0.9999907551984958	0.9716739258623263	0.40400539039428895	1.0	1.0	1.0	1.0	1.0	1.0	0.9999999999999056	0.9999999985849992	0.9999946465931063	0.9997886573274977
10.613065326633166	1.0	1.0	1.0	1.0	1.0	1.0	0.999999999353326	0.9999923633423514	0.9743528543735318	0.42449775148817337	1.0	1.0	1.0	1.0	1.0	1.0	0.9999999999999343	0.9999999989086766	0.9999955171320634	0.9998179710677624
10.723618090452263	1.0	1.0	1.0	1.0	1.0	1.0	0.9999999995189462	0.9999936917477424	0.9767795363546087	0.4450770439312408	1.0	1.0	1.0	1.0	1.0	1.0	0.9999999999999543	0.9999999991583137	0.9999962461093291	0.9998432198679137
10.834170854271358	1.0	1.0	1.0	1.0	1.0	1.0	0.9999999996421494	0.9999947890754916	0.9789774713789359	0.46566734654784536	1.0	1.0	1.0	1.0	1.0	1.0	0.9999999999999681	0.999999999350847	0.9999968565447519	0.999864967174921
10.944723618090453	1.0	1.0	1.0	1.0	1.0	1.0	0.9999999997337988	0.9999956955218176	0.9809680269036918	0.4861943019847055	1.0	1.0	1.0	1.0	1.0	1.0	0.9999999999999778	0.9999999994993389	0.9999973677148544	0.9998836983958328
11.055276381909549	1.0	1.0	1.0	1.0	1.0	1.0	0.9999999998019758	0.9999964442907623	0.9827706186651135	0.506586196908059	1.0	1.0	1.0	1.0	1.0	1.0	0.9999999999999846	0.9999999996138638	0.9999977957615427	0.9998998316914536
11.165829145728644	1.0	1.0	1.0	1.0	1.0	1.0	0.999999999852692	0.9999970628104867	0.9844028788560204	0.5267749235349712	1.0	1.0	1.0	1.0	1.0	1.0	0.9999999999999892	0.9999999997021913	0.9999981542018335	0.9999137272809879
11.27638190954774	1.0	1.0	1.0	1.0	1.0	1.0	0.9999999998904191	0.9999975737379923	0.9858808121566965	0.5466967989543109	1.0	1.0	1.0	1.0	1.0	1.0	0.9999999999999926	0.9999999997703142	0.999998454354694	0.9999256954621005
11.386934673366834	1.0	1.0	1.0	1.0	1.0	1.0	0.999999999918484	0.9999979957890691	0.9872189399226206	0.5662932269811545	1.0	1.0	1.0	1.0	1.0	1.0	0.9999999999999948	0.9999999998228541	0.9999987056984732	0.9999360035230141
11.49748743718593	1.0	1.0	1.0	1.0	1.0	1.0	0.9999999999393612	0.9999983444238743	0.9884304329912083	0.5855111955684917	1.0	1.0	1.0	1.0	1.0	1.0	0.9999999999999963	0.9999999998633757	0.9999989161702103	0.9999448816991692
11.608040201005025	1.0	1.0	1.0	1.0	1.0	1.0	0.9999999999548914	0.9999986324132527	0.9895272336725457	0.6043036104975983	1.0	1.0	1.0	1.0	1.0	1.0	0.9999999999999974	0.9999999998946282	0.9999990924162726	0.9999525283061041
11.718592964824122	1.0	1.0	1.0	1.0	1.0	1.0	0.9999999999664442	0.9999988703065466	0.9905201675500183	0.6226294727393051	1.0	1.0	1.0	1.0	1.0	1.0	0.9999999999999982	0.9999999999187317	0.9999992400022356	0.9999591141621825
11.829145728643217	1.0	1.0	1.0	1.0	1.0	1.0	0.9999999999750382	0.9999990668180272	0.9914190457466697	0.6404539122320312	1.0	1.0	1.0	1.0	1.0	1.0	0.9999999999999988	0.9999999999373216	0.9999993635886348	0.9999647863991895
11.939698492462313	1.0	1.0	1.0	1.0	1.0	1.0	0.9999999999814312	0.999999229146109	0.9922327583204498	0.6577480947225764	1.0	1.0	1.0	1.0	1.0	1.0	0.9999999999999991	0.9999999999516591	0.9999994670781376	0.9999696717453522
12.050251256281408	1.0	1.0	1.0	1.0	1.0	1.0	0.9999999999861868	0.9999993632370335	0.9929693594427	0.6744890207640214	1.0	1.0	1.0	1.0	1.0	1.0	0.9999999999999994	0.9999999999627169	0.9999995537387828	0.9999738793537004
12.160804020100503	1.0	1.0	1.0	1.0	1.0	1.0	0.9999999999897246	0.9999994740026869	0.9936361449941996	0.6906592370732266	1.0	1.0	1.0	1.0	1.0	1.0	0.9999999999999996	0.9999999999712453	0.9999996263071804	0.999977503238637
12.271356783919598	1.0	1.0	1.0	1.0	1.0	1.0	0.9999999999923562	0.9999995655005269	0.9942397231855711	0.7062464804064448	1.0	1.0	1.0	1.0	1.0	1.0	0.9999999999999997	0.9999999999778229	0.9999996870749289	0.9999806243749203
12.381909547738694	1.0	1.0	1.0	1.0	1.0	1.0	0.9999999999943139	0.9999996410822121	0.9947860787766236	0.7212432731464153	1.0	1.0	1.0	1.0	1.0	1.0	0.9999999999999998	0.9999999999828958	0.9999997379609809	0.9999833125057764
12.492462311557789	1.0	1.0	1.0	1.0	1.0	1.0	0.9999999999957702	0.9999997035163758	0.9952806314343614	0.7356464881524705	1.0	1.0	1.0	1.0	1.0	1.0	0.9999999999999999	0.9999999999868083	0.9999997805722397	0.9999856277004124
12.603015075376884	1.0	1.0	1.0	1.0	1.0	1.0	0.9999999999968534	0.9999997550900446	0.995728288733421	0.7494568983410779	1.0	1.0	1.0	1.0	1.0	1.0	0.9999999999999999	0.9999999999898259	0.9999998162543042	0.9999876216956304
12.713567839195981	1.0	1.0	1.0	1.0	1.0	1.0	0.9999999999976593	0.9999997976924142	0.9961334942667224	0.7626787241462423	1.0	1.0	1.0	1.0	1.0	1.0	0.9999999999999999	0.9999999999921532	0.9999998461339593	0.9999893390514503
12.824120603015077	1.0	1.0	1.0	1.0	1.0	1.0	0.9999999999982588	0.9999998328840524	0.9965002712988908	0.7753191896301479	1.0	1.0	1.0	1.0	1.0	1.0	1.0	0.9999999999939482	0.999999871154759	0.9999908181465068
12.934673366834172	1.0	1.0	1.0	1.0	1.0	1.0	0.9999999999987047	0.9999998619540644	0.9968322623610546	0.7873880957080823	1.0	1.0	1.0	1.0	1.0	1.0	1.0	0.9999999999953325	0.9999998921068219	0.9999920920354262
13.045226130653267	1.0	1.0	1.0	1.0	1.0	1.0	0.9999999999990364	0.9999998859673144	0.997132765153298	0.7988974168135676	1.0	1.0	1.0	1.0	1.0	1.0	1.0	0.9999999999964002	0.9999999096517825	0.9999931891873078
13.155778894472363	1.0	1.0	1.0	1.0	1.0	1.0	0.9999999999992832	0.9999999058034318	0.9974047650905455	0.8098609254208011	1.0	1.0	1.0	1.0	1.0	1.0	1.0	0.9999999999972237	0.9999999243436838	0.9999941341217952
13.266331658291458	1.0	1.0	1.0	1.0	1.0	1.0	0.9999999999994668	0.9999999221890336	0.9976509647990874	0.8202938471940778	1.0	1.0	1.0	1.0	1.0	1.0	1.0	0.9999999999978587	0.9999999366464736	0.9999949479569286
13.376884422110553	1.0	1.0	1.0	1.0	1.0	1.0	0.9999999999996033	0.9999999357243411	0.9978738108443524	0.8302125481570378	1.0	1.0	1.0	1.0	1.0	1.0	1.0	0.9999999999983485	0.9999999469486552	0.9999956488810156
13.487437185929648	1.0	1.0	1.0	1.0	1.0	1.0	0.9999999999997049	0.9999999469051661	0.9980755179458864	0.8396342541607611	1.0	1.0	1.0	1.0	1.0	1.0	1.0	0.9999999999987262	0.9999999555755562	0.9999962525590511
13.597989949748744	1.0	1.0	1.0	1.0	1.0	1.0	0.9999999999997805	0.9999999561410738	0.9982580909127279	0.8485768020597402	1.0	1.0	1.0	1.0	1.0	1.0	1.0	0.9999999999990177	0.9999999627996007	0.9999967724827641
13.70854271356784	1.0	1.0	1.0	1.0	1.0	1.0	0.9999999999998367	0.9999999637703847	0.9984233445114338	0.8570584213525493	1.0	1.0	1.0	1.0	1.0	1.0	1.0	0.9999999999992424	0.9999999688489132	0.999997220272109
13.819095477386936	1.0	1.0	1.0	1.0	1.0	1.0	0.9999999999998785	0.9999999700725681	0.9985729214597782	0.8650975445800871	1.0	1.0	1.0	1.0	1.0	1.0	1.0	0.9999999999994157	0.9999999739145216	0.9999976059349363
13.929648241206031	1.0	1.0	1.0	1.0	1.0	1.0	0.9999999999999096	0.9999999752784795	0.9987083087215419	0.8727126444684619	1.0	1.0	1.0	1.0	1.0	1.0	1.0	0.9999999999995494	0.9999999781563903	0.9999979380906402
14.040201005025127	1.0	1.0	1.0	1.0	1.0	1.0	0.9999999999999328	0.9999999795788165	0.9988308522617119	0.8799220956268687	1.0	1.0	1.0	1.0	1.0	1.0	1.0	0.9999999999996524	0.999999981708471	0.9999982241627836
14.150753768844222	1.0	1.0	1.0	1.0	1.0	1.0	0.99999999999995	0.9999999831311049	0.9989417704067186	0.8867440585365883	1.0	1.0	1.0	1.0	1.0	1.0	1.0	0.9999999999997319	0.9999999846829329	0.9999984705449994
14.261306532663317	1.0	1.0	1.0	1.0	1.0	1.0	0.9999999999999628	0.9999999860654687	0.9990421659409423	0.8931963835718524	1.0	1.0	1.0	1.0	1.0	1.0	1.0	0.9999999999997933	0.9999999871737053	0.9999986827438775
14.371859296482413	1.0	1.0	1.0	1.0	1.0	1.0	0.9999999999999724	0.9999999884893965	0.9991330370585212	0.8992965328565254	1.0	1.0	1.0	1.0	1.0	1.0	1.0	0.9999999999998406	0.9999999892594427	0.9999988655020298
14.482412060301508	1.0	1.0	1.0	1.0	1.0	1.0	0.9999999999999795	0.9999999904916793	0.9992152872783981	0.9050615178653008	1.0	1.0	1.0	1.0	1.0	1.0	1.0	0.999999999999877	0.9999999910060097	0.9999990229040815
14.592964824120603	1.0	1.0	1.0	1.0	1.0	1.0	0.9999999999999847	0.9999999921456627	0.9992897344204517	0.9105078508105379	1.0	1.0	1.0	1.0	1.0	1.0	1.0	0.9999999999999052	0.99999999246856	0.9999991584679585
14.7035175879397	1.0	1.0	1.0	1.0	1.0	1.0	0.9999999999999886	0.9999999935119337	0.9993571187313912	0.9156515080048842	1.0	1.0	1.0	1.0	1.0	1.0	1.0	0.9999999999999268	0.999999993693279	0.9999992752235096
14.814070351758795	1.0	1.0	1.0	1.0	1.0	1.0	0.9999999999999916	0.9999999946405403	0.9994181102407738	0.9205079035468048	1.0	1.0	1.0	1.0	1.0	1.0	1.0	0.9999999999999436	0.9999999947188413	0.999999375780222
14.92462311557789	1.0	1.0	1.0	1.0	1.0	1.0	0.9999999999999937	0.9999999955728245	0.9994733154199439	0.9250918718345806	1.0	1.0	1.0	1.0	1.0	1.0	1.0	0.9999999999999565	0.9999999955776325	0.9999994623855417
15.035175879396986	1.0	1.0	1.0	1.0	1.0	1.0	0.9999999999999953	0.9999999963429368	0.9995232832098487	0.9294176575694425	1.0	1.0	1.0	1.0	1.0	1.0	1.0	0.9999999999999665	0.9999999962967722	0.9999995369751025
15.145728643216081	1.0	1.0	1.0	1.0	1.0	1.0	0.9999999999999966	0.9999999969790871	0.9995685104774598	0.933498912056926	1.0	1.0	1.0	1.0	1.0	1.0	1.0	0.9999999999999741	0.9999999968989696	0.9999996012159869
15.256281407035177	1.0	1.0	1.0	1.0	1.0	1.0	0.9999999999999974	0.9999999975045785	0.9996094469549044	0.9373486947550528	1.0	1.0	1.0	1.0	1.0	1.0	1.0	0.99999999999998	0.9999999974032411	0.9999996565439848
15.366834170854272	1.0	1.0	1.0	1.0	1.0	1.0	0.9999999999999981	0.9999999979386599	0.9996464997102965	0.9409794791472132	1.0	1.0	1.0	1.0	1.0	1.0	1.0	0.9999999999999846	0.9999999978255109	0.9999997041956834
15.477386934673367	1.0	1.0	1.0	1.0	1.0	1.0	0.9999999999999986	0.9999999982972324	0.9996800371946306	0.9444031621359891	1.0	1.0	1.0	1.0	1.0	1.0	1.0	0.9999999999999881	0.9999999981791137	0.9999997452361041
15.587939698492463	1.0	1.0	1.0	1.0	1.0	1.0	0.9999999999999989	0.9999999985934308	0.9997103929049088	0.9476310762614538	1.0	1.0	1.0	1.0	1.0	1.0	1.0	0.9999999999999909	0.9999999984752156	0.9999997805825059
15.69849246231156	1.0	1.0	1.0	1.0	1.0	1.0	0.9999999999999992	0.9999999988381051	0.9997378686998702	0.9506740041439186	1.0	1.0	1.0	1.0	1.0	1.0	1.0	0.9999999999999929	0.9999999987231671	0.9999998110248862
15.809045226130655	1.0	1.0	1.0	1.0	1.0	1.0	0.9999999999999994	0.9999999990402181	0.9997627378012511	0.9535421946371091	1.0	1.0	1.0	1.0	1.0	1.0	1.0	0.9999999999999946	0.9999999989307983	0.9999998372436371
15.91959798994975	1.0	1.0	1.0	1.0	1.0	1.0	0.9999999999999996	0.9999999992071733	0.9997852475103867	0.9562453802539886	1.0	1.0	1.0	1.0	1.0	1.0	1.0	0.9999999999999958	0.9999999991046656	0.9999998598247519
16.030150753768844	1.0	1.0	1.0	1.0	1.0	1.0	0.9999999999999997	0.9999999993450864	0.9998056216671432	0.95879279549458	1.0	1.0	1.0	1.0	1.0	1.0	1.0	0.9999999999999968	0.9999999992502597	0.9999998792729224
16.14070351758794	1.0	1.0	1.0	1.0	1.0	1.0	0.9999999999999998	0.9999999994590094	0.999824062875612	0.9611931957639747	1.0	1.0	1.0	1.0	1.0	1.0	1.0	0.9999999999999974	0.9999999993721781	0.9999998960228188
16.251256281407038	1.0	1.0	1.0	1.0	1.0	1.0	0.9999999999999998	0.9999999995531154	0.9998407545186819	0.9634548766200003	1.0	1.0	1.0	1.0	1.0	1.0	1.0	0.9999999999999981	0.9999999994742709	0.9999999104488043
16.36180904522613	1.0	1.0	1.0	1.0	1.0	1.0	0.9999999999999999	0.9999999996308514	0.9998558625815132	0.9655856931345186	1.0	1.0	1.0	1.0	1.0	1.0	1.0	0.9999999999999986	0.9999999995597618	0.9999999228733023
16.47236180904523	1.0	1.0	1.0	1.0	1.0	1.0	0.9999999999999999	0.9999999996950653	0.9998695373020338	0.967593079190776	1.0	1.0	1.0	1.0	1.0	1.0	1.0	0.9999999999999989	0.9999999996313509	0.9999999335740029
16.582914572864322	1.0	1.0	1.0	1.0	1.0	1.0	0.9999999999999999	0.999999999748109	0.9998819146648672	0.9694840665722947	1.0	1.0	1.0	1.0	1.0	1.0	1.0	0.9999999999999991	0.9999999996912984	0.9999999427900685
16.69346733668342	1.0	1.0	1.0	1.0	1.0	1.0	1.0	0.9999999997919258	0.9998931177535383	0.971265303727124	1.0	1.0	1.0	1.0	1.0	1.0	1.0	0.9999999999999993	0.9999999997414977	0.9999999507274805
16.804020100502512	1.0	1.0	1.0	1.0	1.0	1.0	1.0	0.9999999998281205	0.9999032579744035	0.9729430741154308	1.0	1.0	1.0	1.0	1.0	1.0	1.0	0.9999999999999994	0.9999999997835338	0.9999999575636412
16.91457286432161	1.0	1.0	1.0	1.0	1.0	1.0	1.0	0.9999999998580191	0.9999124361644702	0.9745233140689318	1.0	1.0	1.0	1.0	1.0	1.0	1.0	0.9999999999999996	0.9999999998187343	0.9999999634513405
17.025125628140703	1.0	1.0	1.0	1.0	1.0	1.0	1.0	0.9999999998827168	0.9999207435941203	0.9760116301080186	1.0	1.0	1.0	1.0	1.0	1.0	1.0	0.9999999999999997	0.9999999998482106	0.9999999685221694
17.1356783919598	1.0	1.0	1.0	1.0	1.0	1.0	1.0	0.9999999999031184	0.9999282628747073	0.9774133156770294	1.0	1.0	1.0	1.0	1.0	1.0	1.0	0.9999999999999998	0.9999999998728938	0.9999999728894622
17.246231155778897	1.0	1.0	1.0	1.0	1.0	1.0	1.0	0.999999999919971	0.999935068780051	0.9787333672703383	1.0	1.0	1.0	1.0	1.0	1.0	1.0	0.9999999999999998	0.999999999893563	0.9999999766508286
17.35678391959799	1.0	1.0	1.0	1.0	1.0	1.0	1.0	0.9999999999338922	0.9999412289899969	0.9799764999321143	1.0	1.0	1.0	1.0	1.0	1.0	1.0	0.9999999999999999	0.9999999999108712	0.9999999798903362
17.467336683417088	1.0	1.0	1.0	1.0	1.0	1.0	1.0	0.9999999999453917	0.9999468047634348	0.9811471621210086	1.0	1.0	1.0	1.0	1.0	1.0	1.0	0.9999999999999999	0.9999999999253648	0.9999999826803884
17.57788944723618	1.0	1.0	1.0	1.0	1.0	1.0	1.0	0.9999999999548909	0.999951851547467	0.9822495499379439	1.0	1.0	1.0	1.0	1.0	1.0	1.0	0.9999999999999999	0.9999999999375015	0.9999999850833435
17.68844221105528	1.0	1.0	1.0	1.0	1.0	1.0	1.0	0.9999999999627377	0.9999564195287857	0.9832876207207979	1.0	1.0	1.0	1.0	1.0	1.0	1.0	0.9999999999999999	0.9999999999476646	0.9999999871529083
17.798994974874372	1.0	1.0	1.0	1.0	1.0	1.0	1.0	0.9999999999692195	0.9999605541327388	0.9842651060143062	1.0	1.0	1.0	1.0	1.0	1.0	1.0	1.0	0.9999999999561752	0.9999999889353378
17.90954773869347	1.0	1.0	1.0	1.0	1.0	1.0	1.0	0.9999999999745738	0.9999642964750503	0.9851855239271092	1.0	1.0	1.0	1.0	1.0	1.0	1.0	1.0	0.9999999999633017	0.9999999904704696
18.020100502512562	1.0	1.0	1.0	1.0	1.0	1.0	1.0	0.9999999999789967	0.9999676837706842	0.9860521908906908	1.0	1.0	1.0	1.0	1.0	1.0	1.0	1.0	0.9999999999692694	0.9999999917926145
18.13065326633166	1.0	1.0	1.0	1.0	1.0	1.0	1.0	0.9999999999826502	0.99997074970392	0.986868232837112	1.0	1.0	1.0	1.0	1.0	1.0	1.0	1.0	0.9999999999742666	0.9999999929313225
18.241206030150757	1.0	1.0	1.0	1.0	1.0	1.0	1.0	0.9999999999856682	0.9999735247633165	0.9876365958140515	1.0	1.0	1.0	1.0	1.0	1.0	1.0	1.0	0.9999999999784512	0.999999993912044
18.35175879396985	1.0	1.0	1.0	1.0	1.0	1.0	1.0	0.9999999999881612	0.9999760365448989	0.9883600560568117	1.0	1.0	1.0	1.0	1.0	1.0	1.0	1.0	0.9999999999819553	0.9999999947566983
18.462311557788947	1.0	1.0	1.0	1.0	1.0	1.0	1.0	0.9999999999902206	0.9999783100265807	0.9890412295377051	1.0	1.0	1.0	1.0	1.0	1.0	1.0	1.0	0.9999999999848896	0.9999999954841639
18.57286432160804	1.0	1.0	1.0	1.0	1.0	1.0	1.0	0.9999999999919218	0.999980367816551	0.9896825810136853	1.0	1.0	1.0	1.0	1.0	1.0	1.0	1.0	0.9999999999873468	0.9999999961106993
18.683417085427138	1.0	1.0	1.0	1.0	1.0	1.0	1.0	0.999999999993327	0.9999822303780965	0.9902864325932661	1.0	1.0	1.0	1.0	1.0	1.0	1.0	1.0	0.9999999999894044	0.9999999966503083
18.79396984924623	1.0	1.0	1.0	1.0	1.0	1.0	1.0	0.9999999999944877	0.9999839162330946	0.9908549718437482	1.0	1.0	1.0	1.0	1.0	1.0	1.0	1.0	0.9999999999911274	0.9999999971150507
18.90452261306533	1.0	1.0	1.0	1.0	1.0	1.0	1.0	0.9999999999954466	0.9999854421461996	0.9913902594595707	1.0	1.0	1.0	1.0	1.0	1.0	1.0	1.0	0.9999999999925702	0.999999997515314
19.015075376884422	1.0	1.0	1.0	1.0	1.0	1.0	1.0	0.9999999999962387	0.9999868232915555	0.9918942365122718	1.0	1.0	1.0	1.0	1.0	1.0	1.0	1.0	0.9999999999937784	0.9999999978600439
19.12562814070352	1.0	1.0	1.0	1.0	1.0	1.0	1.0	0.9999999999968929	0.9999880734036929	0.9923687313020952	1.0	1.0	1.0	1.0	1.0	1.0	1.0	1.0	0.9999999999947902	0.9999999981569454
19.236180904522616	1.0	1.0	1.0	1.0	1.0	1.0	1.0	0.9999999999974335	0.9999892049141076	0.992815465830759	1.0	1.0	1.0	1.0	1.0	1.0	1.0	1.0	0.9999999999956373	0.9999999984126543
19.34673366834171	1.0	1.0	1.0	1.0	1.0	1.0	1.0	0.9999999999978799	0.9999902290748846	0.9932360619143076	1.0	1.0	1.0	1.0	1.0	1.0	1.0	1.0	0.9999999999963467	0.9999999986328856
19.457286432160807	1.0	1.0	1.0	1.0	1.0	1.0	1.0	0.9999999999982487	0.9999911560705913	0.9936320469543392	1.0	1.0	1.0	1.0	1.0	1.0	1.0	1.0	0.9999999999969408	0.9999999988225616
19.5678391959799	1.0	1.0	1.0	1.0	1.0	1.0	1.0	0.9999999999985534	0.9999919951195564	0.9940048593852308	1.0	1.0	1.0	1.0	1.0	1.0	1.0	1.0	0.9999999999974383	0.9999999989859216
19.678391959798997	1.0	1.0	1.0	1.0	1.0	1.0	1.0	0.999999999998805	0.9999927545655389	0.9943558538142991	1.0	1.0	1.0	1.0	1.0	1.0	1.0	1.0	0.9999999999978548	0.9999999991266167
19.78894472361809	1.0	1.0	1.0	1.0	1.0	1.0	1.0	0.9999999999990129	0.9999934419607023	0.9946863058711412	1.0	1.0	1.0	1.0	1.0	1.0	1.0	1.0	0.9999999999982037	0.9999999992477916
19.899497487437188	1.0	1.0	1.0	1.0	1.0	1.0	1.0	0.9999999999991845	0.9999940641407141	0.994997416781696	1.0	1.0	1.0	1.0	1.0	1.0	1.0	1.0	0.9999999999984958	0.9999999993521543
20.01005025125628	1.0	1.0	1.0	1.0	1.0	1.0	1.0	0.9999999999993264	0.9999946272927228	0.9952903176818821	1.0	1.0	1.0	1.0	1.0	1.0	1.0	1.0	0.9999999999987405	0.9999999994420377
20.12060301507538	1.0	1.0	1.0	1.0	1.0	1.0	1.0	0.9999999999994436	0.9999951370168844	0.9955660736849742	1.0	1.0	1.0	1.0	1.0	1.0	1.0	1.0	0.9999999999989452	0.9999999995194504
20.231155778894475	1.0	1.0	1.0	1.0	1.0	1.0	1.0	0.9999999999995404	0.9999955983820518	0.9958256877162129	1.0	1.0	1.0	1.0	1.0	1.0	1.0	1.0	0.9999999999991167	0.9999999995861227
20.34170854271357	1.0	1.0	1.0	1.0	1.0	1.0	1.0	0.9999999999996203	0.9999960159761816	0.9960701041274903	1.0	1.0	1.0	1.0	1.0	1.0	1.0	1.0	0.9999999999992604	0.9999999996435449
20.452261306532666	1.0	1.0	1.0	1.0	1.0	1.0	1.0	0.9999999999996864	0.9999963939519578	0.9963002121043106	1.0	1.0	1.0	1.0	1.0	1.0	1.0	1.0	0.9999999999993806	0.9999999996930001
20.56281407035176	1.0	1.0	1.0	1.0	1.0	1.0	1.0	0.9999999999997409	0.9999967360680873	0.9965168488766148	1.0	1.0	1.0	1.0	1.0	1.0	1.0	1.0	0.9999999999994814	0.9999999997355938
20.673366834170857	1.0	1.0	1.0	1.0	1.0	1.0	1.0	0.999999999999786	0.9999970457266775	0.9967208027444624	1.0	1.0	1.0	1.0	1.0	1.0	1.0	1.0	0.9999999999995657	0.999999999772278
20.78391959798995	1.0	1.0	1.0	1.0	1.0	1.0	1.0	0.9999999999998233	0.9999973260070685	0.9969128159289892	1.0	1.0	1.0	1.0	1.0	1.0	1.0	1.0	0.9999999999996363	0.9999999998038727
20.894472361809047	1.0	1.0	1.0	1.0	1.0	1.0	1.0	0.999999999999854	0.9999975796964541	0.9970935872585153	1.0	1.0	1.0	1.0	1.0	1.0	1.0	1.0	0.9999999999996955	0.9999999998310837
21.00502512562814	1.0	1.0	1.0	1.0	1.0	1.0	1.0	0.9999999999998793	0.9999978093175996	0.9972637746991493	1.0	1.0	1.0	1.0	1.0	1.0	1.0	1.0	0.999999999999745	0.9999999998545195
21.115577889447238	1.0	1.0	1.0	1.0	1.0	1.0	1.0	0.9999999999999003	0.9999980171539278	0.9974239977387316	1.0	1.0	1.0	1.0	1.0	1.0	1.0	1.0	0.9999999999997865	0.9999999998747037
21.22613065326633	1.0	1.0	1.0	1.0	1.0	1.0	1.0	0.9999999999999177	0.9999982052722269	0.9975748396324828	1.0	1.0	1.0	1.0	1.0	1.0	1.0	1.0	0.9999999999998211	0.9999999998920875
21.33668341708543	1.0	1.0	1.0	1.0	1.0	1.0	1.0	0.999999999999932	0.999998375543203	0.9977168495182642	1.0	1.0	1.0	1.0	1.0	1.0	1.0	1.0	0.9999999999998502	0.9999999999070596
21.447236180904525	1.0	1.0	1.0	1.0	1.0	1.0	1.0	0.9999999999999438	0.9999985296600828	0.9978505444089214	1.0	1.0	1.0	1.0	1.0	1.0	1.0	1.0	0.9999999999998747	0.9999999999199543
21.55778894472362	1.0	1.0	1.0	1.0	1.0	1.0	1.0	0.9999999999999536	0.9999986691554519	0.9979764110687718	1.0	1.0	1.0	1.0	1.0	1.0	1.0	1.0	0.999999999999895	0.9999999999310599
21.668341708542716	1.0	1.0	1.0	1.0	1.0	1.0	1.0	0.9999999999999617	0.9999987954164947	0.9980949077808993	1.0	1.0	1.0	1.0	1.0	1.0	1.0	1.0	0.9999999999999121	0.9999999999406248
21.77889447236181	1.0	1.0	1.0	1.0	1.0	1.0	1.0	0.9999999999999684	0.99999890969879	0.9982064660115503	1.0	1.0	1.0	1.0	1.0	1.0	1.0	1.0	0.9999999999999264	0.9999999999488627
21.889447236180906	1.0	1.0	1.0	1.0	1.0	1.0	1.0	0.9999999999999738	0.9999990131387958	0.9983114919775693	1.0	1.0	1.0	1.0	1.0	1.0	1.0	1.0	0.9999999999999384	0.9999999999559576
22.0	1.0	1.0	1.0	1.0	1.0	1.0	1.0	0.9999999999999784	0.9999991067651514	0.9984103681224783	1.0	1.0	1.0	1.0	1.0	1.0	1.0	1.0	0.9999999999999484	0.9999999999620681
