Idle	Idle	Idle	Idle	Idle	Idle	Agitated	Agitated	Agitated	Agitated	Agitated	Agitated	Idle Son	Idle Son	Idle Son	Idle Son	Idle Son	Idle Son	Agi Son	Agi Son	Agi Son	Agi Son	Agi Son	Agi Son
Idle seeds: XA2_A04 X	Idle seeds: XA2_A04 Y	Idle seeds: XA2_A05 X	Idle seeds: XA2_A05 Y	Idle seeds: XA2_A06 X	Idle seeds: XA2_A06 Y	Agitated seeds: XA1_A01 X	Agitated seeds: XA1_A01 Y	Agitated seeds: XA1_A02 X	Agitated seeds: XA1_A02 Y	Agitated seeds: XA1_A03 X	Agitated seeds: XA1_A03 Y	Sonicated idle seeds: XB2_B04 X	Sonicated idle seeds: XB2_B04 Y	Sonicated idle seeds: XB2_B05 X	Sonicated idle seeds: XB2_B05 Y	Sonicated idle seeds: XB2_B06 X	Sonicated idle seeds: XB2_B06 Y	Sonicated agitated seeds: XB1_B01 X	Sonicated agitated seeds: XB1_B01 Y	Sonicated agitated seeds: XB1_B02 X	Sonicated agitated seeds: XB1_B02 Y	Sonicated agitated seeds: XB1_B03 X	Sonicated agitated seeds: XB1_B03 Y
0.0	0.5097473487211478	0.0	0.5168462067384827	0.0	0.4880133621536647	0.0	0.4887074006856221	0.0	0.4875724937862469	0.0	0.4989479221462389	0.0	0.06984199055575745	0.0	0.062487676634899764	0.0	0.05614148503878826	0.0	0.026471170992668894	0.0	0.03670212765957449	0.0	0.03738589211618262
0.26666666666666666	0.5214441671865253	0.26666666666666666	0.5145542058216824	0.26666666666666666	0.499803497740224	0.26666666666666666	0.4997983464408146	0.26666666666666666	0.49171499585749795	0.26666666666666666	0.468700683850605	0.26666666666666666	0.028432618961133395	0.26666666666666666	0.02970752546828787	0.26666666666666666	0.035084964905799716	0.26666666666666666	0.04341192787794727	0.26666666666666666	0.05265957446808513	0.26666666666666666	0.046846473029045696
0.5333333333333333	0.5089675608234561	0.5333333333333333	0.5340362136144855	0.5333333333333333	0.5165061898211829	0.5333333333333333	0.508872756604154	0.5333333333333333	0.4948218724109362	0.5333333333333333	0.5107837980010521	0.5333333333333333	0.051725390483109424	0.5333333333333333	0.05780479789681235	0.5333333333333333	0.05877355005541183	0.5333333333333333	0.08011690112938377	0.5333333333333333	0.060638297872340444	0.5333333333333333	0.06576763485477183
0.8	0.5128665003119152	0.8	0.5111162044464819	0.8	0.5076635881312634	0.8	0.503831417624521	0.8	0.5010356255178128	0.8	0.5015781167806418	0.8	0.0336087904104614	0.8	0.0414147223135064	0.8	0.05877355005541183	0.8	0.09423419853378243	0.8	0.07659574468085108	0.8	0.04921161825726146
1.0666666666666667	0.5050686213349969	1.0666666666666667	0.5042402016960807	1.0666666666666667	0.5174887011200628	1.0666666666666667	0.49879007864488806	1.0666666666666667	0.5248550124275062	1.0666666666666667	0.5199894792214624	1.0666666666666667	0.11125136215038149	1.0666666666666667	0.055463358527768646	1.0666666666666667	0.09299039527151823	1.0666666666666667	0.054705765801466195	1.0666666666666667	0.07659574468085108	1.0666666666666667	0.09414937759336105
1.3333333333333333	0.5027292576419214	1.3333333333333333	0.4801741920696769	1.3333333333333333	0.5007860090391039	1.3333333333333333	0.508872756604154	1.3333333333333333	0.5414250207125103	1.3333333333333333	0.5173592845870595	1.3333333333333333	0.10607519070105348	1.3333333333333333	0.09292638843246796	1.3333333333333333	0.09299039527151823	1.3333333333333333	0.08858727957202296	1.3333333333333333	0.0819148936170213	1.3333333333333333	0.11307053941908718
1.6	0.4996101060511541	1.6	0.4985101994040798	1.6	0.5017685203379838	1.6	0.5118975599919339	1.6	0.5134631317315659	1.6	0.541031036296686	1.6	0.10089901925172548	1.6	0.08121919158724943	1.6	0.11667898042113034	1.6	0.0914107390529027	1.6	0.14042553191489363	1.6	0.11307053941908718
1.8666666666666667	0.46529943855271366	1.8666666666666667	0.4916341966536787	1.8666666666666667	0.49390842994694434	1.8666666666666667	0.5159306311756402	1.8666666666666667	0.5289975144987572	1.8666666666666667	0.5581273014203052	1.8666666666666667	0.11125136215038149	1.8666666666666667	0.1069750246467302	1.8666666666666667	0.10878278537125963	1.8666666666666667	0.1196453338617	1.8666666666666667	0.1351063829787234	1.8666666666666667	0.15800829875518677
2.1333333333333333	0.4879132875857767	2.1333333333333333	0.456108182443273	2.1333333333333333	0.4791707604637453	2.1333333333333333	0.5350877192982456	2.1333333333333333	0.5113918806959403	2.1333333333333333	0.5699631772751184	2.1333333333333333	0.10089901925172548	2.1333333333333333	0.10931646401577391	2.1333333333333333	0.161424085703731	2.1333333333333333	0.1563503071131365	2.1333333333333333	0.14042553191489363	2.1333333333333333	0.13199170124481333
2.4	0.486353711790393	2.4	0.4927801971120789	2.4	0.4948909412458243	2.4	0.51895543456342	2.4	0.5062137531068766	2.4	0.5581273014203052	2.4	0.19407010533962957	2.4	0.1467794939204732	2.4	0.14563169560398959	2.4	0.15070338815137704	2.4	0.14840425531914894	2.4	0.17219917012448138
2.6666666666666665	0.5003898939488459	2.6666666666666665	0.47100618840247543	2.6666666666666665	0.4880133621536647	2.6666666666666665	0.5451703972575116	2.6666666666666665	0.5466031483015742	2.6666666666666665	0.5804839558127302	2.6666666666666665	0.08537050490374146	2.6666666666666665	0.1420966151823858	2.6666666666666665	0.18511267085334313	2.6666666666666665	0.1365860907469784	2.6666666666666665	0.20425531914893616	2.6666666666666665	0.15327800829875524
2.933333333333333	0.5050686213349969	2.933333333333333	0.49621819848727944	2.933333333333333	0.5184712124189428	2.933333333333333	0.529038112522686	2.933333333333333	0.5352112676056338	2.933333333333333	0.5752235665439243	2.933333333333333	0.16560116236832553	2.933333333333333	0.18658396319421625	2.933333333333333	0.18511267085334313	2.933333333333333	0.19023182088369325	2.933333333333333	0.18563829787234043	2.933333333333333	0.21950207468879673
3.2	0.5175452276980661	3.2	0.4584001833600734	3.2	0.48899587345254464	3.2	0.5895341802782819	3.2	0.5497100248550124	3.2	0.5817990531299316	3.2	0.10089901925172548	3.2	0.172535326979954	3.2	0.19300886590321384	3.2	0.19870219932633246	3.2	0.20425531914893616	3.2	0.22423236514522826
3.466666666666667	0.4996101060511541	3.466666666666667	0.4664221865688747	3.466666666666667	0.4978384751424641	3.466666666666667	0.5592861464004839	3.466666666666667	0.5548881524440762	3.466666666666667	0.5844292477643346	3.466666666666667	0.16560116236832553	3.466666666666667	0.21468123562274072	3.466666666666667	0.21143332101957882	3.466666666666667	0.22693679413512977	3.466666666666667	0.2281914893617021	3.466666666666667	0.25261410788381744
3.7333333333333334	0.5066281971303805	3.7333333333333334	0.4629841851936741	3.7333333333333334	0.5125761446256631	3.7333333333333334	0.5633192175841903	3.7333333333333334	0.5497100248550124	3.7333333333333334	0.6002104155707523	3.7333333333333334	0.18630584816563756	3.7333333333333334	0.22404699309891554	3.7333333333333334	0.25091429626893236	3.7333333333333334	0.193055280364573	3.7333333333333334	0.24414893617021277	3.7333333333333334	0.2644398340248963
4.0	0.5066281971303805	4.0	0.49621819848727944	4.0	0.514541167223423	4.0	0.5774349667271627	4.0	0.555923777961889	4.0	0.6278274592319832	4.0	0.19148201961496558	4.0	0.22638843246795926	4.0	0.277234946435168	4.0	0.2297602536160095	4.0	0.24414893617021277	4.0	0.27863070539419094
4.266666666666667	0.5253431066749844	4.266666666666667	0.4973641989456796	4.266666666666667	0.5096286107290233	4.266666666666667	0.5673522887678967	4.266666666666667	0.5714581607290804	4.266666666666667	0.640978432403998	4.266666666666667	0.2147747911369416	4.266666666666667	0.25448570489648376	4.266666666666667	0.2456501662356852	4.266666666666667	0.2579948484248068	4.266666666666667	0.2946808510638298	4.266666666666667	0.29518672199170126
4.533333333333333	0.5323611977542109	4.533333333333333	0.5088242035296815	4.533333333333333	0.532226370603262	4.533333333333333	0.5855011090945755	4.533333333333333	0.598384424192212	4.533333333333333	0.6212519726459759	4.533333333333333	0.2768888485288777	4.533333333333333	0.27087578047978966	4.533333333333333	0.295659401551533	4.533333333333333	0.28058252427184466	4.533333333333333	0.2946808510638298	4.533333333333333	0.3212033195020747
4.8	0.53626013724267	4.8	0.5179922071968829	4.8	0.5381214383965415	4.8	0.5996168582375478	4.8	0.5963131731565866	4.8	0.6488690163072067	4.8	0.19407010533962957	4.8	0.3106802497535327	4.8	0.3061876616180273	4.8	0.30881711908064197	4.8	0.3345744680851064	4.8	0.31883817427385897
5.066666666666666	0.5276824703680599	5.066666666666666	0.487050194820078	5.066666666666666	0.5233837689133425	5.066666666666666	0.5976003226456946	5.066666666666666	0.5869925434962717	5.066666666666666	0.6475539189900053	5.066666666666666	0.26136033418089366	5.066666666666666	0.3106802497535327	5.066666666666666	0.3640930919837458	5.066666666666666	0.28340598375272436	5.066666666666666	0.33191489361702126	5.066666666666666	0.3046473029045644
5.333333333333333	0.531581409856519	5.333333333333333	0.4985101994040798	5.333333333333333	0.5361564157987817	5.333333333333333	0.6379310344827586	5.333333333333333	0.6066694283347142	5.333333333333333	0.6422935297211995	5.333333333333333	0.3027697057755177	5.333333333333333	0.3153631284916201	5.333333333333333	0.36672515700036934	5.333333333333333	0.3483455518129582	5.333333333333333	0.3611702127659574	5.333333333333333	0.3377593360995851
5.6	0.5354803493449781	5.6	0.5030942012376806	5.6	0.5725093338573394	5.6	0.6157491429723735	5.6	0.6190969345484673	5.6	0.6725407680168333	5.6	0.28465310570286967	5.6	0.3832648701938876	5.6	0.3588289619504986	5.6	0.3426986328511987	5.6	0.3877659574468085	5.6	0.3992531120331951
5.866666666666666	0.5292420461634435	5.866666666666666	0.524868209947284	5.866666666666666	0.5410689722931813	5.866666666666666	0.6298648921153458	5.866666666666666	0.65016570008285	5.866666666666666	0.6988427143608628	5.866666666666666	0.34417907737014175	5.866666666666666	0.3809234308248439	5.866666666666666	0.3904137421499815	5.866666666666666	0.42740241727759065	5.866666666666666	0.3957446808510638	5.866666666666666	0.4181742738589212
6.133333333333334	0.5619931378665003	6.133333333333334	0.5420582168232868	6.133333333333334	0.5852819807427785	6.133333333333334	0.6389393022786852	6.133333333333334	0.6646644573322287	6.133333333333334	0.6791162546028406	6.133333333333334	0.3597075917181258	6.133333333333334	0.4324350969438055	6.133333333333334	0.43515884743258215	6.133333333333334	0.41046166039231224	6.133333333333334	0.47021276595744677	6.133333333333334	0.4323651452282158
6.4	0.5518558951965066	6.4	0.5351822140728857	6.4	0.5715268225584594	6.4	0.672212139544263	6.4	0.6594863297431649	6.4	0.7369805365597054	6.4	0.3597075917181258	6.4	0.4792638843246796	6.4	0.40620613224972285	6.4	0.44999009312462845	6.4	0.4888297872340425	6.4	0.460746887966805
6.666666666666667	0.5947442295695571	6.666666666666667	0.5397662159064864	6.666666666666667	0.5587541756730202	6.666666666666667	0.6822948175035289	6.666666666666667	0.6522369511184756	6.666666666666667	0.7225144660704893	6.666666666666667	0.4062931347620778	6.666666666666667	0.45350805126519883	6.666666666666667	0.5141207979312892	6.666666666666667	0.4810481474143055	6.666666666666667	0.502127659574468	6.666666666666667	0.5175103734439834
6.933333333333334	0.5846069868995634	6.933333333333334	0.5581022232408893	6.933333333333334	0.5636667321674199	6.933333333333334	0.6742286751361162	6.933333333333334	0.6770919635459818	6.933333333333334	0.7514466070489216	6.933333333333334	0.4891118779513259	6.933333333333334	0.5377998685507723	6.933333333333334	0.5193849279645363	6.933333333333334	0.5629284723598177	6.933333333333334	0.5127659574468084	6.933333333333334	0.5411618257261411
7.2	0.5877261384903306	7.2	0.5443502177400872	7.2	0.5852819807427785	7.2	0.6651542649727767	7.2	0.6801988400994201	7.2	0.7396107311941084	7.2	0.4891118779513259	7.2	0.5003368386460729	7.2	0.5720262282970077	7.2	0.5685753913215772	7.2	0.5579787234042553	7.2	0.5269709543568465
7.466666666666667	0.6017623206487835	7.466666666666667	0.5477882191152877	7.466666666666667	0.5862644920416584	7.466666666666667	0.6802782819116757	7.466666666666667	0.6874482187241093	7.466666666666667	0.7553918990005261	7.466666666666667	0.540873592444606	7.466666666666667	0.5448241866579034	7.466666666666667	0.5720262282970077	7.466666666666667	0.560105012878938	7.466666666666667	0.5739361702127659	7.466666666666667	0.5553526970954357
7.733333333333333	0.6009825327510917	7.733333333333333	0.6096722438688976	7.733333333333333	0.6216348988013362	7.733333333333333	0.7034684412179875	7.733333333333333	0.7029826014913008	7.733333333333333	0.758022093634929	7.733333333333333	0.5641663639665819	7.733333333333333	0.6127259283601709	7.733333333333333	0.5904506834133727	7.733333333333333	0.5798692292450961	7.733333333333333	0.6297872340425531	7.733333333333333	0.583734439834025
8.0	0.5963038053649408	8.0	0.5890442356176943	8.0	0.5980546276282177	8.0	0.677253478523896	8.0	0.6967688483844242	8.0	0.7738032614413467	8.0	0.58228296403923	8.0	0.6337988826815643	8.0	0.5957148134466198	8.0	0.6193976619774123	8.0	0.6377659574468084	8.0	0.6026556016597511
8.266666666666667	0.6041016843418591	8.266666666666667	0.5913362365344946	8.266666666666667	0.6186873649046964	8.266666666666667	0.6843113530953822	8.266666666666667	0.7288732394366197	8.266666666666667	0.7764334560757497	8.266666666666667	0.63404467853251	8.266666666666667	0.6431646401577391	8.266666666666667	0.6536202438123383	8.266666666666667	0.6730433921141272	8.266666666666667	0.6856382978723403	8.266666666666667	0.6783402489626557
8.533333333333333	0.6173580786026202	8.533333333333333	0.5901902360760944	8.533333333333333	0.6334250343878954	8.533333333333333	0.7054849768098407	8.533333333333333	0.7185169842584922	8.533333333333333	0.8145712782745923	8.533333333333333	0.6676897929531421	8.533333333333333	0.6618961551100888	8.533333333333333	0.7088936091614333	8.533333333333333	0.6730433921141272	8.533333333333333	0.7122340425531914	8.533333333333333	0.6665145228215767
8.8	0.6477698066126014	8.8	0.586752234700894	8.8	0.6265474552957359	8.8	0.7266586005242993	8.8	0.723695111847556	8.8	0.7816938453445555	8.8	0.7013349073737741	8.8	0.6853105488005258	8.8	0.7194218692279275	8.8	0.6758668515950069	8.8	0.6829787234042553	8.8	0.6759751037344398
9.066666666666666	0.6571272613849034	9.066666666666666	0.5901902360760944	9.066666666666666	0.6609353507565336	9.066666666666666	0.7165759225650333	9.066666666666666	0.7247307373653687	9.066666666666666	0.8066806943713835	9.066666666666666	0.7349800217944061	9.066666666666666	0.6946763062767006	9.066666666666666	0.7088936091614333	9.066666666666666	0.7295125817317217	9.066666666666666	0.7308510638297872	9.066666666666666	0.664149377593361
9.333333333333334	0.6579070492825951	9.333333333333334	0.6268622507449003	9.333333333333334	0.6481627038710945	9.333333333333334	0.7337164750957854	9.333333333333334	0.7330157415078707	9.333333333333334	0.7987901104681747	9.333333333333334	0.7634489647657102	9.333333333333334	0.7602366086099245	9.333333333333334	0.740478389360916	9.333333333333334	0.7295125817317217	9.333333333333334	0.7734042553191488	9.333333333333334	0.7161825726141079
9.6	0.6430910792264505	9.6	0.6108182443272978	9.6	0.6727254863430929	9.6	0.7236337971365194	9.6	0.7205882352941176	9.6	0.783008942661757	9.6	0.7582727933163822	9.6	0.7532122905027934	9.6	0.7799593646102696	9.6	0.7408064196552407	9.6	0.7654255319148935	9.6	0.7303734439834025
9.866666666666667	0.6688240798502808	9.866666666666667	0.6234242493696999	9.866666666666667	0.6835331106307723	9.866666666666667	0.7367412784835653	9.866666666666667	0.7340513670256835	9.866666666666667	0.8237769594950026	9.866666666666667	0.7686251362150383	9.866666666666667	0.79535819914558	9.866666666666667	0.7983838197266346	9.866666666666667	0.7633940955022785	9.866666666666667	0.7946808510638297	9.866666666666667	0.756390041493776
10.133333333333333	0.6711634435433562	10.133333333333333	0.6532202612881046	10.133333333333333	0.6658479072509333	10.133333333333333	0.754890098810244	10.133333333333333	0.731980115990058	10.133333333333333	0.7777485533929511	10.133333333333333	0.8126225935343262	10.133333333333333	0.771943805455143	10.133333333333333	0.7825914296268932	10.133333333333333	0.7408064196552407	10.133333333333333	0.7627659574468084	10.133333333333333	0.7587551867219917
10.4	0.6735028072364317	10.4	0.6681182672473069	10.4	0.6609353507565336	10.4	0.7569066344020973	10.4	0.7568351284175643	10.4	0.8211467648605997	10.4	0.8203868507083183	10.4	0.8257969109431482	10.4	0.8352327299593646	10.4	0.7944521497919556	10.4	0.7893617021276594	10.4	0.8155186721991702
10.666666666666666	0.6890985651902684	10.666666666666666	0.6440522576209031	10.666666666666666	0.6540577716643742	10.666666666666666	0.7437991530550514	10.666666666666666	0.7620132560066281	10.666666666666666	0.8185165702261967	10.666666666666666	0.8488557936796223	10.666666666666666	0.8047239566217549	10.666666666666666	0.7904876246767639	10.666666666666666	0.7888052308301962	10.666666666666666	0.7920212765957446	10.666666666666666	0.8202489626556017
10.933333333333334	0.6945570804741111	10.933333333333334	0.6417602567041027	10.933333333333334	0.6697779524464531	10.933333333333334	0.7417826174631983	10.933333333333334	0.7661557580778791	10.933333333333334	0.8448185165702262	10.933333333333334	0.8410915365056303	10.933333333333334	0.867942819585935	10.933333333333334	0.8062800147765053	10.933333333333334	0.7888052308301962	10.933333333333334	0.8186170212765956	10.933333333333334	0.8249792531120332
11.2	0.6890985651902684	11.2	0.7151042860417145	11.2	0.6737079976419729	11.2	0.7427908852591248	11.2	0.757870753935377	11.2	0.855339295107838	11.2	0.8385034507809663	11.2	0.828138350312192	11.2	0.8378647949759881	11.2	0.8678620962948286	11.2	0.8106382978723403	11.2	0.8462655601659751
11.466666666666667	0.6984560199625702	11.466666666666667	0.6474902589961037	11.466666666666667	0.6815680880330124	11.466666666666667	0.7639645089735834	11.466666666666667	0.7413007456503728	11.466666666666667	0.8342977380326144	11.466666666666667	0.8799128223755903	11.466666666666667	0.8656013802168913	11.466666666666667	0.8457609900258588	11.466666666666667	0.8396275014860313	11.466666666666667	0.8186170212765956	11.466666666666667	0.8439004149377594
11.733333333333333	0.7156113537117904	11.733333333333333	0.680724272289709	11.733333333333333	0.7051483592061308	11.733333333333333	0.7740471869328494	11.733333333333333	0.7692626346313174	11.733333333333333	0.8106259863229879	11.733333333333333	0.9032055938975664	11.733333333333333	0.8726256983240224	11.733333333333333	0.8905060953084595	11.733333333333333	0.8339805825242718	11.733333333333333	0.8638297872340425	11.733333333333333	0.8036929460580913
12.0	0.713271990018715	12.0	0.6761402704561082	12.0	0.6894281784240519	12.0	0.7841298648921153	12.0	0.7847970173985087	12.0	0.8527091004734351	12.0	0.8566200508536143	12.0	0.8632599408478475	12.0	0.9220908755079423	12.0	0.8960966911036259	12.0	0.8611702127659574	12.0	0.8722821576763485
12.266666666666667	0.7249688084840924	12.266666666666667	0.6784322713729086	12.266666666666667	0.6943407349184516	12.266666666666667	0.790179471667675	12.266666666666667	0.7910107705053853	12.266666666666667	0.8684902682798528	12.266666666666667	0.9083817653468944	12.266666666666667	0.884332895169241	12.266666666666667	0.8589213151089766	12.266666666666667	0.8989201505845056	12.266666666666667	0.8585106382978722	12.266666666666667	0.8675518672199171
12.533333333333333	0.7171709295071741	12.533333333333333	0.6520742608297044	12.533333333333333	0.7198860286893299	12.533333333333333	0.8133696309739867	12.533333333333333	0.7620132560066281	12.533333333333333	0.8513940031562336	12.533333333333333	0.8980294224482384	12.533333333333333	0.907747288859678	12.533333333333333	0.9220908755079423	12.533333333333333	0.8763324747374678	12.533333333333333	0.8478723404255318	12.533333333333333	0.8462655601659751
12.8	0.7413443543356207	12.8	0.7151042860417145	12.8	0.7002358027117312	12.8	0.7972373462391612	12.8	0.8034382767191384	12.8	0.857969489742241	12.8	0.8980294224482384	12.8	0.9054058494906343	12.8	0.929987070557813	12.8	0.8763324747374678	12.8	0.8984042553191488	12.8	0.8935684647302905
13.066666666666666	0.7335464753587025	13.066666666666666	0.7013522805409123	13.066666666666666	0.6963057575162115	13.066666666666666	0.8012704174228675	13.066666666666666	0.77029826014913	13.066666666666666	0.8566543924250395	13.066666666666666	0.9083817653468944	13.066666666666666	0.9264788038120276	13.066666666666666	0.9273550055411894	13.066666666666666	0.8932732316227462	13.066666666666666	0.8957446808510637	13.066666666666666	0.8651867219917012
13.333333333333334	0.7319868995633189	13.333333333333334	0.6784322713729086	13.333333333333334	0.7149734721949302	13.333333333333334	0.8234523089332527	13.333333333333334	0.7620132560066281	13.333333333333334	0.8198316675433982	13.333333333333334	0.9135579367962223	13.333333333333334	0.947551758133421	13.333333333333334	0.9036664203915773	13.333333333333334	0.8960966911036259	13.333333333333334	0.8984042553191488	13.333333333333334	0.9030290456431536
13.6	0.7273081721771679	13.6	0.7036442814577126	13.6	0.7238160738848497	13.6	0.800262149626941	13.6	0.753728251864126	13.6	0.8435034192530247	13.6	0.9446149654921904	13.6	0.9522346368715084	13.6	0.9036664203915773	13.6	0.8904497721418664	13.6	0.903723404255319	13.6	0.8746473029045643
13.866666666666667	0.7319868995633189	13.866666666666667	0.6990602796241119	13.866666666666667	0.7306936529770093	13.866666666666667	0.8426093970558581	13.866666666666667	0.7837613918806959	13.866666666666667	0.8513940031562336	13.866666666666667	0.9679077370141664	13.866666666666667	0.9007229707525469	13.866666666666667	0.9194588104913187	13.866666666666667	0.9666831781256191	13.866666666666667	0.9436170212765956	13.866666666666667	0.898298755186722
14.133333333333333	0.7429039301310044	14.133333333333333	0.7128122851249141	14.133333333333333	0.7405187659658087	14.133333333333333	0.8325267190965921	14.133333333333333	0.787903893951947	14.133333333333333	0.8513940031562336	14.133333333333333	0.9135579367962223	14.133333333333333	0.9498931975024647	14.133333333333333	0.966835980790543	14.133333333333333	0.9271547453933029	14.133333333333333	0.9303191489361701	14.133333333333333	0.9124896265560166
14.4	0.740564566437929	14.4	0.7678203071281229	14.4	0.7002358027117312	14.4	0.8355515224843719	14.4	0.7910107705053853	14.4	0.8408732246186218	14.4	0.9187341082455504	14.4	0.9498931975024647	14.4	0.9747321758404137	14.4	0.9045670695462651	14.4	0.901063829787234	14.4	0.9243153526970954
14.666666666666666	0.7561603243917655	14.666666666666666	0.7380242952097181	14.666666666666666	0.71890351739045	14.666666666666666	0.8587416817906837	14.666666666666666	0.8169014084507042	14.666666666666666	0.880326144134666	14.666666666666666	0.9472030512168544	14.666666666666666	0.9639418337167269	14.666666666666666	0.929987070557813	14.666666666666666	0.9299782048741827	14.666666666666666	0.9409574468085106	14.666666666666666	0.9030290456431536
14.933333333333334	0.7553805364940737	14.933333333333334	0.7345862938345176	14.933333333333334	0.7375712320691689	14.933333333333334	0.8678160919540231	14.933333333333334	0.817937033968517	14.933333333333334	0.8671751709626513	14.933333333333334	0.9679077370141664	14.933333333333334	0.9194544857048965	14.933333333333334	0.9642039157739194	14.933333333333334	0.9666831781256191	14.933333333333334	0.9249999999999999	14.933333333333334	0.9621576763485478
15.2	0.7460230817217718	15.2	0.7345862938345176	15.2	0.7572214580467675	15.2	0.8778987699132891	15.2	0.8241507870753936	15.2	0.8421883219358233	15.2	0.9342626225935344	15.2	0.9428688793953336	15.2	0.9826283708902844	15.2	0.8989201505845056	15.2	0.9622340425531913	15.2	0.9148547717842324
15.466666666666667	0.7413443543356207	15.466666666666667	0.7277102910841166	15.466666666666667	0.7473963450579681	15.466666666666667	0.8708408953418029	15.466666666666667	0.8117232808616405	15.466666666666667	0.8316675433982115	15.466666666666667	0.9446149654921904	15.466666666666667	0.9545760762405522	15.466666666666667	0.9905245659401551	15.466666666666667	0.9638597186447394	15.466666666666667	0.9835106382978722	15.466666666666667	0.9432365145228215
15.733333333333333	0.7546007485963818	15.733333333333333	0.7460462984185194	15.733333333333333	0.7375712320691689	15.733333333333333	0.8708408953418029	15.733333333333333	0.873860811930406	15.733333333333333	0.8829563387690689	15.733333333333333	1.0144932800581186	15.733333333333333	0.9428688793953336	15.733333333333333	0.9852604359069079	15.733333333333333	0.95821279968298	15.733333333333333	0.951595744680851	15.733333333333333	0.9597925311203319
16.0	0.7733156581409857	16.0	0.7368782947513179	16.0	0.7336411868736491	16.0	0.8708408953418029	16.0	0.869718309859155	16.0	0.8513940031562336	16.0	0.9601434798401745	16.0	0.9358445612882025	16.0	0.9615718507572958	16.0	0.946918961759461	16.0	0.9489361702127659	16.0	0.9124896265560166
16.266666666666666	0.7701965065502184	16.266666666666666	0.7678203071281229	16.266666666666666	0.7385537433680488	16.266666666666666	0.8799153055051422	16.266666666666666	0.8831814415907209	16.266666666666666	0.9053129931614939	16.266666666666666	0.9239102796948784	16.266666666666666	0.9311616825501151	16.266666666666666	1.0089490210565202	16.266666666666666	0.9440955022785813	16.266666666666666	0.9595744680851063	16.266666666666666	0.9503319502074689
16.533333333333335	0.7616188396756083	16.533333333333335	0.7609443043777219	16.533333333333335	0.7365887207702889	16.533333333333335	0.8748739665255092	16.533333333333335	0.8790389395194698	16.533333333333335	0.857969489742241	16.533333333333335	0.9368507083181984	16.533333333333335	0.9756490305619455	16.533333333333335	0.9878925009235315	16.533333333333335	0.9695066376064989	16.533333333333335	1.004787234042553	16.533333333333335	0.9053941908713693
16.8	0.7694167186525266	16.8	0.7449002979601193	16.8	0.7680290823344469	16.8	0.908146803791087	16.8	0.895608947804474	16.8	0.9132035770647028	16.8	0.9653196512895024	16.8	0.9733075911929018	16.8	0.9852604359069079	16.8	0.9525658807212205	16.8	0.9409574468085106	16.8	0.9597925311203319
17.066666666666666	0.7912507797878978	17.066666666666666	0.7380242952097181	17.066666666666666	0.7690115936333268	17.066666666666666	0.908146803791087	17.066666666666666	0.8873239436619719	17.066666666666666	0.9079431877958969	17.066666666666666	0.9523792226661824	17.066666666666666	0.9662832730857707	17.066666666666666	0.9721001108237901	17.066666666666666	0.9384485833168218	17.066666666666666	0.9835106382978722	17.066666666666666	0.9787136929460581
17.333333333333332	0.7686369307548347	17.333333333333332	0.74948429979372	17.333333333333332	0.750343878954608	17.333333333333332	0.948477515628151	17.333333333333332	0.8945733222866612	17.333333333333332	0.9079431877958969	17.333333333333332	0.9730839084634945	17.333333333333332	0.9522346368715084	17.333333333333332	0.9957886959734022	17.333333333333332	0.9102139885080245	17.333333333333332	0.9808510638297872	17.333333333333332	0.9432365145228215
17.6	0.781113537117904	17.6	0.7758423103369242	17.6	0.7513263902534879	17.6	0.91318814277072	17.6	0.9152858326429164	17.6	0.9289847448711205	17.6	0.9937885942608065	17.6	0.9943805455142951	17.6	1.003684891023273	17.6	0.9525658807212205	17.6	0.9755319148936169	17.6	0.9432365145228215
17.866666666666667	0.7850124766063632	17.866666666666667	0.7999083199633281	17.866666666666667	0.7719591275299666	17.866666666666667	0.943436176648518	17.866666666666667	0.9463545981772992	17.866666666666667	0.9039978958442925	17.866666666666667	0.9342626225935344	17.866666666666667	0.947551758133421	17.866666666666667	0.9957886959734022	17.866666666666667	0.9553893402021002	17.866666666666667	0.9755319148936169	17.866666666666667	0.9739834024896266
18.133333333333333	0.7974890829694324	18.133333333333333	0.8148063259225304	18.133333333333333	0.782766751817646	18.133333333333333	0.9676346037507563	18.133333333333333	0.9235708367854184	18.133333333333333	0.8961073119410836	18.133333333333333	0.9549673083908464	18.133333333333333	0.9967219848833389	18.133333333333333	0.9852604359069079	18.133333333333333	0.9779770160491381	18.133333333333333	0.9755319148936169	18.133333333333333	1.0023651452282158
18.4	0.8115252651278853	18.4	0.7987623195049279	18.4	0.7621340145411672	18.4	0.9494857834240775	18.4	0.9442833471416736	18.4	0.9408206207259338	18.4	0.9549673083908464	18.4	0.970966151823858	18.4	0.9615718507572958	18.4	1.0175054487814543	18.4	0.978191489361702	18.4	0.9905394190871369
18.666666666666668	0.7920305676855895	18.666666666666668	0.7999083199633281	18.666666666666668	0.7896443309098055	18.666666666666668	0.9545271224037105	18.666666666666668	0.9359983429991715	18.666666666666668	0.8987375065754866	18.666666666666668	0.9808481656374864	18.666666666666668	1.0084291817285573	18.666666666666668	1.027373476172885	18.666666666666668	1.0146819893005745	18.666666666666668	1.002127659574468	18.666666666666668	0.9621576763485478
18.933333333333334	0.7772145976294449	18.933333333333334	0.7655283062113226	18.933333333333334	0.7768716840243663	18.933333333333334	0.9666263359548297	18.933333333333334	0.9805302402651201	18.933333333333334	0.9408206207259338	18.933333333333334	0.9575553941155104	18.933333333333334	0.9990634242523826	18.933333333333334	1.0115810860731436	18.933333333333334	0.9497424212403408	18.933333333333334	1.0367021276595743	18.933333333333334	0.9787136929460581
19.2	0.7779943855271367	19.2	0.7941783176713272	19.2	0.7778541953232463	19.2	0.9605767291792701	19.2	0.9494614747307374	19.2	0.9053129931614939	19.2	0.9264983654195423	19.2	0.9920391061452515	19.2	0.9536756557074252	19.2	1.0033881513770557	19.2	1.0180851063829786	19.2	0.9716182572614108
19.466666666666665	0.8115252651278853	19.466666666666665	0.8216823286729316	19.466666666666665	0.796521910001965	19.466666666666665	0.9787255495059488	19.466666666666665	0.9774233637116819	19.466666666666665	0.9381904260915308	19.466666666666665	1.0015528514347984	19.466666666666665	0.9850147880381204	19.466666666666665	0.9878925009235315	19.466666666666665	1.0033881513770557	19.466666666666665	1.0074468085106383	19.466666666666665	0.9503319502074689
19.733333333333334	0.8006082345601997	19.733333333333334	0.8251203300481321	19.733333333333334	0.8122420907840441	19.733333333333334	0.9837668884855818	19.733333333333334	0.9929577464788732	19.733333333333334	0.9605470804839559	19.733333333333334	1.0041409371594625	19.733333333333334	1.0084291817285573	19.733333333333334	1.0063169560398966	19.733333333333334	0.9723300970873786	19.733333333333334	0.9436170212765956	19.733333333333334	0.9976348547717843
20.0	0.8232220835932628	20.0	0.8342883337153336	20.0	0.7935743761053252	20.0	0.9847751562815085	20.0	0.9712096106048054	20.0	0.927669647553919	20.0	1.0274337086814385	20.0	0.9967219848833389	20.0	0.9721001108237901	20.0	1.000564691896176	20.0	0.9728723404255318	20.0	1.0
20.266666666666666	0.8045071740486589	20.266666666666666	0.8239743295897319	20.266666666666666	0.7876793083120456	20.266666666666666	0.958560193587417	20.266666666666666	1.025062137531069	20.266666666666666	0.9408206207259338	20.266666666666666	0.9834362513621504	20.266666666666666	1.00374630299047	20.266666666666666	1.0089490210565202	20.266666666666666	0.9949177729344164	20.266666666666666	1.028723404255319	20.266666666666666	1.0331120331950208
20.533333333333335	0.8294603867747974	20.533333333333335	0.8079303231721293	20.533333333333335	0.8191196698762037	20.533333333333335	0.9746924783222425	20.533333333333335	0.9836371168185585	20.533333333333335	0.9605470804839559	20.533333333333335	0.9834362513621504	20.533333333333335	1.0060877423595136	20.533333333333335	1.0247414111562614	20.533333333333335	0.9977412324152962	20.533333333333335	1.028723404255319	20.533333333333335	0.9834439834024896
20.8	0.8349189020586402	20.8	0.8239743295897319	20.8	0.8210846924739635	20.8	0.965618068158903	20.8	0.9960646230323116	20.8	0.9434508153603367							20.8	0.95821279968298	20.8	1.026063829787234	20.8	0.9597925311203319
21.066666666666666	0.8247816593886463	21.066666666666666	0.8274123309649325	21.066666666666666	0.7955393987030851	21.066666666666666	0.9928412986489212	21.066666666666666	1.0043496271748136	21.066666666666666	0.997369805365597							21.066666666666666	0.9836239350108975	21.066666666666666	1.0446808510638297	21.066666666666666	1.0189211618257261
21.333333333333332	0.8232220835932628	21.333333333333332	0.8640843456337384	21.333333333333332	0.7955393987030851	21.333333333333332	0.9918330308529947	21.333333333333332	1.015741507870754	21.333333333333332	0.9868490268279853							21.333333333333332	1.0203289082623341	21.333333333333332	1.004787234042553	21.333333333333332	1.0118257261410788
21.6	0.8349189020586402	21.6	0.843456337382535	21.6	0.8092945568874043	21.6	1.0099818511796734	21.6	0.9919221209610605	21.6	0.975013150973172							21.6	1.0175054487814543	21.6	0.9914893617021275	21.6	1.0189211618257261
21.866666666666667	0.8216625077978791	21.866666666666667	0.8457483382993354	21.866666666666667	0.8151896246806839	21.866666666666667	0.9877999596692882	21.866666666666667	0.9919221209610605	21.866666666666667	0.9697527617043661							21.866666666666667	0.9949177729344164	21.866666666666667	1.0101063829787233	21.866666666666667	0.9905394190871369
22.133333333333333	0.8240018714909546	22.133333333333333	0.8732523493009398	22.133333333333333	0.7906268422086854	22.133333333333333	0.9837668884855818			22.133333333333333	0.9539715938979485							22.133333333333333	1.0033881513770557	22.133333333333333	1.0074468085106383	22.133333333333333	0.9929045643153527
22.4	0.8411572052401748	22.4	0.8583543433417374	22.4	0.8299272941638829	22.4	0.9968743698326277			22.4	0.9776433456075749							22.4	0.9949177729344164	22.4	1.0074468085106383	22.4	1.0023651452282158
22.666666666666668	0.8177635683094199	22.666666666666668	0.8743983497593399	22.666666666666668	0.8348398506582826	22.666666666666668	1.0079653155878203			22.666666666666668	1.0157811678064177							22.666666666666668	0.989270853972657	22.666666666666668	0.9835106382978722	22.666666666666668	0.9952697095435684
22.933333333333334	0.8333593262632565	22.933333333333334	0.8721063488425397	22.933333333333334	0.827962271566123	22.933333333333334	0.990824763057068			22.933333333333334	1.0092056812204102
23.2	0.8544135995009359	23.2	0.9030483612193446	23.2	0.8348398506582826	23.2	1.0019157088122606			23.2	0.9829037348763808
23.466666666666665	0.82634123518403	23.466666666666665	0.8984643593857439	23.466666666666665	0.8387698958538023	23.466666666666665	0.9998991732204074			23.466666666666665	0.9855339295107838
23.733333333333334	0.8208827199001872	23.733333333333334	0.861792344716938	23.733333333333334	0.8259972489683631	23.733333333333334	0.9877999596692882			23.733333333333334	0.9789584429247764
24.0	0.8458359326263257	24.0	0.8847123538849416	24.0	0.8259972489683631	24.0	1.0099818511796734			24.0	1.017096265123619
24.266666666666666	0.8489550842170931	24.266666666666666	0.8881503552601422	24.266666666666666	0.8515425427392416	24.266666666666666	1.0029239766081872			24.266666666666666	0.9986849026827985
24.533333333333335	0.8700093574547724	24.533333333333335	0.9282603713041486	24.533333333333335	0.8672627235213205	24.533333333333335	0.9948578342407745			24.533333333333335	0.9855339295107838
24.8	0.8731285090455397	24.8	0.8984643593857439	24.8	0.8456474749459619	24.8	1.0049405122000403			24.8	1.0184113624408206
25.066666666666666	0.867669993761697	25.066666666666666	0.9316983726793492	25.066666666666666	0.87512281391236	25.066666666666666	0.9988909054244808			25.066666666666666	0.9802735402419779
25.333333333333332	0.8505146600124767	25.333333333333332	0.9179463671785469	25.333333333333332	0.8702102574179603
25.6	0.8481752963194013	25.6	0.9099243639697456	25.6	0.8269797602672431
25.866666666666667	0.8544135995009359	25.866666666666667	0.9385743754297503	25.866666666666667	0.8456474749459619
26.133333333333333	0.880926388022458	26.133333333333333	0.9397203758881505	26.133333333333333	0.8957555511888388
26.4	0.876247660636307	26.4	0.9213843685537475	26.4	0.8682452348202004
26.666666666666668	0.876247660636307	26.666666666666668	0.9328443731377494	26.666666666666668	0.8682452348202004
26.933333333333334	0.8824859638178416	26.933333333333334	0.9672243868897549	26.933333333333334	0.8702102574179603
27.2	0.8863849033063008	27.2	0.930552372220949	27.2	0.8495775201414817
27.466666666666665	0.8778072364316907	27.466666666666665	0.9168003667201468	27.466666666666665	0.8476124975437218
27.733333333333334	0.8996412975670619	27.733333333333334	0.9511803804721523	27.733333333333334	0.8780703478089998
28.0	0.8918434185901436	28.0	0.9580563832225534	28.0	0.8682452348202004
28.266666666666666	0.9136774797255148	28.266666666666666	0.9282603713041486	28.266666666666666	0.8829829043033995
28.533333333333335	0.9074391765439802	28.533333333333335	0.9683703873481551	28.533333333333335	0.9045981528787582
28.8	0.9339519650655023	28.8	0.9626403850561541	28.8	0.8643151896246808
29.066666666666666	0.9043200249532128	29.066666666666666	0.9844143937657576	29.066666666666666	0.9055806641776382
29.333333333333332	0.8988615096693701	29.333333333333332	0.9603483841393538	29.333333333333332	0.8947730398899588
29.6	0.9347317529631941	29.6	0.9855603942241578	29.6	0.8947730398899588
29.866666666666667	0.9113381160324393	29.866666666666667	0.9798303919321569	29.866666666666667	0.9026331302809983
30.133333333333333	0.9167966313162821	30.133333333333333	0.9603483841393538	30.133333333333333	0.8849479269011594
30.4	0.948767935121647	30.4	0.9763923905569564	30.4	0.8820003930045196
30.666666666666668	0.9238147223955085	30.666666666666668	0.980976392390557	30.666666666666668	0.906563175476518
30.933333333333334	0.9292732376793513	30.933333333333334	0.9626403850561541	30.933333333333334	0.906563175476518
31.2	0.9183562071116658	31.2	0.980976392390557	31.2	0.8721752800157202
31.466666666666665	0.9456487835308798	31.466666666666665	0.9981663992665598	31.466666666666665	0.9124582432697976
31.733333333333334	0.9378509045539615	31.733333333333334	0.9546183818473528	31.733333333333334	0.9104932206720378
32.0	0.9503275109170307	32.0	0.9649323859729545	32.0	0.923265867557477
32.266666666666666	0.9269338739862758	32.266666666666666	0.9786843914737567	32.266666666666666	0.9104932206720378
32.53333333333333	0.9409700561447287	32.53333333333333	0.9488883795553519	32.53333333333333	0.9213008449597171
32.8	0.9394104803493452	32.8	1.0142104056841623	32.8	0.9242483788563569
33.06666666666667	0.9347317529631941	33.06666666666667	1.0153564061425626	33.06666666666667	0.9242483788563569
33.333333333333336	0.9503275109170307	33.333333333333336	1.0142104056841623	33.333333333333336	0.938986048339556
33.6	0.9417498440424206	33.6	1.00045840018336	33.6	0.9370210257417961
33.86666666666667	0.9316126013724269	33.86666666666667	1.0142104056841623	33.86666666666667	0.906563175476518
34.13333333333333	0.9550062383031817	34.13333333333333	0.9878523951409581	34.13333333333333	0.9291609353507566
34.4	0.958125389893949	34.4	0.9958743983497594	34.4	0.9566712517193948
34.666666666666664	0.9737211478477855	34.666666666666664	0.9958743983497594	34.666666666666664	0.9547062291216349
34.93333333333333	0.9635839051777918	34.93333333333333	1.0130644052257622	34.93333333333333	0.923265867557477
35.2	0.9768402994385529			35.2	0.9360385144429162
35.46666666666667	0.9589051777916408			35.46666666666667	0.9488111613283553
35.733333333333334	0.9815190268247038			35.733333333333334	0.9547062291216349
36.0	1.0017935121646913			36.0	0.9468461387305955
36.266666666666666	0.9971147847785404			36.266666666666666	0.9831990567891532
36.53333333333333	0.9698222083593264			36.53333333333333	0.9684613873059541
36.8	0.9924360573923894			36.8	0.9959717036745923
37.06666666666667	0.990096693699314			37.06666666666667	0.9684613873059541
37.333333333333336	0.990096693699314			37.333333333333336	0.9674788760070742
37.6	0.9846381784154711			37.6	0.9959717036745923
37.86666666666667	1.0049126637554586			37.86666666666667	0.987129101984673
38.13333333333333	0.9877573300062384			38.13333333333333	0.9625663195126745
38.4	0.9924360573923894			38.4	0.9930241697779525
38.666666666666664	1.003353087960075			38.666666666666664	0.9763214776969936
38.93333333333333	1.0095913911416097			38.93333333333333	0.9684613873059541
39.2	0.9830786026200875			39.2	0.9655138534093143
39.46666666666667	1.0072520274485341			39.46666666666667	0.9890941245824327
39.733333333333334	1.0002339363693078			39.733333333333334	0.9841815680880331
40.0	1.0017935121646913			40.0	0.9831990567891532
40.266666666666666	1.0197286338116034			40.266666666666666	0.987129101984673
40.53333333333333	0.9885371179039303			40.53333333333333	0.9773039889958736
40.8	1.0095913911416097			40.8	0.9831990567891532
41.06666666666667	1.002573300062383			41.06666666666667	0.969443898604834
41.333333333333336	1.0072520274485341			41.333333333333336	0.9773039889958736
41.6	0.9869775421085466			41.6	0.9881116132835528
41.86666666666667	0.9994541484716158			41.86666666666667	0.9802515228925134
42.13333333333333	0.9978945726762322			42.13333333333333	0.9910591471801926
42.4	0.9916562694946975			42.4	1.0067793279622717
42.666666666666664	1.008031815346226			42.666666666666664	0.9890941245824327
42.93333333333333	0.9971147847785404			42.93333333333333	0.9645313421104343
43.2	0.9908764815970057			43.2	0.9940066810768324
43.46666666666667	1.012710542732377			43.46666666666667	0.987129101984673
43.733333333333334	1.0119307548346852			43.733333333333334	1.0313421104342702
44.0	0.9877573300062384			44.0	0.9949891923757124
44.266666666666666	1.0010137242669994			44.266666666666666	1.0116918844566714
44.53333333333333	0.9994541484716158			44.53333333333333	0.9890941245824327
44.8	0.9947754210854649			44.8	1.000884260168992
45.06666666666667	1.0181690580162197			45.06666666666667	1.0293770878365103
45.333333333333336	0.9939956331877731			45.333333333333336	1.0107093731577914
45.6	1.002573300062383			45.6	0.986146590685793
45.86666666666667	0.9885371179039303			45.86666666666667	1.0126743957555513
46.13333333333333	0.9916562694946975			46.13333333333333	0.9900766358813127
46.4	1.0119307548346852			46.4	0.9930241697779525
46.666666666666664	1.003353087960075			46.666666666666664	1.002849282766752
46.93333333333333	0.9955552089831567			46.93333333333333	1.017586952249951
				47.2	0.9969542149734723
				47.46666666666667	0.9890941245824327
				47.733333333333334	1.000884260168992
