"time [h]"	"Idle rep 1"	"Idle rep 2"	"Idle rep 3"	"Idle rep 4"	"Idle rep 5"	"Idle rep 6"			"Agitated rep 1"	"Agitated rep 2"	"Agitated rep 3"
0	100	100	100	100	100	100					
0.333333	80.95682204	81.62017	79.34263	80.80885	68.83211	71.26705					
0.666667	78.25404447	79.81534	78.91457	77.92303	67.48787	70.39866					
1	86.47687819	87.15435	86.13759	85.35594	74.12032	77.15103					
1.333333	89.42250868	92.59734	88.32014	89.33209	78.87675	82.9761					
1.666667	91.72545616	94.81443	91.91547	93.49888	82.02601	86.51427					
2	94.00531876	97.58723	91.70504	95.27783	84.15735	89.90518					
2.333333	93.44481791	96.82635	91.60701	96.64634	85.08057	91.0453					
2.666667	94.33589422	96.7703	91.06924	97.08889	85.02139	91.51275					
3	87.73269558	90.57308	85.19784	92.68867	78.91987	86.02117					
3.333333	90.85469454	94.52756	87.16187	94.6038	81.60836	89.21541					
3.666667	88.10205363	89.75046	82.43705	91.78703	78.9892	85.29624					
4	80.07405629	81.80445	74.21763	82.82221	69.98613	77.40375					
4.333333	80.37138953	80.72915	74.19424	82.21042	73.55557	76.8527					
4.666667	71.83275467	71.43902	64.67086	73.38469	66.03456	68.70368					
5	69.77266012	70.16044	64.29227	72.84585	63.93196	67.09896					
5.333333	66.62480609	65.8184	59.95594	67.03141	60.77425	62.59644					
5.666667	60.64028219	60.51884	56.23471	61.87739	54.6778	58.81693					
6	55.54960479	54.5952	52.49011	58.6171	51.25463	54.79136					
6.333333	52.54764719	49.88649	48.10252	53.26564	47.47468	50.41329					
6.666667	48.60752013	46.52475	44.4991	48.027	42.77405	46.00483					
7	42.41153875	41.92148	39.95863	44.36501	38.72948	43.73029					
7.333333	39.22028514	38.43056	37.32554	41.14071	37.81133	39.6363					
7.666667	35.42605452	34.32884	34.55126	37.32018	34.48792	37.36461					
8	34.59222871	30.84932	31.43345	34.01126	30.31061	34.68913					
8.333333	31.54410135	27.2197	28.89658	31.38416	28.8125	31.32577					
8.666667	27.28170939	24.14674	27.64928	30.02344	25.2363	28.89161					
9	23.14951614	18.90893	21.02338	23.06712	18.01796	24.85463					
9.333333	22.64072542	22.00944	22.18525	25.2896	23.42537	28.21514					
9.666667	19.04687154	17.73864	17.68165	19.65607	15.88407	21.48938					
10	19.99981532	18.41308	19.42446	21.54202	19.0384	23.17106					
10.33333	18.67751348	17.33683	18.26709	19.8399	16.94763	21.54923					
10.66667	17.97480978	15.0124	17.36331	18.8838	18.47703	18.393					
11	19.42454015	15.76378	16.52428	18.21073	16.39134	20.22764					
11.33333	14.66813179	14.56404	14.94604	15.74412	14.91689	17.31559					
11.66667	12.32086134	12.22821	11.61871	13.12577	12.11934	14.1584					
12	10.80002955	10.20585	9.823741	12.88553	8.927817	14.07764					
12.33333	11.65232326	12.2567	13.56205	12.92152	13.60139	14.98499					
12.66667	11.95612026	12.48753	12.16187	13.44674	12.67057	15.33273					
13	9.54975253	10.1783	11.74371	9.708889	9.639675	13.42967					
13.33333	9.54605895	12.57017	11.68435	10.91885	10.74382	14.30092					
13.66667	8.460146266	9.499112	10.26079	9.825606	9.005597	10.44066					
14	11.14445594	9.756538	11.40468	11.58803	8.945571	11.97127					
14.33333	8.146191918	7.586941	8.496403	8.438622	7.626689	9.71383					
14.66667	10.8277314	9.052654	9.725719	10.67958	7.369676	10.23639					
15	11.3420625	9.168543	9.096223	8.779045	7.723069	10.28389					
15.33333	7.809152693	8.720185	8.625	7.657592	7.448302	10.76939					
15.66667	6.874676812	8.823725	8.173561	7.840448	7.140562	10.56227					
16	5.83770407	7.417856	7.830036	7.105133	7.5413	9.547562					
16.33333	3.444263869	4.91864	6.80036	4.957544	4.684567	8.264926					
16.66667	5.240267415	6.087031	7.17536	6.445683	6.198745	7.525748					
17	4.319642461	6.286512	7.479317	5.631584	5.733755	8.039752					
17.33333	4.150661151	6.038585	6.394784	6.150973	5.798008	8.526204					
17.66667	4.60681835	7.189878	5.830036	5.059671	5.314418	7.480143					
18	5.096217774	7.458703	6.055755	4.599613	6.81676	6.437882					
18.33333	2.719398685	6.885906	3.84982	2.676704	4.578888	6.202257					
18.66667	3.933663293	7.733227	5.385791	4.041318	6.350924	6.779919					
19	1.078525523	4.087468	1.147482	0.153677	3.373294	4.411318					
19.33333	4.735170274	6.988497	4.753597	3.273905	5.165621	6.1367					
19.66667	0.389672749	2.225642	1.658273	0	1.069478	2.539619					
20	4.265162148	6.017687	4.598022	3.057979	4.8824	6.555695					
20.33333	3.339920219	6.147825	4.044964	2.915001	4.777565	6.279216					
20.66667	3.71574204	5.221662	4.15018	3.734936	4.80631	5.237905					
21	2.050860604	2.14395	2.361511	1.413245	2.696099	3.552427					
21.33333	1.49128315	3.938332	2.250899	1.075739	2.278453	3.226542					
21.66667	0.998190146	3.800595	1.819245	0.192583	2.384978	3.178087					
22	4.036160154	5.341351	3.102518	3.766061	3.910147	5.395622					
22.33333	1.380475733	3.931682	1.600719	2.616401	2.384978	3.431764					
22.66667	3.040740194	4.894892	3.792266	4.514021	3.681033	3.466917					
23	1.565154761	4.262251	1.736511	3.296276	2.372297	2.272641					
23.33333	3.805311369	5.111472	3.40018	3.520956	4.047953	6.007487					
23.66667	4.918002512	5.02503	3.656475	4.997423	4.171387	5.452628					
24	2.295560316	2.473569	2.735612	3.591958	2.220963	2.022764					
24.33333	0.291792864	1.203537	0.259892	2.026008	0.131888	0					
24.66667	3.21618527	3.355086	2.948741	4.980888	2.730762	3.506822					
25	0.058173894	0.400863	0.196043	1.738107	0	0.403793					
25.33333	0	0	0	1.526072	0.171624	0.962452					
25.66667	3.302061018	2.895329	3.606115	4.717302	2.882095	4.471174					
26	0.508790722	1.040153	0.509892	1.990993	1.654521	2.478813					
26.33333	3.14785403	3.883237	4.264388	5.784288	4.613551	5.384221					
26.66667	2.886533205	3.868038	4.305755	5.326175	5.055714	5.394672					
27	1.117308118	2.588508	2.451439	3.259315	2.902386	3.637936					
27.33333	3.186636626	3.498523	4.019784	4.960462	4.301584	4.895869					
27.66667	1.185639359	2.293086	2.521583	3.11342	3.756277	2.846502					
28	1.653800694	7.553694	2.332734	4.431346	2.973403	4.183293					
28.33333	1.220728374	6.713022	3.160072	2.875123	2.722308	2.837951					
28.66667	3.254967866	8.040998	4.742806	5.268789	4.232259	5.258807					
29	3.509824924	9.051704	4.515288	5.039246	4.523089	5.56474					
29.33333	3.839476989	8.669839	5.044964	5.251281	4.173923	5.503933					
29.66667	3.390706951	9.277783	4.966727	5.539183	4.570433	5.788014					
30	3.61693876	9.41362	5.53777	5.036328	4.894236	5.829818					
30.33333	4.247617641	9.551357	4.776079	5.210431	4.496035	5.85072					
30.66667	3.950284406	9.878126	5.817446	5.806659	4.679495	6.647855					
31	3.912425205	10.1536	6.066547	5.803741	4.083462	6.775168					
31.33333	4.379663145	9.580804	5.502698	5.364108	4.184914	6.825524					
31.66667	2.385129645	8.679338	3.884892	4.010193	2.708781	5.00228					
32	5.207948585	10.6599	6.034173	5.613103	4.837592	7.223616					
32.33333	4.674226195	9.956969	5.90018	6.023557	5.122504	6.961388					
32.66667	2.791423506	8.633743	3.964928	4.599613	3.717387	6.030289					
33	4.101721209	10.03106	6.359712	5.813467	5.2992	6.864478					
33.33333	4.532023343	10.97242	6.298561	5.925321	5.470824	6.639304					
33.66667	2.374972298	9.632099	4.75	5.996323	4.496035	6.024589					
34	1.482972594	9.510511	5.59982	5.089823	4.675268	5.47353					
34.33333	1.694430081	8.953863	5.085432	5.00034	4.020899	5.357618					
34.66667	2.475622368	9.343326	5.414568	5.443864	5.382053	6.204158					
35	3.554147891	11.58132	7.227518	7.581726	7.232715	7.818379					
35.33333	1.217958189	8.605245	3.958633	4.462471	3.745287	5.228404					
35.66667	4.129423063	11.25455	8.620504	7.200451	7.664733	7.892487					
36	4.892147448	12.02018	8.481115	8.034003	7.870175	8.537605					
36.33333	1.880032504	9.275883	5.344424	5.474989	5.629766	5.797515					
36.66667	5.258735318	12.77916	9.283273	7.916314	8.571888	9.615969					
37	5.059281968	12.93399	10.64658	8.378318	8.217649	9.574165					
37.33333	2.794193691	10.61146	7.428957	5.202649	5.527468	6.578497					
37.66667	6.050084952	13.65022	12.39478	9.051385	8.983615	9.762285					
38	6.463765975	13.51439	12.93435	8.545612	8.672495	9.802189					
38.33333	4.5403339	12.2719	11.07554	7.072063	6.925821	8.252575					
38.66667	6.605045431	13.48969	14.77878	7.929931	8.984461	10.65633					
39	7.086134299	13.83166	14.34802	8.706097	9.025042	10.27724					
39.33333	6.955935584	13.61508	14.28777	9.082509	9.523004	10.50336					
39.66667	7.339144567	14.17457	14.28687	8.756675	9.227947	10.92331					
40	7.592154835	14.00359	14.88219	8.646766	8.859336	11.38696					
40.33333	5.990064268	13.91905	12.53957	7.059419	8.288666	9.268232					
40.66667	7.085210903	16.09625	14.52518	9.445304	9.422397	10.62023					
41	7.563529586	17.17819	14.51259	8.631204	9.850189	10.68198					
41.33333	7.52659378	17.51256	14.66547	9.518252	10.10213	10.96606					
41.66667	5.792457709	16.39927	12.82554	8.140021	7.932737	10.22498					
42	7.253268819	16.6301	14.8795	9.784755	10.15116	11.47532					
42.33333	4.513555441	13.9314	11.19065	6.285197	7.080536	8.456846					
42.66667	7.961512891	16.5484	15.00989	9.95983	10.25515	11.25964					
43	8.25792273	16.49521	15.38489	10.3343	10.61024	11.85821					
43.33333	6.70015513	14.73787	13.34263	8.981354	9.356453	10.52997					
43.66667	6.925463544	15.69823	12.8696	8.243121	9.296427	10.14803					
44	8.587574795	16.55315	14.79227	9.745849	11.79892	11.48387					
44.33333	6.76109921	13.96939	12.97752	6.999115	10.23064	9.487706					
44.66667	7.52659378	15.33062	13.09353	8.510597	10.97631	10.58887					
45	8.94954569	17.23709	15.38129	9.763357	12.48795	12.59549					
45.33333	8.880291054	17.71964	15.30396	9.669983	12.62407	12.12424					
45.66667	9.675334269	18.52327	15.76709	9.995818	12.72975	14.6591					
46	7.942121593	15.62509	13.68525	9.006643	11.13779	13.65485					
46.33333	9.654096181	16.90272	15.09083	10.21174	12.72467	14.51374					
46.66667	7.104602201	13.87725	11.67086	7.185862	9.732673	11.97697					
47	9.797222427	17.0604	14.83723	10.34986	10.94841	14.28001					
47.33333	9.739048534	16.88182	15.15288	10.38974	10.75819	14.76837					
47.66667	10.2773879	17.39667	15.33363	11.03168	10.88923	14.78832					
											
											
											
											
											
0									136.6847428	135.1558	135.3032
0.05639									130.0161219	130.9628	128.9767
0.11278									126.7257804	127.263	125.9857
0.16917									124.5859593	125.9804	124.1729
0.22556									123.4207826	123.925	122.9856
0.28194									120.7460062	122.1656	121.8798
0.33833									119.4782354	123.1933	121.6804
0.39472									118.46695	121.4503	120.5928
0.45111									117.7121501	121.1379	119.8042
0.5075									116.4810201	120.513	119.9039
0.56389									115.623626	120.6364	118.7075
0.62028									114.6269969	118.7289	119.206
0.67667									114.2459329	118.8029	117.5383
0.73306									113.5570863	119.0496	116.6772
0.78944									111.5565001	117.2655	117.3933
0.84583									112.2819874	117.2737	117.076
0.90222									112.025502	116.9366	115.9793
0.95861									111.2853583	117.249	115.9884
1.015									110.8163564	115.58	115.2361
1.07139									110.8383409	115.0374	114.1213
1.12778									110.6184963	113.8042	112.2995
1.18417									108.2734867	112.7353	111.6469
1.24056									108.8597391	111.905	109.8251
1.29694									108.1635644	111.4034	109.0365
1.35333									107.1889198	109.2247	107.6498
1.40972									105.3788656	108.5176	107.8582
1.46611									105.5181005	108.271	106.1452
1.5225									105.115052	107.5146	106.5893
1.57889									104.7046754	106.5362	105.5561
1.63528									103.8692657	106.1005	105.121
1.69167									104.7999414	104.5384	105.257
1.74806									103.4369046	104.4972	104.1784
1.80444									102.8506522	104.0122	104.1693
1.86083									102.4842445	103.486	103.5983
1.91722									102.1984464	102.2445	102.9185
1.97361									101.6634911	103.4202	102.9638
2.03									101.7221164	101.2497	102.4925
2.08639									100.6815184	100.7975	101.6677
2.14278									100.520299	99.70402	101.4683
2.19917									100.190532	98.81608	99.87311
2.25556									99.33313792	98.16657	99.85498
2.31194									100.0439689	95.24788	98.75827
2.36833									98.3804778	95.14922	97.8519
2.42472									97.28125458	93.87487	97.39871
2.48111									96.2406566	91.8359	95.20529
2.5375									95.16341785	90.08468	94.60709
2.59389									93.67580243	87.67574	92.21427
2.65028									92.52528213	86.95223	92.06018
2.70667									90.67125898	85.22568	90.41059
2.76306									89.9384435	82.87429	87.55552
2.81944									87.75465338	80.70377	86.50412
2.87583									85.58551957	77.8673	84.50104
2.93222									84.31774879	76.91359	81.90882
2.98861									81.51839367	73.46049	79.33472
3.045									80.43382676	71.33931	78.09299
3.10139									78.68239777	68.76593	75.6186
3.15778									74.71053789	66.56253	74.00526
3.21417									73.76520592	64.01381	71.18644
3.27056									71.29561776	62.39415	69.0474
3.32694									68.29107431	58.62863	66.72709
3.38333									66.24651913	57.0254	64.82371
3.43972									64.49509014	55.27419	63.25569
3.49611									62.31130001	52.86525	61.56984
3.5525									60.19346329	50.89205	58.21626
3.60889									58.92569251	49.30527	56.86577
3.66528									55.89183644	47.43895	55.76906
3.72167									54.08178221	45.2931	53.30373
3.77806									49.44306024	44.52849	50.92903
3.83444									48.90077678	42.1031	49.03471
3.89083									46.52645464	40.64787	47.8383
3.94722									43.25076946	39.83392	46.62377
4.00361									41.25751136	38.01694	44.62068
4.06									39.12501832	36.84946	43.09798
4.11639									36.81664957	35.64088	41.24898
4.17278									35.26308076	34.35008	39.28215
4.22917									32.0313645	33.13327	38.45736
4.28556									31.17397039	31.6616	36.68993
4.34194									28.79964825	30.65033	35.55697
4.39833									27.91294152	29.82817	34.63247
4.45472									26.57921735	29.17866	33.46325
4.51111									26.04426205	28.50448	32.11275
4.5675									24.4980214	27.25479	31.08855
4.62389									24.21222336	26.62172	29.51147
4.68028									22.07240217	25.72556	29.66555
4.73667									20.31364502	25.3227	28.00689
4.79306									19.74204895	24.56631	27.68059
4.84944									18.91396746	23.60437	26.49325
4.90583									17.62421222	22.88087	26.08538
4.96222									16.83277151	23.07819	24.77114
5.01861									17.22849187	21.5654	24.05511
5.075									15.9753774	21.57362	23.53848
5.13139									15.63095413	20.51303	22.81338
5.18778									14.54638722	20.64458	22.62304
5.24417									14.09936978	19.88819	21.15472
5.30056									13.55708633	19.33733	20.61089
5.35694									12.6703796	19.01669	20.04894
5.41333									11.98153305	18.80293	19.77703
5.46972									11.59314085	18.30963	19.48699
5.52611									11.45390591	17.93965	18.79815
5.5825									11.01421662	17.51213	18.15463
5.63889									10.23743221	17.14215	17.71957
5.69528									10.41330793	16.59952	16.94915
5.75167									10.05422835	16.03223	16.56848
5.80806									9.89300894	16.44331	16.32376
5.86444									9.438663345	15.45671	16.51409
5.92083									9.372709952	15.53893	15.9884
5.97722									9.167521618	14.95519	15.59866
6.03361									8.529972153	15.21828	15.31768
6.09									8.390737212	14.91408	15.11828
6.14639									8.302799355	14.33857	14.62884
6.20278									7.921735307	14.32212	13.95813
6.25917									7.6799062	13.77127	13.78591
6.31556									7.855781914	13.98504	13.66809
6.37194									7.350139235	13.24509	12.76171
6.42833									7.122966437	13.29442	13.25116
6.48472									7.108310128	12.85867	12.86142
6.54111									6.932434413	13.26975	12.87048
6.5975									6.829840246	12.76823	12.51699
6.65389									6.961747032	12.77645	12.33572
6.71028									6.771215008	12.54625	11.76471
6.76667									6.368166496	12.34893	11.42935
6.82306									6.038399531	12.36537	11.19369
6.87944									6.126337388	12.00362	11.33871
6.93583									5.928477209	11.83096	11.43841
6.99222									5.730617031	11.1979	11.13025
7.04861									5.789242269	11.32122	10.61361
7.105									5.562069471	10.91836	10.37796
7.16139									5.386193756	11.25545	10.4414
7.21778									5.474131614	11.09924	10.26013
7.27417									4.94650447	11.00058	10.10605
7.33056									5.078411256	10.52372	10.23294
7.38694									5.43749084	10.53194	10.06979
7.44333									5.349552983	10.37573	9.680051
7.49972									5.166349113	10.17019	9.371884
7.55611									5.034442327	10.1373	9.208737
7.6125									5.10039572	10.36751	9.136228
7.66889									4.660706434	9.972869	9.081845
7.72528									5.224974351	9.676889	8.592405
7.78167									4.865894768	9.479569	8.755552
7.83806									4.433533636	9.717997	8.592405
7.89444									4.690019053	9.167146	8.818998
7.95083									4.62406566	9.627559	8.16641
8.00722									4.455518101	9.101373	8.456449
8.06361									4.440861791	9.487791	8.066709
8.12									3.99384435	9.265806	7.686033
8.17639									3.693390004	9.331579	7.885435
8.23278									4.155063755	9.13426	7.450376
8.28917									3.876593874	8.98627	8.012327
8.34556									3.891250183	8.879388	7.350675
8.40194									3.664077385	8.88761	6.761534
8.45833									3.642092921	8.410754	6.933744
8.51472									3.8399531	8.410754	7.504758
8.57111									3.334310421	8.525857	7.151273
8.6275									3.957203576	8.534079	7.060636
8.68389									3.444232742	8.180548	6.897489
8.74028									3.414920123	8.616295	6.571196
8.79667									3.187747325	7.983228	6.82498
8.85306									2.857980361	7.876346	6.625578
8.90944									3.092481313	7.966785	6.453367
8.96583									2.850652206	7.588588	6.335539
9.02222									2.916605599	7.827016	6.235838
9.07861									2.689432801	7.555702	6.625578
9.135									3.085153158	7.59681	5.882353
9.19139									2.748058039	7.506372	5.701079
9.24778									3.077825004	7.670805	5.909544
9.30417									2.616151253	7.777686	6.11801
9.36056									2.39630661	7.506372	5.456358
9.41694									2.147149348	7.259722	5.601378
9.47333									2.476916312	7.407712	5.646696
9.52972									2.645463872	6.914413	5.528868
9.58611									2.323025062	7.2515	5.837034
9.6425									2.88729298	6.897969	5.320402
9.69889									2.601494944	6.708871	5.166319
9.75528									2.674776491	6.889748	4.94879
9.81167									2.388978455	6.70065	5.157256
9.86806									3.04118423	6.544438	5.048491
9.92444									2.366993991	6.536216	5.528868
9.98083									2.967902682	6.347118	5.121001
10.03722									2.462260003	6.585546	4.903471
10.09361									2.359665836	6.963742	4.622496
10.15									2.432947384	6.692428	4.658751
10.20639									2.814011432	6.199129	4.658751
10.26278									2.388978455	6.470443	4.812834
10.31917									3.063168694	6.190907	4.658751
10.37556									2.191118276	5.968922	4.849089
10.43194									2.323025062	6.388227	4.785643
10.48833									2.176461967	5.927814	4.676878
10.54472									2.711417265	5.927814	4.196501
10.60111									3.04118423	6.026474	4.323393
10.6575									2.835995896	5.640056	4.223693
10.71389									2.41096292	5.936036	4.278075
10.77028									2.630807563	5.656499	4.395903
10.82667									2.462260003	5.640056	3.697997
10.88306									2.513557086	5.516731	3.915526
10.93944									2.513557086	5.689386	4.069609
10.99583									2.220430896	5.648278	4.187438
11.05222									2.352337681	5.607169	4.051482
11.10861									2.71874542	5.385185	3.951781
11.165									2.308368753	5.722272	3.806762
11.22139									2.667448337	5.154978	3.688933
11.27778									2.293712443	5.418071	3.824889
11.33417									2.103180419	5.327633	3.46234
11.39056									2.176461967	5.302968	3.344512
11.44694									2.447603693	5.089205	3.589232
11.50333									2.315696908	5.179643	3.489531
11.55972									2.374322146	5.056318	4.133055
11.61611									2.440275539	5.196086	3.29013
11.6725									2.476916312	5.401628	3.317321
11.72889									2.24241536	5.048097	3.181365
11.78528									2.183790122	5.072762	3.353576
11.84167									2.161805657	4.809669	3.507659
11.89806									2.117836729	4.91655	3.000091
11.95444									2.366993991	4.908329	3.344512
12.01083									1.883335776	4.875442	3.108855
12.06722									2.667448337	5.01521	3.172301
12.12361									2.388978455	4.743895	2.991027
12.18									2.213102741	5.039875	3.407958
12.23639									2.154477503	4.661679	2.981963
12.29278									2.022570717	4.661679	3.398894
12.34917									2.235087205	4.382143	3.235747
12.40556									2.733401729	4.743895	3.009154
12.46194									2.454931848	4.86722	3.389831
12.51833									2.323025062	4.530132	3.562041
12.57472									2.3816503	4.151936	2.882262
12.63111									2.271727979	4.546576	3.46234
12.6875									2.711417265	4.776782	3.054473
12.74389									2.191118276	4.669901	2.565032
12.80028									2.71874542	4.645236	3.099792
12.85667									2.3816503	4.554797	3.235747
12.91306									2.447603693	4.571241	3.063537
12.96944									2.191118276	4.373921	3.172301
13.02583									2.125164883	4.513689	2.873199
13.08222									2.139821193	4.423251	2.519714
13.13861									1.758757145	4.250596	2.492522
13.195									1.861351312	4.11905	2.655669
13.25139									2.498900777	4.686344	2.392822
13.30778									1.663491133	4.176601	2.474395
13.36417									2.220430896	3.642194	2.456268
13.42056									1.978601788	4.127271	2.256866
13.47694									1.949289169	3.888843	2.474395
13.53333									2.220430896	3.740853	2.274993
13.58972									1.978601788	4.077941	2.238738
13.64611									1.780741609	3.880622	2.057464
13.7025									1.897992086	3.798405	2.465331
13.75889									2.191118276	4.258818	2.528777
13.81528									2.198446431	3.57642	2.465331
13.87167									1.75142899	3.847735	2.537841
13.92806									1.58288143	3.699745	2.619414
14.04083									1.839366847	3.831292	2.211547
14.09722									1.538912502	3.732632	2.211547
14.15361									1.524256192	3.666859	2.75537
14.21									1.91997655	3.518869	2.211547
14.26639									1.758757145	3.469539	2.184356
14.32278									1.897992086	3.42843	2.0484
14.37917									1.480287264	3.67508	2.293121
14.43556									1.700131907	3.305106	2.039337
14.49194									1.311739704	3.494204	2.474395
14.54833									1.436318335	3.362657	2.129974
14.60472									1.670819288	3.453095	2.139037
14.66111									1.465630954	3.222889	1.794616
14.7175									1.546240657	3.72441	1.80368
14.77389									1.319067859	2.984461	1.848998
14.83028									1.421662026	3.107786	2.003082
14.88667									1.341052323	3.091343	1.885253
14.94306									1.267770775	3.214667	1.776489
14.99944									1.326396013	2.869358	2.148101
15.05583									1.568225121	3.173559	2.129974
15.11222									1.450974645	3.050234	2.030273
15.16861									1.326396013	2.844693	1.73117
15.225									1.648834823	2.836471	1.595214
15.28139									1.091895061	2.770698	1.812744
15.33778									0.901363037	3.017348	2.202483
15.39417									1.509599883	2.639152	2.012145
15.45056									1.150520299	2.820028	1.848998
15.50694									1.025941668	2.943353	2.003082
15.56333									1.223801847	2.795363	1.912444
15.61972									0.549611608	2.318507	2.220611
15.67611									0.908691192	3.000904	1.368621
15.7325									0.894034882	2.376059	1.749298
15.78889									0.864722263	2.408945	2.0484
15.84528									1.194489228	2.746033	1.703979
15.90167									0.78411256	2.474718	1.848998
15.95806									1.069910597	2.754255	1.613342
16.01444									0.593580536	2.408945	1.540832
16.07083									0.96731643	2.417167	1.586151
16.12722									0.769456251	2.269177	1.522705
16.18361									0.410376667	2.252734	1.450195
16.24									0.938003811	2.655595	1.259857
16.29639									0.674190239	2.211625	1.568023
16.35278									0.79876887	2.836471	1.323303
16.40917									0.622893156	2.112966	1.477386
16.46556									0.78411256	2.343172	1.305175
16.52194									0.505642679	2.367837	1.069519
16.57833									0.600908691	1.710104	1.060455
16.63472									0.505642679	2.48294	1.178283
16.69111									0.806097025	2.071857	1.350494
16.7475									0.454345596	2.145852	0.915436
16.80389									0.087937857	2.154074	0.978882
16.86028									0.47633006	1.578558	1.241729
16.91667									0.139234941	1.964976	1.205474
16.97306									0.124578631	1.627888	1.196411
17.02944									0.637549465	2.211625	0.425995
17.08583									0.058625238	2.318507	0.761352
17.14222									0.505642679	1.890981	0.688843
17.19861									0.520298989	2.063636	1.459259
17.255									0.300454346	1.874538	1.042328
17.31139									0.425032977	1.718326	0.788543
17.36778									0.381064048	1.775878	1.051391
17.42417									0.498314524	1.808764	1.268921
17.48056									0.461673751	1.504563	0.761352
17.53694									0.212516488	1.545671	0.906372
17.59333									0.249157262	1.693661	0.63446
17.64972									0.212516488	1.562115	0.861053
17.70611									0.373735893	1.775878	0.842926
17.7625									0.505642679	1.216805	0.552887
17.81889									0.615565001	1.578558	0.652588
17.87528									0.64487762	1.932089	0.806671
17.93167									0.454345596	1.405903	1.105774
17.98806									0.139234941	1.58678	0.534759
18.04444									0.300454346	1.775878	0.888244
18.10083									0.498314524	1.726548	0.897308
18.15722									0.505642679	1.808764	0.589142
18.21361									0.637549465	1.2908	0.661651
18.27									0.256485417	0.986599	0.716034
18.32639									0.366407739	1.323687	0.444122
18.38278									0.857394108	1.529228	0.95169
18.43917									0.410376667	1.496341	0.924499
18.49556									0.337095119	1.562115	0.879181
18.55194									0.161219405	1.274357	0.906372
18.60833									0.732815477	1.315465	0.38974
18.66472									0.806097025	1.09348	1.051391
18.72111									0.388392203	1.668996	0.498504
18.7775									0.483658215	1.397681	0.95169
18.83389									0.828081489	1.159253	0.652588
18.89028									0.747471787	1.077037	0.625397
18.94667									0.63022131	1.58678	0.734161
19.00306									0.439689286	1.307243	0.416931
19.05944									0.747471787	1.118145	0.851989
19.11583									0.593580536	1.167475	1.132965
19.17222									0.527627143	1.315465	0.507568
19.22861									0.417704822	1.430568	0.561951
19.285									0.219844643	1.381238	0.997009
19.34139									0.366407739	1.307243	0.63446
19.39778									0.241829107	1.414125	0.770416
19.45417									1.113879525	1.208583	1.477386
19.51056									0.586252382	1.14281	0.797607
19.56694									0.344423274	1.323687	0.679779
19.62333									0.615565001	0.978377	0.851989
19.67972									0.556939763	1.299022	0.897308
19.73611									0.586252382	1.134589	0.743225
19.7925									0.49098637	1.373017	0.471313
19.84889									0.710831013	1.060594	0.552887
19.90528									0.227172798	1.693661	0.670715
19.96167									0.271141727	1.356573	1.123901
20.01806									0.674190239	1.381238	0.879181
20.07444									0.732815477	1.43879	1.268921
20.13083									0.959988275	1.668996	0.888244
20.18722									0.47633006	1.619666	1.078582
20.24361									0.600908691	1.685439	1.187347
20.3									0.901363037	1.512785	0.589142
20.35639									0.754799941	1.299022	1.0242
20.41278									0.073281548	1.315465	0.924499
20.46917									0.578924227	1.315465	1.006073
20.52556									1.055254287	1.126367	0.543823
20.58194									0.64487762	1.24147	1.142028
20.63833									0.96731643	1.38946	0.598205
20.69472									0.556939763	1.43879	0.969818
20.75111									0.696174703	1.348352	1.060455
20.8075									0.512970834	1.504563	0.870117
20.86389									0.410376667	1.315465	0.833862
20.92028									0.703502858	1.381238	0.571014
20.97667									0.666862084	1.545671	1.051391
21.03306									0.740143632	1.266135	0.480377
21.08944									0.505642679	0.929047	0.95169
21.14583									0.78411256	1.257913	1.123901
21.20222									0.791440715	1.19214	1.042328
21.25861									0.718159168	0.929047	1.377685
21.315									0.81342518	1.151032	0.770416
21.37139									0.732815477	0.937269	1.123901
21.42778									0.175875714	1.159253	1.033264
21.48417									0.95266012	1.04415	0.815735
21.54056									0.542283453	0.961934	0.507568
21.59694									0.703502858	0.953712	0.870117
21.65333									0.447017441	0.822166	0.752289
21.70972									0.520298989	0.863274	1.051391
21.76611									0.974644584	1.003042	0.879181
21.8225									0.49098637	1.003042	1.051391
21.87889									0.520298989	0.978377	0.897308
21.93528									0.329766965	1.027707	0.398804
21.99167									1.363036787	0.813944	0.716034
22.04806									0.293126191	0.739949	1.232666
22.10444									0.732815477	0.846831	1.078582
22.16083									0.395720358	0.846831	0.915436
22.21722									0.315110655	0.830387	0.688843
22.27361									0.930675656	0.657732	0.879181
22.33									0.520298989	0.468634	0.525696
22.38639									0.564267917	0.485078	0.580078
22.44278									0.47633006	1.060594	0.444122
22.49917									0.381064048	0.641289	0.915436
22.55556									0.454345596	0.871496	0.960754
22.61194									0.63022131	0.797501	0.770416
22.66833									0.498314524	0.698841	0.851989
22.72472									0.615565001	0.156211	0.77948
22.78111									0.447017441	0.616624	1.087646
22.8375									0.520298989	0.616624	1.087646
22.89389									0.447017441	0.542629	1.16922
22.95028									0.461673751	0.822166	0.788543
23.00667									0.410376667	0.830387	0.997009
23.06306									0.718159168	0.633067	1.069519
23.11944									0.637549465	0.723506	0.480377
23.17583									0.271141727	0.468634	1.241729
23.23222									0.469001905	0.633067	0.797607
23.28861									0.586252382	0.698841	0.788543
23.345									0.923347501	0.567294	0.969818
23.40139									0.227172798	0.698841	0.906372
23.45778									0.49098637	0.698841	0.888244
23.51417									0.278469881	0.633067	0.77948
23.57056									0.549611608	0.443969	0.997009
23.62694									0.388392203	0.353531	0.897308
23.68333									0.622893156	0.476856	1.223602
23.73972									0.505642679	0.279536	1.042328
23.79611									0.96731643	0.353531	0.661651
23.8525									0.183203869	0.287758	0.842926
23.90889									0.425032977	0.501521	1.132965
23.96528									0.718159168	0.337088	0.924499
24.02167									0.410376667	0.460413	0.734161
24.07806									0.512970834	0.501521	0.770416
24.13444									0.469001905	0.443969	0.63446
24.19083									0.49098637	0.320645	0.806671
24.24722									0.359079584	0.715284	0.38974
24.30361									0.49098637	0.312423	0.435058
24.36									0.63022131	0.468634	0.797607
24.41639									0.219844643	0.846831	0.661651
24.47278									0.359079584	0.526186	0.534759
24.52917									0.608236846	0.435748	0.697906
24.58556									0.234500953	0.616624	0.516632
24.64194									0.197860179	0.411083	0.806671
24.69833									0	0.419304	0.679779
24.75472									0.483658215	0.526186	0.480377
24.81111									0.329766965	0.139768	0.46225
24.8675									0.139234941	0.337088	0.407867
24.92389									0.469001905	0.271315	0.806671
24.98028									0.359079584	0.386418	0.280975
25.03667									0.256485417	0.411083	0.453186
25.09306									0.3077825	0.213763	0.353485
25.14944									0.410376667	0.460413	0.253784
25.20583									0.036640774	0.460413	0.326294
25.26222									0.498314524	0.608403	0.290039
25.31861									0.461673751	0.189098	0.172211
25.375									0.337095119	0.608403	0.453186
25.43139									0.124578631	0.674176	0.407867
25.48778									0.124578631	0.443969	0.045319
25.54417									0.285798036	0.386418	0.018127
25.60056									0.227172798	0.616624	0.154083
25.65694									0.483658215	0.682397	0.425995
25.71333									0.432361131	0.567294	0.344421
25.76972									0.549611608	0.337088	0.172211
25.82611									0.864722263	0.698841	0.589142
25.8825									0.432361131	0.567294	0.643524
25.93889									0.725487322	0.164433	0.335358
25.99528									0.681518394	0.394639	0.507568
26.05167									0.505642679	0.476856	0.262848
26.10806									0.447017441	0.493299	0.398804
26.16444									0.534955298	0.378196	0.126892
26.22083									0.762128096	0.411083	0.797607
26.27722									0.395720358	0.600181	0.652588
26.33361									0.447017441	0.312423	0.489441
26.39									0.578924227	0.583738	0.090637
26.44639									0.886706727	0.254871	0.534759
26.50278									0.79876887	0.600181	0.344421
26.55917									1.172504763	0.665954	0.444122
26.61556									0.64487762	0.608403	0.435058
26.67194									0.652205775	0.419304	0.435058
26.72833									1.018613513	0.34531	0.561951
26.78472									0.930675656	0.608403	0.489441
26.84111									0.593580536	0.657732	0.444122
26.8975									0.754799941	0.485078	0.045319
26.95389									1.077238751	0.559073	0.444122
27.01028									0.857394108	0.517964	0.761352
27.06667									1.003957204	0.312423	0.416931
27.12306									1.282427085	0.427526	0.290039
27.17944									0.923347501	0.287758	0.181274
27.23583									0.974644584	0.402861	0.190338
27.29222									0.64487762	0.756392	0.290039
27.34861									1.025941668	0.616624	0.38974
27.405									0.791440715	0.698841	0.561951
27.46139									0.828081489	0.189098	0.625397
27.51778									1.084566906	0.879717	0.380676
27.57417									0.901363037	0.435748	0.444122
27.63056									0.703502858	1.052372	0.661651
27.68694									0.901363037	0.542629	0
27.74333									0.542283453	0.304201	0.498504
27.79972									0.564267917	0.674176	0.380676
27.85611									0.974644584	0.739949	0.154083
27.9125									0.652205775	0.723506	0.498504
27.96889									0.901363037	0.674176	0.425995
28.02528									0.681518394	0.600181	0.607269
28.08167									0.835409644	0.254871	0.045319
28.13806									0.96731643	0.526186	0.425995
28.19444									1.018613513	0.904382	0.70697
28.25083									0.696174703	0.526186	0.525696
28.30722									0.762128096	0.517964	0.344421
28.36361									0.916019346	0.707062	0.299103
28.42									1.047926132	0.485078	0.31723
28.47639									0.857394108	0.443969	0.489441
28.53278									0.710831013	0.34531	0.46225
28.58917									0.945331965	0.29598	0.444122
28.64556									0.710831013	0.616624	0.31723
28.70194									0.740143632	0.871496	0.425995
28.75833									1.040597977	0	0.190338
28.81472									1.231130001	0.378196	0.362549
28.87111									0.974644584	0.665954	0.38974
28.9275									0.894034882	0.781057	0.571014
28.98389									1.040597977	0.929047	0.688843
29.04028									1.150520299	0.369975	0.425995
29.09667									1.194489228	0.731727	1.123901
29.15306									1.304411549	0.526186	0.561951
29.20944									1.062582442	0.731727	0.398804
29.26583									1.12120768	0.476856	0.987945
29.32222									1.172504763	0.550851	0.453186
29.37861									1.040597977	0.649511	0.987945
29.435									0.96731643	0.361753	0.344421
29.49139									1.179832918	0.452191	0.824798
29.54778									1.025941668	0.929047	0.70697
29.60417									1.172504763	0.789279	0.697906
29.66056									1.150520299	0.583738	0.969818
29.71694									1.143192144	0.591959	0.679779
29.77333									1.113879525	0.591959	0.398804
29.82972									0.696174703	0.460413	0.734161
29.88611									1.333724168	0.600181	0.163147
29.9425									1.201817382	0.649511	0.879181
29.99889									0.857394108	0.887939	1.087646
30.05528									1.253114466	0.879717	0.797607
30.11167									0.857394108	0.846831	0.879181
30.16806									1.187161073	0.871496	0.752289
30.22444									1.172504763	1.035929	0.897308
30.28083									1.531584347	0.937269	1.051391
30.33722									1.524256192	0.961934	1.187347
30.39361									1.231130001	0.879717	0.743225
30.45									1.128535835	0.838609	0.752289
30.50639									1.421662026	0.846831	0.933563
30.56278									1.538912502	0.978377	0.480377
30.61917									1.333724168	1.068815	1.504577
30.67556									1.326396013	1.151032	0.598205
30.73194									1.436318335	0.929047	1.241729
30.78833									1.568225121	1.019485	0.842926
30.84472									1.304411549	0.953712	1.368621
30.90111									1.42899018	0.838609	1.423004
30.9575									1.42899018	1.077037	1.114837
31.01389									1.377693097	0.879717	1.196411
31.07028									1.773413454	0.723506	1.16922
31.12667									1.648834823	1.233248	1.359558
31.18306									1.810054228	1.43879	1.214538
31.23944									1.714788216	0.986599	1.314239
31.29583									1.934632859	1.060594	1.359558
31.35222									1.912648395	0.822166	1.586151
31.40861									1.722116371	1.323687	1.114837
31.465									1.795397919	1.414125	1.323303
31.52139									2.059211491	1.463455	1.314239
31.57778									1.216473692	1.183918	1.685852
31.63417									1.648834823	1.126367	0.969818
31.69056									1.648834823	1.348352	1.785552
31.74694									1.619522204	1.397681	1.631469
31.80333									1.971273633	1.381238	1.187347
31.85972									1.736772681	1.035929	1.513641
31.91611									1.465630954	0.920825	0.815735
31.9725									2.154477503	1.167475	1.277984
32.02889									1.802726074	1.274357	1.078582
32.08528									2.205774586	1.216805	1.350494
32.14167									1.648834823	1.060594	1.277984
32.19806									1.502271728	1.315465	0.960754
32.25444									2.301040598	1.126367	1.432067
32.31083									1.90532024	1.315465	0.598205
32.36722									1.91997655	0.904382	1.404876
32.42361									1.897992086	1.447011	1.613342
32.48									1.927304705	1.027707	1.350494
32.53639									1.861351312	1.200362	1.703979
32.59278									1.590209585	1.24147	1.459259
32.64917									1.927304705	1.364795	2.0484
32.70556									1.678147442	1.035929	1.205474
32.76194									1.692803752	1.562115	1.948699
32.81833									1.927304705	1.455233	1.80368
32.87472									1.407005716	1.167475	1.73117
32.93111									1.91997655	1.331908	1.694915
32.9875									1.692803752	1.2908	1.848998
33.04389									1.744100835	1.381238	2.012145
33.10028									2.044555181	1.455233	1.939636
33.15667									2.037227026	1.216805	1.912444
33.21306									1.795397919	1.693661	2.0484
33.26944									1.604865895	1.373017	2.039337
33.32583									1.560896966	1.668996	1.713043
33.38222									1.861351312	1.414125	2.003082
33.43861									2.044555181	1.734769	1.73117
33.495									2.586838634	1.430568	1.776489
33.55139									2.594166789	1.447011	2.356567
33.60778									2.630807563	1.216805	1.848998
33.66417									2.557526015	1.34013	1.640533
33.72056									2.733401729	1.504563	1.867126
33.77694									2.616151253	1.405903	1.785552
33.83333									2.462260003	1.512785	1.885253
33.88972									2.498900777	1.233248	1.65866
33.94611									2.484244467	1.381238	1.740234
34.0025									2.777370658	1.58678	1.830871
34.05889									2.945918218	1.718326	1.73117
34.11528									2.70408911	1.685439	1.48645
34.17167									2.777370658	1.200362	1.404876
34.22806									2.689432801	1.553893	1.450195
34.28444									2.557526015	1.734769	0.625397
34.34083									2.447603693	1.504563	1.015136
34.39722									2.814011432	1.63611	0.815735
34.45361									2.792026968	1.24147	0.616333
34.51									2.945918218	1.677218	0.697906
34.56639									2.748058039	1.48812	1.232666
34.62278									2.469588158	1.825208	0.815735
34.67917									2.960574527	1.718326	1.277984
34.73556									2.520885241	1.545671	1.368621
34.79194									2.755386194	2.228069	0.997009
34.84833									2.879964825	1.734769	0.987945
34.90472									3.099809468	1.751213	0.63446
34.96111									3.326982266	1.792321	0.670715
35.0175									3.290341492	2.030749	0.879181
35.13028									3.202403635	1.751213	1.069519
35.18667									3.099809468	1.652553	1.09671
35.24306									2.87263667	2.088301	0.997009
35.29944									3.121793932	2.170517	0.879181
35.35583									2.762714349	1.521006	0.933563
35.41222									3.224388099	2.178739	1.178283
35.46861									2.806683277	2.104744	1.296112
35.525									3.011871611	2.367837	1.549896
35.58139									2.87263667	2.080079	1.09671
35.63778									3.19507548	2.022527	1.423004
35.69417									3.136450242	2.499383	0.833862
35.75056									3.121793932	2.162295	1.549896
35.80694									3.217059944	2.170517	0.670715
35.86333									3.121793932	2.252734	1.441131
35.91972									3.129122087	1.964976	1.060455
35.97611									3.51751429	2.071857	1.268921
36.0325									3.20973179	2.655595	0.960754
36.08889									3.297669647	2.170517	1.323303
36.14528									3.334310421	2.18696	1.350494
36.20167									3.121793932	1.644331	0.915436
36.25806									3.239044409	2.310285	1.069519
36.31444									3.048512385	2.137631	1.667724
36.37083									2.960574527	2.598043	1.368621
36.42722									3.312325956	2.343172	1.513641
36.48361									3.033856075	2.071857	1.649597
36.54									3.297669647	2.302064	1.568023
36.59639									3.261028873	1.973197	1.368621
36.65278									2.975230837	2.219847	1.232666
36.70917									3.261028873	2.145852	1.821807
36.76556									3.752015243	2.080079	1.178283
36.82194									3.510186135	2.565157	1.042328
36.87833									3.158434706	2.376059	1.277984
36.93472									3.246372563	1.866316	1.622406
36.99111									3.107137623	2.507605	1.069519
37.0475									3.099809468	2.195182	1.468322
37.10389									3.224388099	2.096522	1.432067
37.16028									3.495529826	2.310285	1.404876
37.21667									3.627436611	2.400724	1.767425
37.27306									3.532170599	2.417167	1.350494
37.32944									3.458889052	2.129409	1.178283
37.38583									3.246372563	2.48294	1.785552
37.44222									3.173091016	2.48294	1.631469
37.49861									3.173091016	2.096522	1.549896
37.555									3.407591968	2.376059	1.568023
37.61139									3.436904587	2.28562	1.359558
37.66778									3.356294885	2.499383	1.649597
37.72417									3.847281255	2.211625	1.87619
37.78056									3.605452147	2.606265	1.631469
37.83694									3.612780302	2.318507	1.631469
37.89333									3.554155064	2.302064	1.776489
37.94972									3.429576433	2.170517	1.34143
38.00611									3.36362304	2.474718	1.758361
38.0625									3.546826909	2.441832	1.912444
38.11889									3.356294885	2.392502	1.966827
38.17528									3.50285798	2.515827	1.48645
38.23167									3.583467683	2.5816	1.305175
38.28806									3.239044409	2.441832	1.749298
38.34444									4.103766672	2.022527	1.350494
38.40083									3.642092921	2.318507	1.767425
38.45722									3.436904587	2.408945	1.577087
38.51361									3.51751429	2.524048	1.649597
38.57									3.708046314	2.491162	1.794616
38.62639									3.590795838	2.639152	1.830871
38.68278									3.642092921	2.400724	1.867126
38.73917									3.649421076	2.515827	1.703979
38.79556									3.781327862	2.088301	1.749298
38.85194									3.444232742	2.080079	1.848998
38.90833									3.971859886	2.515827	2.420013
38.96472									3.67140554	2.803585	1.522705
39.02111									3.99384435	2.721368	1.894317
39.0775									3.539498754	2.704925	1.640533
39.13389									3.803312326	2.556935	1.631469
39.19028									3.642092921	2.450053	1.749298
39.24667									3.700718159	2.861136	1.921508
39.30306									3.524842445	2.359615	1.767425
39.35944									3.964531731	2.844693	1.595214
39.41583									3.927890957	2.507605	1.975891
39.47222									4.00850066	2.672038	2.184356
39.52861									4.118422981	2.811806	2.111846
39.585									4.1477356	2.894023	2.075591
39.64139									3.583467683	2.425388	2.274993
39.69778									4.206360838	2.326729	1.830871
39.75417									3.854609409	2.721368	2.36563
39.81056									3.957203576	2.894023	2.175292
39.86694									4.389564708	2.622708	2.356567
39.92333									4.206360838	2.992683	2.302184
39.97972									4.30162685	2.762476	1.994018
40.03611									3.810640481	3.222889	2.429076
40.0925									3.854609409	2.787141	1.722106
40.14889									3.795984171	2.392502	2.175292
40.20528									4.045141433	2.959796	2.265929
40.26167									3.678733695	2.968018	1.939636
40.31806									3.957203576	2.926909	1.794616
40.37444									3.737358933	2.556935	2.465331
40.43083									3.832624945	2.844693	2.36563
40.48722									4.081782207	2.811806	1.975891
40.54361									3.678733695	2.754255	2.347503
40.6									3.876593874	2.959796	2.465331
40.65639									4.155063755	2.53227	2.247802
40.71278									4.081782207	2.746033	2.347503
40.76917									3.883922028	2.885801	1.821807
40.82556									3.649421076	2.754255	1.839935
40.88194									4.111094826	2.803585	1.867126
40.93833									3.847281255	2.836471	2.066528
40.99472									4.015828814	2.869358	2.447204
41.05111									3.898578338	2.458275	2.565032
41.1075									4.059797743	2.861136	2.148101
41.16389									4.1477356	3.025569	2.374694
41.22028									3.935219112	3.132451	2.247802
41.27667									3.861937564	3.190002	2.329376
41.33306									3.920562802	2.803585	2.075591
41.38944									3.971859886	2.762476	2.519714
41.44583									3.891250183	2.926909	2.574096
41.50222									4.235673457	2.713146	2.410949
41.55861									4.184376374	3.173559	2.429076
41.615									4.118422981	2.894023	2.211547
41.67139									3.971859886	2.589822	2.882262
41.72778									4.001172505	2.672038	2.846007
41.78417									4.133079291	2.894023	2.36563
41.84056									3.759343397	2.491162	2.528777
41.89694									4.433533636	2.885801	2.918517
41.95333									4.228345303	2.688481	2.673797
42.00972									4.140407445	2.614487	2.220611
42.06611									4.272314231	2.861136	2.58316
42.1225									4.528799648	3.000904	3.262938
42.17889									4.712003518	2.441832	2.764434
42.23528									4.580096732	2.803585	2.963836
42.29167									4.594753041	3.239332	3.317321
42.34806									4.858566613	2.852915	3.253875
42.40444									4.646050125	2.959796	2.963836
42.46083									4.763300601	3.124229	3.208556
42.51722									4.646050125	3.346214	2.764434
42.57361									4.565440422	2.770698	2.927581
42.63									4.594753041	3.083121	3.444213
42.68639									4.799941375	3.074899	2.818816
42.74278									4.477502565	3.305106	3.308257
42.79917									4.865894768	3.017348	3.181365
42.85556									4.528799648	2.918688	2.773498
42.91194									4.814597684	3.083121	2.991027
42.96833									4.418877327	2.87758	3.253875
43.02472									4.785285065	3.198224	3.317321
43.08111									4.587424886	2.869358	3.417022
43.1375									4.352923934	3.411987	3.652678
43.19389									5.159020959	3.148894	3.471404
43.25028									4.477502565	3.148894	3.507659
43.30667									5.005129708	3.337992	3.335448
43.36306									4.719331672	3.198224	3.398894
43.41944									4.550784113	3.181781	3.634551
43.47583									4.602081196	3.173559	3.317321
43.53222									4.528799648	3.157116	3.317321
43.58861									4.697347208	3.181781	3.163238
43.645									4.785285065	3.247554	3.208556
43.70139									4.763300601	3.337992	3.471404
43.75778									5.034442327	3.247554	3.661742
43.81417									4.506815184	3.436652	3.46234
43.87056									4.975817089	3.066678	3.843016
43.92694									5.10039572	3.387322	3.126983
43.98333									4.990473399	3.370879	3.516723
44.03972									5.107723875	3.305106	3.444213
44.09611									4.411549172	3.411987	3.625487
44.1525									4.96116078	3.255776	3.199492
44.20889									5.041770482	3.074899	3.498595
44.26528									4.887879232	3.346214	3.616423
44.32167									5.071083101	3.305106	3.824889
44.37806									4.755972446	3.346214	3.679869
44.43444									4.682690898	3.313327	3.716124
44.49083									4.616737505	3.453095	3.444213
44.54722									4.887879232	3.609307	3.725188
44.60361									4.448189946	3.62575	3.498595
44.66									4.924520006	3.436652	3.453277
44.71639									4.821925839	3.469539	3.634551
44.77278									4.865894768	3.510647	4.033354
44.82917									4.80726953	3.72441	3.643615
44.88556									4.975817089	3.601085	3.598296
44.94194									5.063754947	3.420209	3.697997
44.99833									5.232302506	3.296884	4.404967
45.05472									5.144364649	3.354436	3.788634
45.11111									5.012457863	3.749075	3.571105
45.1675									5.019786018	3.740853	4.450286
45.22389									4.770628756	3.8724	3.9971
45.28028									4.741316137	3.72441	3.906462
45.33667									5.181005423	3.52709	4.142119
45.39306									5.232302506	3.231111	3.915526
45.44944									5.129708339	3.559977	4.477477
45.50583									4.873222922	3.132451	3.797698
45.56222									4.917191851	3.535312	3.308257
45.61861									4.865894768	3.781962	4.096801
45.675									4.814597684	3.444874	3.806762
45.73139									5.093067566	3.403766	4.114928
45.78778									5.210318042	3.469539	3.625487
45.84417									4.851238458	3.461317	3.988036
45.90056									4.953832625	3.494204	4.006163
45.95694									5.078411256	3.444874	4.24182
46.01333									5.012457863	3.502425	4.332457
46.06972									4.887879232	3.658637	4.24182
46.12611									4.821925839	3.905287	4.214629
46.1825									4.77795691	3.239332	4.450286
46.23889									5.202989887	3.444874	4.432158
46.29528									5.166349113	3.551755	4.214629
46.35167									5.210318042	3.47776	4.196501
46.40806									5.488787923	3.633972	4.577178
46.46444									5.466803459	3.790183	4.414031
46.52083									5.151692804	3.987503	4.622496
46.57722									5.173677268	3.691523	4.006163
46.63361									5.298255899	3.691523	3.879271
46.69									5.723288876	3.62575	4.033354
46.74639									5.276271435	3.781962	4.142119
46.80278									5.701304412	3.543534	4.105864
46.85917									5.027114173	3.535312	4.595305
46.91556									5.298255899	3.617529	4.151183
46.97194									5.093067566	3.633972	4.24182
47.02833									5.342224828	4.003946	3.725188
47.08472									5.071083101	3.979281	3.770507
47.14111									5.378865602	3.905287	4.477477
47.1975									5.628022864	3.938173	4.078673
47.25389									5.327568518	3.798405	4.060546
47.31028									5.371537447	3.765518	4.994109
47.36667									5.452147149	3.716188	4.223693
47.42306									5.290927744	3.707967	4.577178
47.47944									5.364209292	4.316369	4.060546
47.53583									5.6060384	4.06972	4.187438
47.59222									5.349552983	3.749075	4.513732
47.64861									5.708632566	3.707967	4.386839
47.705									5.137036494	4.234153	4.740324
47.76139									5.320240363	3.716188	4.667815
47.81778									5.503444233	4.184823	4.341521
47.87417									5.43749084	4.086163	4.63156
47.93056									5.796570424	3.864178	4.423094
47.98694									5.393521911	3.987503	4.278075
48.04333									5.122380185	3.420209	4.803771
48.09972									5.635351019	3.855957	4.423094
48.15611									5.42283453	3.897065	4.477477
48.2125									5.518100542	4.160158	4.522795
48.26889									6.045727686	4.012168	4.504668
48.32528									5.400850066	4.02039	4.604369
48.38167									5.613366554	4.16838	4.966917
48.43806									5.554741316	3.962838	4.368712
48.49444									5.532756852	4.077941	4.803771
48.55083									5.42283453	3.658637	4.840025
48.60722									5.444818995	4.225931	4.740324
48.66361									5.877180126	4.012168	4.667815
48.72									5.693976257	3.617529	4.640624
48.77639									5.430162685	4.431472	4.63156
48.83278									5.503444233	4.275261	4.966917
48.88917									5.715960721	3.97106	4.586241
48.94556									5.371537447	3.888843	4.513732
49.00194									5.408178221	4.036833	4.894408
49.05833									6.104352924	4.028611	4.649687
49.11472									5.613366554	3.749075	5.184447
49.17111									6.294884948	3.757297	4.740324
49.2275									5.979774293	4.151936	4.939726
49.28389									5.327568518	4.102606	5.510741
49.34028									6.016415067	4.267039	5.26602
49.39667									5.708632566	4.160158	4.885344
49.45306									5.261615125	4.324591	4.994109
49.50944									5.994430602	4.217709	4.713133
49.56583									5.701304412	4.036833	5.247893
49.62222									5.818554888	4.086163	4.722197
49.67861									5.906492745	4.16838	5.220702
49.735									6.2216034	3.954616	4.604369
49.79139									5.540085007	3.979281	4.667815
49.84778									5.987102448	4.086163	4.966917
49.90417									5.774585959	4.275261	5.139128
49.96056									5.723288876	4.505467	4.966917
50.01694									5.650007328	3.987503	4.966917
50.07333									5.664663638	4.349256	5.093809
50.12972									5.921149055	4.431472	5.492613
50.18611									6.258244174	4.308148	4.939726
50.2425									6.199618936	4.456137	5.275084
50.29889									5.833211197	4.439694	4.957854
50.35528									5.906492745	4.16838	5.41104
50.41167									6.148321853	4.225931	5.383848
50.46806									6.016415067	4.415029	5.519804
50.52444									5.635351019	4.480802	5.438231
50.58083									5.840539352	4.217709	5.311339
50.63722									5.891836436	4.349256	4.840025
50.69361									5.891836436	4.110828	5.003172
50.75									5.987102448	4.086163	5.646696
50.80639									5.767257804	4.291704	5.447294
50.86278									5.972446138	4.275261	5.139128
50.91917									6.119009233	4.193044	5.329466
50.97556									6.324197567	4.028611	5.175383
51.03194									6.133665543	4.324591	5.90048
51.08833									5.877180126	4.801447	5.293211
51.14472									5.928477209	4.447916	5.284148
51.20111									6.272900484	4.061498	4.94879
51.2575									5.789242269	4.571241	5.537932
51.31389									6.2216034	4.077941	5.003172
51.37028									6.250916019	4.094385	5.918608
51.42667									5.796570424	4.299926	5.719206
51.48306									5.987102448	4.184823	5.574187
51.53944									6.338853877	3.954616	5.510741
51.59583									6.016415067	4.217709	5.782652
51.65222									5.891836436	4.316369	5.302275
51.70861									6.419463579	4.135493	5.692015
51.765									5.877180126	4.291704	5.528868
51.82139									6.316869412	4.530132	5.764525
51.87778									5.943133519	4.242374	6.036436
51.93417									6.228931555	4.645236	5.701079
51.99056									5.972446138	4.604127	5.510741
52.04694									6.075040305	4.579462	5.673887
52.10333									5.935805364	4.546576	5.782652
52.15972									6.668620841	3.946395	5.601378
52.21611									6.206947091	4.209488	5.818907
52.2725									6.075040305	4.801447	5.374785
52.32889									6.111681079	4.324591	5.719206
52.38528									5.935805364	3.905287	6.000181
52.44167									6.536714055	4.250596	5.637633
52.49806									6.075040305	4.299926	5.773588
52.55444									6.031071376	4.497246	5.574187
52.61083									6.243587865	4.061498	5.90048
52.66722									6.382822805	4.127271	5.592314
52.72361									6.214275245	4.571241	5.927672
52.78									6.514729591	4.620571	5.90048
52.83639									6.089696614	4.480802	8.048582
52.89278									6.053055841	4.620571	7.84918
52.94917									6.23625971	4.702787	8.23892
53.00556									6.23625971	4.563019	8.084836
53.06194									6.412135424	4.579462	7.713224
53.11833									6.448776198	4.365699	7.821989
53.17472									6.192290781	4.694565	8.275174
53.23111									6.412135424	4.472581	8.202665
53.2875									6.309541258	4.250596	7.77667
53.34389									6.016415067	4.439694	8.202665
53.40028									6.419463579	4.595906	7.831052
53.45667									6.097024769	4.785004	8.302366
53.51306									6.40480727	4.225931	7.767606
53.56944									6.382822805	4.497246	7.586332
53.62583									6.668620841	4.431472	8.175474
53.68222									6.71258977	4.521911	7.676969
53.73861									6.727246079	4.382143	8.492704
53.795									6.40480727	4.776782	8.383939
53.85139									6.485416972	4.620571	7.577268
53.90778									6.111681079	4.480802	8.247983
53.96417									6.199618936	4.472581	7.794797
54.02056									6.426791734	5.056318	8.066709
54.07694									6.37549465	4.875442	8.275174
54.13333									6.331525722	4.390364	8.211728
54.18972									6.478088817	4.776782	8.474576
54.24611									6.456104353	4.702787	8.365812
54.3025									6.37549465	4.735674	8.338621
54.35889									6.947090723	5.080983	8.130155
54.41528									6.360838341	4.595906	8.528959
54.47167									6.522057746	5.031653	8.220792
54.52806									6.441448043	4.974102	8.157346
54.58444									6.23625971	4.702787	8.420194
54.64083									6.302213103	5.080983	8.374875
54.69722									6.514729591	4.941215	8.0939
54.75361									6.522057746	4.76856	8.710233
54.81									6.551370365	5.006988	8.438321
54.86639									6.492745127	4.86722	8.48364
54.92278									6.382822805	4.776782	8.846189
54.97917									6.37549465	5.171422	8.365812
55.03556									6.617323758	4.76856	8.492704
55.09194									6.807855782	5.06454	8.80087
55.14833									6.961747032	4.974102	8.402067
55.20472									6.646636377	4.924772	8.23892
55.26111									6.675948996	5.01521	8.356748
55.3175									6.617323758	5.01521	8.710233
55.37389									6.016415067	4.850777	8.72836
55.43028									6.368166496	5.319411	9.081845
55.48667									6.573354829	5.056318	8.266111
55.54306									6.873809175	5.11387	8.828061
55.59944									6.492745127	5.204308	8.80087
55.65583									6.815183937	4.883664	9.145291
55.71222									6.917778103	4.776782	8.583341
55.76861									7.078997508	5.072762	9.099973
55.825									6.888465484	5.270081	9.090909
55.88139									6.961747032	5.006988	9.072782
55.93778									6.661292687	5.056318	9.235929
55.99417									6.617323758	4.949437	8.646787
56.05056									6.456104353	4.891885	8.664914
56.10694									6.434119889	5.138535	8.646787
56.16333									6.785871318	5.179643	8.882444
56.21972									6.947090723	5.179643	8.619596
56.27611									6.800527627	5.039875	8.501767
56.3325									6.331525722	4.883664	9.127164
